name_a,name_b,score,ortho_sim,phon_sim,manual_review_ok
clindacin,clindamycin,0.8948,0.8182,0.9714,
Nafro A plm,Nafro A plus,0.8944,0.8333,0.9556,
Toradolin,trodolin,0.8889,0.7778,1.0000,
Calboral D,Calborul-D,0.8857,0.8000,0.9714,
Carulcal D,Corulcal-D,0.8857,0.8000,0.9714,
coral cal,coral cal d,0.8841,0.8182,0.9500,
Coralcal,Coralcalry,0.8833,0.8000,0.9667,
Cetinol forte,Ratinol Forte,0.8814,0.8462,0.9167,
TRD Coutine,TRD Couture,0.8805,0.8182,0.9429,
Dophylin,Dophyllinc,0.8800,0.8000,0.9600,
halconl Dx,hallornl Dx,0.8795,0.8182,0.9407,
Aristovil-B,Aristovit -B,0.8774,0.8333,0.9214,
Caficid,Cowficid,0.8750,0.7500,1.0000,
Geotrenol,Gestirenol,0.8750,0.8000,0.9500,
Maxsulin,Maxsulin R,0.8750,0.8000,0.9500,
Fluclox,Flucloxin,0.8746,0.7778,0.9714,
cap. Fzsprazo,Cap.Fusprazo,0.8744,0.8462,0.9026,
Ceftadixime,ceftazidime,0.8730,0.8182,0.9278,
Calboral,Calboral D,0.8714,0.8000,0.9429,
Zymat Pro,Zymetpro,0.8694,0.7778,0.9611,
Meropen,Meropenem,0.8689,0.7778,0.9600,
Kallonl Dx,Kalorl Dx,0.8667,0.8000,0.9333,
Kindial-D,kindical D,0.8667,0.8000,0.9333,
telcard,Telmicard,0.8667,0.7778,0.9556,
cap. Esprazo,cap. Fzsprazo,0.8659,0.8462,0.8856,
cap. Esprazo,Cap.Fusprazo,0.8643,0.8333,0.8952,
Rafino Forte,Ratinol Forte,0.8641,0.8462,0.8821,
Neurobest,Neurocet,0.8622,0.7778,0.9467,
halconl Dx,Kallonl Dx,0.8606,0.8000,0.9213,
Indever,Indever f,0.8603,0.7778,0.9429,
Cor algen-D,Coragen-D,0.8591,0.8182,0.9000,
Naprosin Plus,Naprox plus,0.8587,0.7692,0.9481,
Exium Mups,Nexum Mups,0.8583,0.8000,0.9167,
Valex CR,Valic CR,0.8583,0.7500,0.9667,
Bildent,Biltant,0.8571,0.7143,1.0000,
Bisoren,Bizoran,0.8571,0.7143,1.0000,
clarin,Glarine,0.8571,0.7143,1.0000,
Hastaol,Histal,0.8571,0.7143,1.0000,
Hastaol,Histol,0.8571,0.7143,1.0000,
lufilox,Lwfilex,0.8571,0.7143,1.0000,
Priten,protein,0.8571,0.7143,1.0000,
Profen,Purifen,0.8571,0.7143,1.0000,
ratnol,Retinol,0.8571,0.7143,1.0000,
Regler,Regular,0.8571,0.7143,1.0000,
Revatol,Revital,0.8571,0.7143,1.0000,
Secrin,Sekorin,0.8571,0.7143,1.0000,
Timptin,Tmiptin,0.8571,0.7143,1.0000,
pel. Desolan,Peli. Derolon,0.8560,0.7692,0.9429,
Napronex,Naproxen,0.8556,0.7500,0.9611,
calcor,Calcor-D,0.8550,0.7500,0.9600,
Nalbun,Nalbun-Z,0.8550,0.7500,0.9600,
BRON WASFI,Bron Wash,0.8548,0.8000,0.9095,
Profinex,Pronex,0.8528,0.7500,0.9556,
Cap. Foldin,cap. Folzim,0.8519,0.8182,0.8857,
Normal,normanal,0.8517,0.7500,0.9533,
hallornl Dx,Kallonl Dx,0.8512,0.8182,0.8843,
Microgest,Microsegt,0.8500,0.7778,0.9222,
Naproxen,Neuroxen,0.8500,0.7500,0.9500,
Scluprud,Solupred,0.8500,0.7500,0.9500,
Aristovit,Aristovit -B,0.8500,0.7500,0.9500,
coral cal,Coraleal,0.8500,0.7778,0.9222,
Calboral Dx,Kalorl Dx,0.8488,0.7273,0.9704,
Purisal,Purtisol,0.8483,0.7500,0.9467,
Maxrin,Maxrin D,0.8464,0.7500,0.9429,
Caficid,Comficid,0.8450,0.7500,0.9400,
Canficid,Cowficid,0.8450,0.7500,0.9400,
Fuclav,Furoclav,0.8450,0.7500,0.9400,
ratinol,rectinol,0.8450,0.7500,0.9400,
Roclav,Rofuclav,0.8450,0.7500,0.9400,
Zymat Pro,Zymef Pro,0.8444,0.7778,0.9111,
Montene,Montinex,0.8417,0.7500,0.9333,
Neopem,Neopenem,0.8417,0.7500,0.9333,
Spilac,Spilac F,0.8417,0.7500,0.9333,
Fuclav,Rofuclav,0.8417,0.7500,0.9333,
Furoclav,Roclav,0.8417,0.7500,0.9333,
collagen-d,Coragen-D,0.8400,0.8000,0.8800,
Geotoenol,Gestrenol,0.8389,0.7778,0.9000,
Max Pro,Mexpro,0.8377,0.7143,0.9611,
Biltant,Biltin,0.8371,0.7143,0.9600,
Deslong,Desolon,0.8371,0.7143,0.9600,
dulox,Duloxen,0.8371,0.7143,0.9600,
Fenix,Fenix-V,0.8371,0.7143,0.9600,
Trypt,Tryptim,0.8371,0.7143,0.9600,
Trypt,Tryptin,0.8371,0.7143,0.9600,
Neruopex,Nervoprx,0.8369,0.7500,0.9238,
Tab. Etorx,Tb. Torax,0.8354,0.7000,0.9708,
Clavusef,Clavusef sw,0.8351,0.7273,0.9429,
voltalin,Voltalin -D,0.8351,0.7273,0.9429,
Cefaxine,Cefixime,0.8350,0.7500,0.9200,
figfimef,vigfimet,0.8350,0.7500,0.9200,
Montelm,montelon,0.8350,0.7500,0.9200,
normanal,Normant,0.8350,0.7500,0.9200,
relenten,relentus,0.8350,0.7500,0.9200,
Kallonl Dx,lullonl Dx,0.8345,0.8000,0.8690,
coral cal d,Corulcal-D,0.8345,0.7273,0.9417,
Bilax,Biloxe,0.8333,0.6667,1.0000,
D-cop,docopa,0.8333,0.6667,1.0000,
Deixil,Dexila,0.8333,0.6667,1.0000,
Deixl,Deuxil,0.8333,0.6667,1.0000,
Deuxil,Dexila,0.8333,0.6667,1.0000,
Esmax,esomix,0.8333,0.6667,1.0000,
Rosuva,rosv,0.8333,0.6667,1.0000,
rosv,roswva,0.8333,0.6667,1.0000,
vergun,verqon,0.8333,0.6667,1.0000,
Calboral,Calborul-D,0.8333,0.7000,0.9667,
cefotil plus,Furotil Plus,0.8333,0.7500,0.9167,
Coralcal,Corulcal-D,0.8333,0.7000,0.9667,
Tab. Calbo,Tab. Galoa,0.8333,0.7000,0.9667,
Carulcal D,coral cal d,0.8324,0.7273,0.9375,
lnfilax,lufilox,0.8321,0.7143,0.9500,
lnfilax,Lwfilex,0.8321,0.7143,0.9500,
Cora DX,coral-dx,0.8306,0.7500,0.9111,
Tab. Neuro-B,Tab.Neuro,0.8306,0.7500,0.9111,
Anlin,Ansulin,0.8305,0.7143,0.9467,
Rausiflex Plus,Resitfex plus,0.8305,0.7143,0.9467,
Toramax,Torax,0.8305,0.7143,0.9467,
Toramex,Torax,0.8305,0.7143,0.9467,
Toramex,Torex,0.8305,0.7143,0.9467,
Calboral Dx,Calborul-D,0.8303,0.7273,0.9333,
Phylopen,Phylopen-Ds,0.8303,0.7273,0.9333,
Arth An,Arth ATS,0.8298,0.7500,0.9095,
Napa Extend,Napa extra,0.8289,0.7273,0.9306,
Tomdolin,Toradolin,0.8289,0.7778,0.8800,
Albumin,albutein,0.8283,0.7500,0.9067,
Microcef,microges,0.8283,0.7500,0.9067,
Nitro-SR,Nitrofur,0.8283,0.7500,0.9067,
Relenfn,relenten,0.8283,0.7500,0.9067,
Domin,Dominos,0.8280,0.7143,0.9417,
Faropew,Farpev,0.8280,0.7143,0.9417,
Faropew,Feropen,0.8280,0.7143,0.9417,
sckoria,Sekorin,0.8280,0.7143,0.9417,
Cefixime,Cefuroxime,0.8278,0.7000,0.9556,
Deixl,Denixil,0.8271,0.7143,0.9400,
Deixl,Devixil,0.8271,0.7143,0.9400,
Denixil,Deuxil,0.8271,0.7143,0.9400,
Deuxil,Devixil,0.8271,0.7143,0.9400,
Rofixim,Roxim,0.8271,0.7143,0.9400,
Cefixime,Ceftadixime,0.8255,0.7273,0.9238,
Nexe-mups,Nexum Mups,0.8250,0.7000,0.9500,
Rasiflex,Rodiflex,0.8250,0.7500,0.9000,
anustat,Nystat,0.8238,0.7143,0.9333,
Bilon,Bilozin,0.8238,0.7143,0.9333,
Cef-B,Cefin-B,0.8238,0.7143,0.9333,
emi-xit,Mixit,0.8238,0.7143,0.9333,
Fixal,fixalrt,0.8238,0.7143,0.9333,
Fluelox,Lelox,0.8238,0.7143,0.9333,
Rupadin,RUPIN,0.8238,0.7143,0.9333,
Gavitfep,Gavitfx,0.8217,0.7500,0.8933,
Calboral,Kalcoral,0.8217,0.7500,0.8933,
figfimef,viglimef,0.8217,0.7500,0.8933,
Fimoxyclav,Fimoxyl,0.8214,0.7000,0.9429,
radiflex,Ravliflex,0.8210,0.7778,0.8643,
Rasiflex,Ravliflex,0.8210,0.7778,0.8643,
Maxsulin R,Maxuline-R,0.8208,0.7000,0.9417,
Neurolin,Neurolin CR,0.8208,0.7273,0.9143,
coral cal d,Coralcal,0.8199,0.7273,0.9125,
mecol,Mesacol,0.8196,0.7143,0.9250,
ROlac,Rotalac,0.8196,0.7143,0.9250,
Calboral,Calboral Dx,0.8192,0.7273,0.9111,
Aristovil-B,Aristovit,0.8184,0.7273,0.9095,
Combicid,Comlricid,0.8178,0.7778,0.8578,
Comficid,Comlricid,0.8178,0.7778,0.8578,
Zymef Pro,Zymetpro,0.8178,0.7778,0.8578,
Delfraf,Delfroz,0.8171,0.7143,0.9200,
Delfraf,Delfrz,0.8171,0.7143,0.9200,
Dexnaat,Dexnaof,0.8171,0.7143,0.9200,
Inderal,Inderen,0.8171,0.7143,0.9200,
Triptin,Tryptim,0.8171,0.7143,0.9200,
Coralcalry,Corulcal-D,0.8167,0.7000,0.9333,
Detfacavt,Detfacf,0.8167,0.6667,0.9667,
G-pethidne,Pethidine,0.8167,0.7000,0.9333,
Tab. cifotil,Tab. cifotil plus,0.8166,0.7059,0.9273,
coral,Decoral,0.8155,0.7143,0.9167,
Desolon,Solon,0.8155,0.7143,0.9167,
Canficid,Comficid,0.8150,0.7500,0.8800,
Cetaclav,Cifaclav,0.8150,0.7500,0.8800,
Tomdolin,trodolin,0.8150,0.7500,0.8800,
Napronex,Pronex,0.8139,0.7500,0.8778,
Algend,Algin,0.8133,0.6667,0.9600,
Axim,Aximcy,0.8133,0.6667,0.9600,
etorac,Etorix,0.8133,0.6667,0.9600,
Traxy,Troxyf,0.8133,0.6667,0.9600,
Amlocal,Amlrocaf,0.8128,0.7500,0.8756,
Calbo-D,Calborul-D,0.8111,0.7000,0.9222,
coral cal,Coralcalry,0.8111,0.7000,0.9222,
Coralcalry,Coraleal,0.8111,0.7000,0.9222,
Microgest,Microgurt,0.8111,0.7778,0.8444,
Delfmz,Delfroz,0.8105,0.7143,0.9067,
Inderen,Indever,0.8105,0.7143,0.9067,
Lubilay,Lubilex,0.8105,0.7143,0.9067,
Lubilay,Lubilox,0.8105,0.7143,0.9067,
Emazid,Emezrd,0.8100,0.6667,0.9533,
Fixal,Fixcel,0.8100,0.6667,0.9533,
Fixal,Fixgul,0.8100,0.6667,0.9533,
Bactrosin,Bartrocin,0.8089,0.7778,0.8400,
Cafixim,Cefixime,0.8083,0.7500,0.8667,
Cefaclav,Kefuclav,0.8083,0.7500,0.8667,
halcorl,Kalcoral,0.8083,0.7500,0.8667,
hepamore,Hepanor,0.8083,0.7500,0.8667,
Kefuclav,Rofuclav,0.8083,0.7500,0.8667,
novotril,Rivotril,0.8083,0.7500,0.8667,
Ubi Core,vbi care,0.8083,0.7500,0.8667,
collagen-d,Cor algen-D,0.8074,0.7273,0.8875,
Fexit,Frenxit,0.8071,0.7143,0.9000,
Fusil Plm,Wfolil plm,0.8071,0.7000,0.9143,
Nenvopex,Nervoprx,0.8071,0.7500,0.8643,
alafix,alix,0.8067,0.6667,0.9467,
Flubex,Flux,0.8067,0.6667,0.9467,
hallornl Dx,Kalorl Dx,0.8058,0.7273,0.8843,
Coragu-D,Coralgue D,0.8056,0.7000,0.9111,
Indever f,Indiver,0.8048,0.6667,0.9429,
Indever f,Indover,0.8048,0.6667,0.9429,
Cinamycin,clindamycin,0.8043,0.8182,0.7905,
Atoz,Atozen,0.8042,0.6667,0.9417,
Avolac,avolu,0.8042,0.6667,0.9417,
D-cop,Docopc,0.8042,0.6667,0.9417,
Dexa,Dexila,0.8042,0.6667,0.9417,
Geotoenol,Geoton,0.8042,0.6667,0.9417,
napro,Napryn,0.8042,0.6667,0.9417,
Reset,Rosetn,0.8042,0.6667,0.9417,
Delfraf,Delfrnz,0.8038,0.7143,0.8933,
Doximax,Doximev,0.8038,0.7143,0.8933,
Indevex,Indiver,0.8038,0.7143,0.8933,
Indevex,Indover,0.8038,0.7143,0.8933,
Alatrol,Alolrol,0.8038,0.7143,0.8933,
Bilan,Biltant,0.8038,0.7143,0.8933,
Libidex,Lubilex,0.8038,0.7143,0.8933,
Monas,monfast,0.8038,0.7143,0.8933,
Rivarox,Rivyox,0.8038,0.7143,0.8933,
Afix,alafix,0.8033,0.6667,0.9400,
V-plex,Valex,0.8033,0.6667,0.9400,
Demoxiclav,Fimoxyclav,0.8024,0.7000,0.9048,
Coragen-D,Coragu-D,0.8022,0.7778,0.8267,
coral cal d,Coralcalry,0.8004,0.7273,0.8736,
?icrogent,Microgest,0.8000,0.7778,0.8222,
A-Flux,Flux,0.8000,0.6667,0.9333,
Bilan,Biltin,0.8000,0.6667,0.9333,
Bilau,Billi,0.8000,0.6000,1.0000,
Bilon,Biltin,0.8000,0.6667,0.9333,
Calbon,Callin,0.8000,0.6667,0.9333,
Drexy,Traxy,0.8000,0.6000,1.0000,
Etorix,Torax,0.8000,0.6667,0.9333,
Etorix,Torex,0.8000,0.6667,0.9333,
Fleme max,flemex,0.8000,0.6667,0.9333,
Flexi,Flux,0.8000,0.6000,1.0000,
Flux,Fylox,0.8000,0.6000,1.0000,
Fuclav,Kefuclav,0.8000,0.7500,0.8500,
Furoclav,turboclav,0.8000,0.7778,0.8222,
Katomor,Lactomore,0.8000,0.6667,0.9333,
N-Max,Unomax,0.8000,0.6667,0.9333,
Neemoxew,Neuvoxew,0.8000,0.7500,0.8500,
Neemoxew,Newoxew,0.8000,0.7500,0.8500,
Neugalin,Neurolin,0.8000,0.7500,0.8500,
Neuvoxew,Newoxew,0.8000,0.7500,0.8500,
Ralee,Rolae,0.8000,0.6000,1.0000,
rbc,Robac,0.8000,0.6000,1.0000,
Syrup,zerup,0.8000,0.6000,1.0000,
Torax,Traxy,0.8000,0.6000,1.0000,
Geotoenol,Gestirenol,0.8000,0.7000,0.9000,
Flucloxacillin,Flucloxin,0.7992,0.6429,0.9556,
Calbo-D,Calbon,0.7988,0.7143,0.8833,
faropen,Farpev,0.7988,0.7143,0.8833,
linatab,Linatin,0.7988,0.7143,0.8833,
m-lucas,Malucan,0.7988,0.7143,0.8833,
Maxima,Maxirra,0.7988,0.7143,0.8833,
Adora,amdoral,0.7971,0.7143,0.8800,
latilax,Lubilax,0.7971,0.7143,0.8800,
Lubilax,lufilox,0.7971,0.7143,0.8800,
Lubilex,lufilox,0.7971,0.7143,0.8800,
Lubilex,lutilax,0.7971,0.7143,0.8800,
Lubilex,Lwfilex,0.7971,0.7143,0.8800,
Lubilox,lutilax,0.7971,0.7143,0.8800,
lufilox,lutilax,0.7971,0.7143,0.8800,
Timptin,Triptin,0.7971,0.7143,0.8800,
Timptin,Tryptin,0.7971,0.7143,0.8800,
Tmiptin,Tryptin,0.7971,0.7143,0.8800,
Cefixime,Cefuroximee,0.7960,0.6364,0.9556,
Fixcef Plus,Fxsid Plus,0.7960,0.6364,0.9556,
Analac,Auolac,0.7958,0.6667,0.9250,
geolan,Gerlon,0.7958,0.6667,0.9250,
geolan,Geslon,0.7958,0.6667,0.9250,
Geoton,Gestin,0.7958,0.6667,0.9250,
Ocef,Oricef,0.7958,0.6667,0.9250,
Lubilax,lulrilax,0.7950,0.7500,0.8400,
lulrilax,lutilax,0.7950,0.7500,0.8400,
Nenvopex,Neruopex,0.7950,0.7500,0.8400,
Delfmz,Delfrnz,0.7949,0.7143,0.8756,
Delfnj,Delfrnz,0.7949,0.7143,0.8756,
Delfroz,Delfxz,0.7949,0.7143,0.8756,
Doxicap,Doximax,0.7949,0.7143,0.8756,
Microgurt,Microsegt,0.7944,0.6667,0.9222,
Axim CV,Aximcy,0.7943,0.7143,0.8743,
dextac,Dexter,0.7933,0.6667,0.9200,
Dextal,Dexter,0.7933,0.6667,0.9200,
Traxyl,Troxyf,0.7933,0.6667,0.9200,
Maxsulin,moxilin,0.7931,0.6250,0.9611,
Naporx,Napronex,0.7931,0.6250,0.9611,
calcor,Kalcoral,0.7925,0.6250,0.9600,
coral-dx,Coralex DX,0.7917,0.7000,0.8833,
Frulac,ROlac,0.7917,0.6667,0.9167,
Reset,uriset,0.7917,0.6667,0.9167,
Merthomol,Metaomol,0.7914,0.7778,0.8050,
Bilfast,Telfast,0.7905,0.7143,0.8667,
Bilozin,Biltin,0.7905,0.7143,0.8667,
Bisnen,Bisoren,0.7905,0.7143,0.8667,
Cafixim,Rofixim,0.7905,0.7143,0.8667,
calcor,Calcor-Dx,0.7905,0.6667,0.9143,
cefazid,Cefrid,0.7905,0.7143,0.8667,
Cefixim,Rofixim,0.7905,0.7143,0.8667,
criptin,Tryptin,0.7905,0.7143,0.8667,
Endever,Indiver,0.7905,0.7143,0.8667,
Endever,Indover,0.7905,0.7143,0.8667,
glanine,Glasin,0.7905,0.7143,0.8667,
Glarine,Glasin,0.7905,0.7143,0.8667,
hulilax,Lubilax,0.7905,0.7143,0.8667,
hulilax,lutilax,0.7905,0.7143,0.8667,
hutilax,latilax,0.7905,0.7143,0.8667,
Namefan,Nameton,0.7905,0.7143,0.8667,
Priten,Purifen,0.7905,0.7143,0.8667,
Profen,protein,0.7905,0.7143,0.8667,
Triolon,Trizon,0.7905,0.7143,0.8667,
Vonacab,Vonorab,0.7905,0.7143,0.8667,
Naproxen,Napxon,0.7903,0.6250,0.9556,
Ceftriaxone,Ceftron,0.7896,0.6364,0.9429,
Calboral Dx,hallornl Dx,0.7896,0.7273,0.8519,
Escilex,Exlilex,0.7893,0.7143,0.8643,
Alben,albutein,0.7892,0.6250,0.9533,
Bredicon,Brodin,0.7892,0.6250,0.9533,
Indooref,Indover,0.7892,0.6250,0.9533,
montelon,Montene,0.7892,0.6250,0.9533,
Rosu,Rosuva,0.7889,0.6667,0.9111,
cabergol,cabetool,0.7883,0.7500,0.8267,
Calbo-D,Calcor-D,0.7883,0.7500,0.8267,
Neurocet,Neuroxen,0.7883,0.7500,0.8267,
Neurolin,Neuroxen,0.7883,0.7500,0.8267,
novonil,novotril,0.7883,0.7500,0.8267,
Radifil,Raditril,0.7883,0.7500,0.8267,
Tab. Calbo,Tab. clacido,0.7881,0.6667,0.9095,
Tab. Neobean,Tab. Normen,0.7881,0.6667,0.9095,
Nafro A plus,Neuro A Plw Sw,0.7881,0.6429,0.9333,
Microcef,Microgcofi,0.7878,0.7000,0.8756,
deflaxen,Duloxen,0.7875,0.6250,0.9500,
Dexa,dextac,0.7867,0.6667,0.9067,
Dexa,Dextal,0.7867,0.6667,0.9067,
Dexlor,Dexter,0.7867,0.6667,0.9067,
Fixcel,Fixgul,0.7867,0.6667,0.9067,
Naporx,napro,0.7867,0.6667,0.9067,
xinc,xinc B,0.7867,0.6667,0.9067,
Flexinor,Hexinor,0.7861,0.7500,0.8222,
hulilax,lulrilax,0.7861,0.7500,0.8222,
Escolex,Eslilex,0.7860,0.7143,0.8578,
filmef,vildamef,0.7858,0.6250,0.9467,
Flemorif,flurif,0.7858,0.6250,0.9467,
normanal,Nurnal,0.7858,0.6250,0.9467,
Reconil,rectinol,0.7858,0.6250,0.9467,
Triolon,trodolin,0.7858,0.6250,0.9467,
clexane,Glyxan,0.7857,0.5714,1.0000,
Derolon,Triolon,0.7857,0.5714,1.0000,
Peridon,Priten,0.7857,0.5714,1.0000,
ratinol,Ruotinl,0.7857,0.5714,1.0000,
Retinol,Ruotinl,0.7857,0.5714,1.0000,
Reef-Dx,Reefcal-Dx,0.7852,0.7000,0.8705,
Ubi Core,ubicore E,0.7844,0.6667,0.9022,
Salost,Salost Dx,0.7833,0.6667,0.9000,
coral,Coraleal,0.7833,0.6250,0.9417,
acron,Allcaron,0.7825,0.6250,0.9400,
Colistin,Costan,0.7825,0.6250,0.9400,
Fatisol,Fentizol,0.7825,0.6250,0.9400,
filmef,viglimef,0.7825,0.6250,0.9400,
Filmet,viglimet,0.7825,0.6250,0.9400,
ratnol,rectinol,0.7825,0.6250,0.9400,
rectinol,Ruotinl,0.7825,0.6250,0.9400,
demelon,Derolon,0.7821,0.7143,0.8500,
demelon,Desolon,0.7821,0.7143,0.8500,
Fasopen,Feropen,0.7821,0.7143,0.8500,
Limtab,linatab,0.7821,0.7143,0.8500,
menoril,merocil,0.7821,0.7143,0.8500,
neclufe,neelufh,0.7821,0.7143,0.8500,
rechnol,Reconil,0.7821,0.7143,0.8500,
rechnol,Retinol,0.7821,0.7143,0.8500,
Sardopa,Syndopa,0.7821,0.7143,0.8500,
Bilax,Lubilax,0.7821,0.7143,0.8500,
Nifin SR,nintoin sr,0.7821,0.7000,0.8643,
hallornl Dx,lullonl Dx,0.7820,0.7273,0.8366,
Alatol,Alatrof,0.7813,0.7143,0.8483,
Delfian,Delfraf,0.7813,0.7143,0.8483,
Doxicap,Doxiva,0.7813,0.7143,0.8483,
Montelm,Montene,0.7813,0.7143,0.8483,
Normal,Normant,0.7813,0.7143,0.8483,
Revarol,Rivarox,0.7813,0.7143,0.8483,
Ratinol Forte,Rotinaf fote,0.7809,0.6923,0.8694,
nexe mvs,Nexe-mups,0.7806,0.6667,0.8944,
Tab. Menoral,TAB. PENOULY,0.7806,0.6667,0.8944,
Meropenem,Neopenem,0.7806,0.7778,0.7833,
Tab. Beklo,Tab. Calbo,0.7806,0.6000,0.9611,
Tab. Beklo,Tab. Galoa,0.7806,0.6000,0.9611,
Tab. Arislovit-B,Tab.Aristovif-,0.7804,0.7500,0.8108,
Cefaxine,Ceftriaxone,0.7801,0.6364,0.9238,
Cefixim,Ceftadixime,0.7801,0.6364,0.9238,
Emezrd,Emjard,0.7800,0.6667,0.8933,
Esomax,esonix,0.7800,0.6667,0.8933,
flemex,Flubex,0.7800,0.6667,0.8933,
Microcef,Microsegt,0.7800,0.6667,0.8933,
prolix,Pronex,0.7800,0.6667,0.8933,
telmacal,Telmicard,0.7800,0.6667,0.8933,
Telmicard,Telmocal,0.7800,0.6667,0.8933,
Delfrnz,Delfxz,0.7794,0.7143,0.8444,
Tab. Naprox,Tab. Neuro-B,0.7792,0.6667,0.8917,
Anfree,Anfrocef,0.7792,0.6250,0.9333,
Avloclav,Avolac,0.7792,0.6250,0.9333,
Calamine,Callin,0.7792,0.6250,0.9333,
Flexi,Flexibac,0.7792,0.6250,0.9333,
Flexi,Flexinor,0.7792,0.6250,0.9333,
N-Max,N-MAX SO,0.7792,0.6250,0.9333,
Napronex,Napryn,0.7792,0.6250,0.9333,
Profen,Profinex,0.7792,0.6250,0.9333,
Radifil,radiflex,0.7792,0.6250,0.9333,
Cefaclav,Fuclav,0.7792,0.6250,0.9333,
cefazid,Resfazit,0.7792,0.6250,0.9333,
Cetaclav,tyclav,0.7792,0.6250,0.9333,
Cifaclav,Fuclav,0.7792,0.6250,0.9333,
Lantus,relentus,0.7792,0.6250,0.9333,
Liprolin,Pirulin,0.7792,0.6250,0.9333,
Tab. Epitra,Tab. Etorx,0.7789,0.6364,0.9214,
Calborul-D,Calcor-D,0.7789,0.7000,0.8578,
Biocal-Dx,coral-dx,0.7778,0.6667,0.8889,
Cefixim,Cefuroxime,0.7778,0.6000,0.9556,
clindacin,Linatin,0.7778,0.6667,0.8889,
Ibuprofen,Profen,0.7778,0.6667,0.8889,
Roclav,turboclav,0.7778,0.6667,0.8889,
Combicid,Cowficid,0.7775,0.7500,0.8050,
Neuroxen,Neuvoxew,0.7775,0.7500,0.8050,
rechnol,rectinol,0.7775,0.7500,0.8050,
Vidamef,vildamet,0.7775,0.7500,0.8050,
latilax,lnfilax,0.7771,0.7143,0.8400,
lnfilax,Lubilax,0.7771,0.7143,0.8400,
lnfilax,lutilax,0.7771,0.7143,0.8400,
Nufrifil Cold,Nulrifil Golf,0.7751,0.7692,0.7810,
Amilin,Amlip,0.7750,0.6667,0.8833,
Anfree,Anfuye,0.7750,0.6667,0.8833,
Arlila,Arlin,0.7750,0.6667,0.8833,
Deixil,Dexin,0.7750,0.6667,0.8833,
Deuxil,Dexin,0.7750,0.6667,0.8833,
Dexila,Dexin,0.7750,0.6667,0.8833,
Dexila,Doxiva,0.7750,0.6667,0.8833,
Eggcal,Eggcot,0.7750,0.6667,0.8833,
Glymed,Glymfa,0.7750,0.6667,0.8833,
Histat,Histol,0.7750,0.6667,0.8833,
Pregan,pregmo,0.7750,0.6667,0.8833,
Acliz Plus,Algin Plus,0.7750,0.7000,0.8500,
Nafro A plus,Naprox plus,0.7750,0.7500,0.8000,
Voligel Max,volirac max,0.7747,0.7273,0.8222,
aeropen,faropen,0.7738,0.7143,0.8333,
Alcef,calacef,0.7738,0.7143,0.8333,
Anlin,lanolin,0.7738,0.7143,0.8333,
Aropen,Feropen,0.7738,0.7143,0.8333,
Aropen,Meropen,0.7738,0.7143,0.8333,
Avolac,gavilac,0.7738,0.7143,0.8333,
Beconal,Reconil,0.7738,0.7143,0.8333,
cefotil,Esotil,0.7738,0.7143,0.8333,
Derolon,Gerlon,0.7738,0.7143,0.8333,
Desolon,Geslon,0.7738,0.7143,0.8333,
Duracef,Furocef,0.7738,0.7143,0.8333,
faropen,Meropen,0.7738,0.7143,0.8333,
Linatin,Unatin,0.7738,0.7143,0.8333,
Povital,Revital,0.7738,0.7143,0.8333,
Tenocab,Vonocab,0.7738,0.7143,0.8333,
Tenocab,Yonocab,0.7738,0.7143,0.8333,
Vonacab,Yonocab,0.7738,0.7143,0.8333,
Voltalin -D,Voltalin Syrup,0.7738,0.6429,0.9048,
Defalin,deflaxen,0.7736,0.6250,0.9222,
Maxirra,Moxigram,0.7736,0.6250,0.9222,
Naproxen,Napryn,0.7736,0.6250,0.9222,
Dexlor,Dezlo,0.7733,0.6667,0.8800,
Flubex,Frabex,0.7733,0.6667,0.8800,
Tab. ANADOL,Tab. Anth,0.7729,0.6364,0.9095,
Calcor-D,Kalcoral,0.7725,0.6250,0.9200,
Cefaxine,Cefixim,0.7725,0.6250,0.9200,
Inderen,Indooref,0.7725,0.6250,0.9200,
Calboral Dx,Kallonl Dx,0.7719,0.6364,0.9074,
Carulcal D,Coralcal,0.7714,0.6000,0.9429,
Microcef,Microgest,0.7711,0.6667,0.8756,
microges,Microsegt,0.7711,0.6667,0.8756,
Alc,Alect,0.7708,0.6000,0.9417,
Deixl,Dexa,0.7708,0.6000,0.9417,
Dexa,Dexin,0.7708,0.6000,0.9417,
Dexa,doxva,0.7708,0.6000,0.9417,
Fexit,Fexo,0.7708,0.6000,0.9417,
Nexe,Nexum,0.7708,0.6000,0.9417,
Alanol,Alatrol,0.7705,0.7143,0.8267,
Caficid,Cafixim,0.7705,0.7143,0.8267,
progest,progut,0.7705,0.7143,0.8267,
mefhomof,Melhomofsw,0.7700,0.7000,0.8400,
Doximax,Doxiva,0.7696,0.7143,0.8250,
Valex,Valex CR,0.7696,0.6250,0.9143,
coral cal d,Coralgue D,0.7696,0.6364,0.9028,
Flucloxin,Fluelox,0.7686,0.6667,0.8705,
Cinaron Plus,Naprosin Plus,0.7683,0.6154,0.9213,
Canficid,Cantilid,0.7683,0.7500,0.7867,
vigfimef,viglimet,0.7683,0.7500,0.7867,
vigfimet,viglimef,0.7683,0.7500,0.7867,
halconl Dx,Kalorl Dx,0.7683,0.7000,0.8366,
halconl Dx,lullonl Dx,0.7683,0.7000,0.8366,
Voligel,Voligel Max,0.7682,0.6364,0.9000,
Calboral Dx,Cora DX,0.7682,0.6364,0.9000,
gaviflux,Gavitfx,0.7681,0.6250,0.9111,
Bilfastl,Bilista,0.7681,0.6250,0.9111,
gaviflux,gavilac,0.7681,0.6250,0.9111,
Trocar SR,vurocare S R,0.7679,0.6667,0.8690,
Ecosprin,Ecosprin Plus,0.7677,0.6154,0.9200,
Renova,Renova XR,0.7667,0.6667,0.8667,
Terbi max,Terbia,0.7667,0.6667,0.8667,
A-Flux,K-flex,0.7667,0.6667,0.8667,
alafix,Ulfix,0.7667,0.6667,0.8667,
Bilau,Bilaxe,0.7667,0.6667,0.8667,
Billi,Biltin,0.7667,0.6667,0.8667,
Brodin,Bromen,0.7667,0.6667,0.8667,
Calbon,Calnor,0.7667,0.6667,0.8667,
clarin,Glasin,0.7667,0.6667,0.8667,
Clopid,Klobid,0.7667,0.6667,0.8667,
Emazid,Emetid,0.7667,0.6667,0.8667,
Esahil,Esotil,0.7667,0.6667,0.8667,
esohil,Esoral,0.7667,0.6667,0.8667,
Esoral,Esotil,0.7667,0.6667,0.8667,
Fenix,Fensiv,0.7667,0.6667,0.8667,
Geslon,Gestin,0.7667,0.6667,0.8667,
K-flex,V-plex,0.7667,0.6667,0.8667,
K-flex,Wiflex,0.7667,0.6667,0.8667,
Linax,Lindac,0.7667,0.6667,0.8667,
M-Kast,M.kant,0.7667,0.6667,0.8667,
Merdin,Mervan,0.7667,0.6667,0.8667,
Normal,Norsol,0.7667,0.6667,0.8667,
Normal,Nurnal,0.7667,0.6667,0.8667,
Pregan,premac,0.7667,0.6667,0.8667,
Priten,Profen,0.7667,0.6667,0.8667,
abicon max,Biscor max,0.7667,0.7000,0.8333,
coral cal,coral rd,0.7667,0.6667,0.8667,
Coralex DX,Coralgue D,0.7667,0.6000,0.9333,
Esmax,zimax,0.7667,0.6000,0.9333,
Flamfix,flemex,0.7663,0.5714,0.9611,
coral,Coralcal,0.7658,0.6250,0.9067,
Zymet,Zymetpro,0.7658,0.6250,0.9067,
Anset,anustat,0.7657,0.5714,0.9600,
Ansilou,Ansulin,0.7657,0.5714,0.9600,
Bildent,Biltin,0.7657,0.5714,0.9600,
Delfian,Delfnj,0.7657,0.5714,0.9600,
Doxiva,Doxoven,0.7657,0.5714,0.9600,
Doxoven,doxva,0.7657,0.5714,0.9600,
Fenix-V,Finix,0.7657,0.5714,0.9600,
Ferix-V,Feryx,0.7657,0.5714,0.9600,
fimix,Fimoxyl,0.7657,0.5714,0.9600,
Maxirra,Maxrin,0.7657,0.5714,0.9600,
Nexemig,Nexum,0.7657,0.5714,0.9600,
Triptin,Trypt,0.7657,0.5714,0.9600,
Ravliflex,Rodiflex,0.7655,0.6667,0.8643,
coral cal d,coral rd,0.7640,0.6364,0.8917,
Esomand,Esomax,0.7638,0.7143,0.8133,
halconf,halcorl,0.7638,0.7143,0.8133,
Napronex,Napxon,0.7636,0.6250,0.9022,
Alrin,Arlin,0.7625,0.6000,0.9250,
bengel,Bron Gel,0.7625,0.6250,0.9000,
Dexa,Drexy,0.7625,0.6000,0.9250,
Fexo,Flexi,0.7625,0.6000,0.9250,
Nenvopex,Neuvoxew,0.7625,0.6250,0.9000,
Alben,Albumin,0.7624,0.5714,0.9533,
Anodol,Antazol,0.7624,0.5714,0.9533,
Doximev,Doxiva,0.7624,0.5714,0.9533,
Prestal,Purisal,0.7624,0.5714,0.9533,
Comlricid,Comprid,0.7622,0.6667,0.8578,
ketoflax,Ketorolac,0.7622,0.6667,0.8578,
cap. Folzim,Cap. zif,0.7615,0.6364,0.8867,
cap. Folzin,Cap. zif,0.7615,0.6364,0.8867,
Cora DX,Coralex DX,0.7611,0.7000,0.8222,
coral cal,Corulcal-D,0.7611,0.6000,0.9222,
coral rd,Coralgue D,0.7611,0.6000,0.9222,
Coraleal,Corulcal-D,0.7611,0.6000,0.9222,
Gestin,Gestirenol,0.7611,0.6000,0.9222,
Maxsulin,Maxuline-R,0.7611,0.6000,0.9222,
Flemex Plus,linax plus,0.7603,0.6364,0.8843,
Flemex Plus,linux plus,0.7603,0.6364,0.8843,
Amino Plm,Aminosol,0.7600,0.6667,0.8533,
coral cal d,Coraleal,0.7598,0.6364,0.8833,
Tab. Etorx,Tab. Naprox,0.7598,0.6364,0.8833,
Denixil,Devixi,0.7596,0.7143,0.8050,
Hepanor,Hexinor,0.7596,0.7143,0.8050,
Heranor,Hexinor,0.7596,0.7143,0.8050,
Ginoba,Gintabac,0.7592,0.6250,0.8933,
Pelverin,Plagrin,0.7592,0.6250,0.8933,
Bilfast,Bilista,0.7590,0.5714,0.9467,
Fenix-V,Fensiv,0.7590,0.5714,0.9467,
Fluelox,Flux,0.7590,0.5714,0.9467,
Fluelox,Fylox,0.7590,0.5714,0.9467,
Toramax,Torex,0.7590,0.5714,0.9467,
Toramax,Torix,0.7590,0.5714,0.9467,
Toramex,Torix,0.7590,0.5714,0.9467,
Amilin,Anlin,0.7583,0.6667,0.8500,
Amilin,Arlin,0.7583,0.6667,0.8500,
Amilin,atlin,0.7583,0.6667,0.8500,
Analac,Avolac,0.7583,0.6667,0.8500,
Deixil,Devixi,0.7583,0.6667,0.8500,
Deixl,Devixi,0.7583,0.6667,0.8500,
Emetid,Esotid,0.7583,0.6667,0.8500,
Nabu,Nalbun,0.7583,0.6667,0.8500,
Roclav,Rolae,0.7583,0.6667,0.8500,
Drexy,Rex,0.7583,0.6000,0.9167,
Endever,Entecavir,0.7583,0.5556,0.9611,
Rex,Torex,0.7583,0.6000,0.9167,
Tab. Neobean,Tab. Neuro-B,0.7583,0.5833,0.9333,
Ceftadixime,Cefuroxime,0.7579,0.6364,0.8794,
K-flam,K-flex,0.7575,0.6667,0.8483,
Fremit,Frenxit,0.7571,0.7143,0.8000,
Indever f,Indevex,0.7571,0.6667,0.8476,
Neobion,nerrion,0.7571,0.7143,0.8000,
Anfrocef,Furocef,0.7569,0.6250,0.8889,
corox,Cyclorox,0.7569,0.6250,0.8889,
Desolon,Dezlo,0.7565,0.5714,0.9417,
Luminus,Lumona,0.7565,0.5714,0.9417,
mecol,Megulol,0.7565,0.5714,0.9417,
mecol,mucolyt,0.7565,0.5714,0.9417,
Reset,Roseton,0.7565,0.5714,0.9417,
Revarol,Revere,0.7565,0.5714,0.9417,
Costan,Creston,0.7557,0.5714,0.9400,
Denixil,Dexila,0.7557,0.5714,0.9400,
Devixil,Dexila,0.7557,0.5714,0.9400,
dulox,Duralax,0.7557,0.5714,0.9400,
Fimoxyl,Fixal,0.7557,0.5714,0.9400,
Lelox,Lubilox,0.7557,0.5714,0.9400,
Lelox,lufilox,0.7557,0.5714,0.9400,
Bilan,Billi,0.7556,0.6000,0.9111,
Bilau,Bilon,0.7556,0.6000,0.9111,
Billi,Bilon,0.7556,0.6000,0.9111,
Cef-,Cefim,0.7556,0.6000,0.9111,
Napa,napro,0.7556,0.6000,0.9111,
Remac,Remmo,0.7556,0.6000,0.9111,
Rohie,Rohuf,0.7556,0.6000,0.9111,
Rolae,Rolip,0.7556,0.6000,0.9111,
Seclo,Seko,0.7556,0.6000,0.9111,
Torat,Tory,0.7556,0.6000,0.9111,
Temlonil,Tendonil,0.7550,0.7500,0.7600,
Carulcal D,Coralcalry,0.7548,0.6000,0.9095,
Tab. cifotil,Tab. Geofoenil,0.7548,0.6429,0.8667,
Calboral Dx,Calcor-Dx,0.7547,0.6364,0.8730,
coral,coral rd,0.7542,0.6250,0.8833,
coral,coral-dx,0.7542,0.6250,0.8833,
napro,Napronex,0.7542,0.6250,0.8833,
napro,Naproxen,0.7542,0.6250,0.8833,
Telmiaip,Telmiva,0.7542,0.6250,0.8833,
Anstouit,Aristovit,0.7533,0.6667,0.8400,
Rivo,Rivyox,0.7533,0.6667,0.8400,
Ulfix,uliv,0.7533,0.6000,0.9067,
Clacef,Clavusef,0.7525,0.6250,0.8800,
Filmet,vildamet,0.7525,0.6250,0.8800,
Raditril,Rivotril,0.7525,0.6250,0.8800,
Todol,Tomdolin,0.7525,0.6250,0.8800,
Todol,trodolin,0.7525,0.6250,0.8800,
Vifas,Vorifast,0.7525,0.6250,0.8800,
viglimef,vildamef,0.7525,0.6250,0.8800,
viglimet,vildamet,0.7525,0.6250,0.8800,
Bilan,Bilozin,0.7524,0.5714,0.9333,
Creston,Roseton,0.7524,0.5714,0.9333,
Drexy,Medroxy,0.7524,0.5714,0.9333,
Farofew,Farpev,0.7524,0.5714,0.9333,
Farofew,Furocef,0.7524,0.5714,0.9333,
Feufiv,fevaliv,0.7524,0.5714,0.9333,
flacol,Fluclox,0.7524,0.5714,0.9333,
Fluelox,lufilox,0.7524,0.5714,0.9333,
Itoklav,tyclav,0.7524,0.5714,0.9333,
Levox,Zolivox,0.7524,0.5714,0.9333,
Ligazid,liquid,0.7524,0.5714,0.9333,
Prestal,Rostil,0.7524,0.5714,0.9333,
Prestel,Rostil,0.7524,0.5714,0.9333,
Tab. Calbo,Tb. Calboral-D,0.7524,0.5714,0.9333,
Thyrox,zithrox,0.7524,0.5714,0.9333,
viodin,vitabin,0.7524,0.5714,0.9333,
Inderen,Indevex,0.7521,0.7143,0.7900,
Cora DX,Cora Dx vitr,0.7517,0.5833,0.9200,
Fixcef Plus,Flemex Plus,0.7515,0.6364,0.8667,
Tab. Naprox,Tab.Neuro,0.7515,0.6364,0.8667,
Toradolin,Triolon,0.7511,0.5556,0.9467,
Cefixim,Cefuroximee,0.7505,0.5455,0.9556,
amdoral,Amlocal,0.7505,0.7143,0.7867,
Bilfast,Biltant,0.7505,0.7143,0.7867,
progest,prosesf,0.7505,0.7143,0.7867,
Nidipine SR,Nifin SR,0.7503,0.6364,0.8643,
Nidipine SR,nintoin sr,0.7503,0.6364,0.8643,
coral-dx,Coralcal,0.7503,0.6250,0.8756,
Dexfacar,dexnaaf,0.7503,0.6250,0.8756,
Dexfacar,dextac,0.7503,0.6250,0.8756,
Maxrin,Maxsulin,0.7503,0.6250,0.8756,
Montelm,Montrlon,0.7503,0.6250,0.8756,
moxibac,Moxigram,0.7503,0.6250,0.8756,
Abicon,abicon max,0.7500,0.6000,0.9000,
Alben,Calbon,0.7500,0.6667,0.8333,
Alben,Nalbun,0.7500,0.6667,0.8333,
Alc,Auolac,0.7500,0.5000,1.0000,
Alcef,Clacef,0.7500,0.6667,0.8333,
Algin Plus,Algin Sorg,0.7500,0.6000,0.9000,
Alrin,clarin,0.7500,0.6667,0.8333,
Anstouit,anustat,0.7500,0.5000,1.0000,
Asynta,Asynta max,0.7500,0.6000,0.9000,
Axim,Maxima,0.7500,0.6667,0.8333,
Biscor,Biscor max,0.7500,0.6000,0.9000,
Bisnen,visnon,0.7500,0.6667,0.8333,
Calbon,Nalbun,0.7500,0.6667,0.8333,
D-cap,docopa,0.7500,0.5000,1.0000,
Defalin,Dophylin,0.7500,0.5000,1.0000,
Deixl,Dexila,0.7500,0.5000,1.0000,
Devixi,Tevox,0.7500,0.5000,1.0000,
dmiden,Omidon,0.7500,0.6667,0.8333,
etorac,Torax,0.7500,0.6667,0.8333,
Flv,folive,0.7500,0.5000,1.0000,
Fuclav,Roclav,0.7500,0.6667,0.8333,
Fuclav,tyclav,0.7500,0.6667,0.8333,
Histat,Nystat,0.7500,0.6667,0.8333,
osec,ossica,0.7500,0.5000,1.0000,
Roclav,tyclav,0.7500,0.6667,0.8333,
temo,tomy,0.7500,0.5000,1.0000,
aeropen,Aropens,0.7488,0.7143,0.7833,
Aropens,faropen,0.7488,0.7143,0.7833,
calcor,halcorl,0.7488,0.7143,0.7833,
clarin,Plagrin,0.7488,0.7143,0.7833,
Creston,Geston,0.7488,0.7143,0.7833,
Deslong,Geslon,0.7488,0.7143,0.7833,
Emistat,Histat,0.7488,0.7143,0.7833,
Aaxius,Gavisus,0.7482,0.5714,0.9250,
Newoxew,Nexe,0.7482,0.5714,0.9250,
rechnol,renal,0.7482,0.5714,0.9250,
Reconil,renal,0.7482,0.5714,0.9250,
renal,Retinol,0.7482,0.5714,0.9250,
Calboral D,Kalorl Dx,0.7476,0.6000,0.8952,
Tryptin,Tryptin Plus,0.7472,0.5833,0.9111,
Cefixime,ceftazidime,0.7471,0.6364,0.8578,
Delfian,Delfrnz,0.7468,0.5714,0.9222,
Fluclox,Flux,0.7468,0.5714,0.9222,
Fluclox,Fylox,0.7468,0.5714,0.9222,
Max Pro,Maxirra,0.7468,0.5714,0.9222,
Alben,Algend,0.7467,0.6667,0.8267,
Defalin,Defcalivo,0.7467,0.6667,0.8267,
Emetid,Emezrd,0.7467,0.6667,0.8267,
metaconil,Metaomol,0.7467,0.6667,0.8267,
Napryn,Napxon,0.7467,0.6667,0.8267,
Profen,Pronex,0.7467,0.6667,0.8267,
Tab. Neuro-B,Tab. Normen,0.7464,0.5833,0.9095,
Nafro A plus,Naprosin Plus,0.7462,0.6923,0.8000,
Ascobex,Escolex,0.7460,0.7143,0.7778,
Farofew,faropen,0.7460,0.7143,0.7778,
Kinate,Minnate,0.7460,0.7143,0.7778,
Pro Gio,probio,0.7460,0.7143,0.7778,
Pro Gio,Protio,0.7460,0.7143,0.7778,
protein,Protio,0.7460,0.7143,0.7778,
Antazol,Fentizol,0.7458,0.6250,0.8667,
Becobion,Bicozin,0.7458,0.6250,0.8667,
Calamine,clarin,0.7458,0.6250,0.8667,
Calamine,glanine,0.7458,0.6250,0.8667,
Calamine,Glarine,0.7458,0.6250,0.8667,
Cefaclav,Rofuclav,0.7458,0.6250,0.8667,
cefazid,Cewfilid,0.7458,0.6250,0.8667,
Cefixime,Rofixim,0.7458,0.6250,0.8667,
Cefrid,Cewfilid,0.7458,0.6250,0.8667,
Cifaclav,Kefuclav,0.7458,0.6250,0.8667,
Cifaclav,Rofuclav,0.7458,0.6250,0.8667,
Creston,Norestin,0.7458,0.6250,0.8667,
Flexibac,Flexinor,0.7458,0.6250,0.8667,
Furocef,furonaaf,0.7458,0.6250,0.8667,
herpex,Neruopex,0.7458,0.6250,0.8667,
Melpred,Solupred,0.7458,0.6250,0.8667,
Neurocet,Neurou,0.7458,0.6250,0.8667,
Neurolin,Neurou,0.7458,0.6250,0.8667,
Roclav,ROlac,0.7458,0.6667,0.8250,
Telmiaip,Telmicard,0.7458,0.6667,0.8250,
Telmicard,Telmiva,0.7458,0.6667,0.8250,
emi-xit,emixef,0.7457,0.5714,0.9200,
radiflex,Radiflex rafid,0.7457,0.5714,0.9200,
Rasiflex,Rausiflex Plus,0.7457,0.5714,0.9200,
Reserux-SR,Rexrisx-SR,0.7452,0.6000,0.8905,
Dekalin,Delcalen,0.7450,0.6250,0.8650,
Tab. ANADOL,Tab. Galoa,0.7448,0.6364,0.8533,
Tab. Galoa,Tab. Maxiwa,0.7448,0.6364,0.8533,
Bionic,BONID,0.7444,0.6667,0.8222,
Feusiv,fusid,0.7444,0.6667,0.8222,
Folita,folive,0.7444,0.6667,0.8222,
Max Pro,Zymat Pro,0.7444,0.6667,0.8222,
Mervan,Merven-SR,0.7444,0.5556,0.9333,
Microgest,progest,0.7444,0.6667,0.8222,
Roxadex,Roxtal XP,0.7444,0.5556,0.9333,
Tb. Altaxc,Tb. Torax,0.7444,0.6000,0.8889,
Aorifip,Rofip,0.7440,0.5714,0.9167,
Econate,Kinate,0.7440,0.5714,0.9167,
Mups,Zo-mups,0.7440,0.5714,0.9167,
paveset,viset,0.7440,0.5714,0.9167,
Calboral Dx,coral-dx,0.7432,0.6364,0.8500,
Axim,Axim CV,0.7429,0.5714,0.9143,
coral cal,Micoral gel,0.7428,0.6364,0.8492,
Tab. Amitip,Tab. Anth,0.7420,0.6364,0.8476,
Cap. ESONEX,cap. Esprazo,0.7417,0.5833,0.9000,
cefotil,cefotil plus,0.7417,0.5833,0.9000,
Cinaron,Cinaron Plus,0.7417,0.5833,0.9000,
Dexin,Texit,0.7417,0.6000,0.8833,
Furotil,Furotil Plus,0.7417,0.5833,0.9000,
Nexc,Nexum,0.7417,0.6000,0.8833,
Profinex,prolix,0.7414,0.6250,0.8578,
Cora DX,corox,0.7413,0.5714,0.9111,
Linax,lnfilax,0.7413,0.5714,0.9111,
nerrion,Neurou,0.7413,0.5714,0.9111,
voltalin,Voltalin Syrup,0.7413,0.5714,0.9111,
Tab. CEEVIX,Tab. Etorx,0.7411,0.6364,0.8458,
Telfro max,Terbi max,0.7411,0.6000,0.8821,
Terbi max,Tesfro max,0.7411,0.6000,0.8821,
cefazid,ceftazidime,0.7404,0.6364,0.8444,
Cora DX,Kalorl Dx,0.7403,0.5556,0.9250,
Delfmz,Delfnj,0.7400,0.6667,0.8133,
Delfnj,Delfrz,0.7400,0.6667,0.8133,
radiflex,Rasiflep,0.7400,0.7500,0.7300,
Insulin R,Maxsulin R,0.7399,0.7000,0.7798,
Terbi max,Toramax,0.7397,0.5556,0.9238,
aneobex,Ascobex,0.7396,0.7143,0.7650,
cap. Fzsprazo,cap. Maxpro,0.7396,0.6154,0.8639,
Tab. Amitip,Tab. Deap,0.7394,0.5455,0.9333,
Escolex,Exlilex,0.7393,0.5714,0.9071,
nexe mvs,Nexemig,0.7392,0.6250,0.8533,
Deslong,Dezlo,0.7390,0.5714,0.9067,
Dexa,dexnaaf,0.7390,0.5714,0.9067,
Dexa,Dexnaat,0.7390,0.5714,0.9067,
Dexa,Dexnaof,0.7390,0.5714,0.9067,
Dexnaat,dextac,0.7390,0.5714,0.9067,
Dexnaat,Dextal,0.7390,0.5714,0.9067,
Doximev,Doxoven,0.7390,0.5714,0.9067,
Fexo,fexocon,0.7390,0.5714,0.9067,
Inderal,Indever,0.7390,0.5714,0.9067,
Inderen,Indiver,0.7390,0.5714,0.9067,
Inderen,Indover,0.7390,0.5714,0.9067,
Indo,Indover,0.7390,0.5714,0.9067,
Maxrin,moxilin,0.7390,0.5714,0.9067,
Medroxy,Metro,0.7390,0.5714,0.9067,
Nexe,Nexemig,0.7390,0.5714,0.9067,
Norim D,Norium,0.7390,0.5714,0.9067,
Bartrocin,Brodin,0.7389,0.5556,0.9222,
Gestin,Gestrenol,0.7389,0.5556,0.9222,
Geston,Gestrenol,0.7389,0.5556,0.9222,
Tab. Menoral,Tab. Normen,0.7389,0.5833,0.8944,
Calborul-D,Tb. Calboral-D,0.7381,0.6429,0.8333,
coral-dx,Corulcal-D,0.7378,0.6000,0.8756,
Cp Dexter,Dexter,0.7375,0.6667,0.8083,
Tab. Neobean,Tab. Normens,0.7375,0.5833,0.8917,
Calbo-D,Calboral,0.7367,0.6250,0.8483,
Calbon,Calboral,0.7367,0.6250,0.8483,
Histacin,Histal,0.7367,0.6250,0.8483,
Histacin,Histat,0.7367,0.6250,0.8483,
telmacal,Telmiva,0.7367,0.6250,0.8483,
Telmiaip,Telmivas,0.7367,0.6250,0.8483,
Telmidip,Telmiva,0.7367,0.6250,0.8483,
Telmiva,Telmocal,0.7367,0.6250,0.8483,
Tab. Galoa,Tab. Naprox,0.7365,0.6364,0.8367,
cefotil plus,Tab. cifotil plus,0.7364,0.6471,0.8258,
Becobion,Neobion,0.7361,0.7500,0.7222,
Naprosin Plus,Tab. Naprosyn Plus,0.7361,0.6667,0.8056,
Cetinol forte,Rafino Forte,0.7360,0.6923,0.7798,
Mesacol,metaconil,0.7358,0.6667,0.8050,
Scryel,Sergel,0.7358,0.6667,0.8050,
Sucsef,Svcset,0.7358,0.6667,0.8050,
Tevox,Trerox,0.7358,0.6667,0.8050,
Tnaxyl,Traxy,0.7358,0.6667,0.8050,
Carulcal D,Coralgue D,0.7357,0.5000,0.9714,
Demoxiclav,Dexila,0.7357,0.6000,0.8714,
Rasiflep,Rausiflex Plus,0.7357,0.5714,0.9000,
Fenix,Frenxil,0.7357,0.5714,0.9000,
Fenix,Frenxit,0.7357,0.5714,0.9000,
fimix,Flamfix,0.7357,0.5714,0.9000,
nexe mvs,Nexum Mups,0.7347,0.6000,0.8694,
Coragu-D,coral-dx,0.7347,0.6250,0.8444,
coral rd,coral-dx,0.7347,0.6250,0.8444,
Tab. CEEVIX,Tab. cifotil,0.7345,0.5833,0.8857,
Tab. Menoral,Tb. Mccol,0.7345,0.5833,0.8857,
cap. Dexilend,Cp Dexter,0.7345,0.5385,0.9306,
Cefaxine,Ceftadixime,0.7344,0.6364,0.8324,
acron,axon,0.7333,0.6000,0.8667,
Alben,Algin,0.7333,0.6000,0.8667,
Alben,Alrin,0.7333,0.6000,0.8667,
Alcet,Alect,0.7333,0.6000,0.8667,
bactrocin,Bicozin,0.7333,0.5556,0.9111,
Bactrosin,Bicozin,0.7333,0.5556,0.9111,
Bexitrol,Bexter,0.7333,0.5000,0.9667,
Bilax,Billi,0.7333,0.6000,0.8667,
cap. Esprazo,cap. Maxpro,0.7333,0.5833,0.8833,
Folzin-Cl,Volinac,0.7333,0.5556,0.9111,
geolan,Geoton,0.7333,0.6667,0.8000,
Maxuline-R,moxilin,0.7333,0.5000,0.9667,
megaba,miraba,0.7333,0.6667,0.8000,
Naporx,Naproxen,0.7333,0.5000,0.9667,
Nonum,Norium,0.7333,0.6667,0.8000,
Torax,Tory,0.7333,0.6000,0.8667,
Torex,Tory,0.7333,0.6000,0.8667,
Torix,Tory,0.7333,0.6000,0.8667,
Vineet,viset,0.7333,0.6667,0.8000,
Microgcofi,Microgurt,0.7333,0.6000,0.8667,
Amlocal,Avloclav,0.7325,0.6250,0.8400,
deflaxen,Delcalen,0.7325,0.6250,0.8400,
latilax,lulrilax,0.7325,0.6250,0.8400,
Lubilex,lulrilax,0.7325,0.6250,0.8400,
Lubilox,lulrilax,0.7325,0.6250,0.8400,
lufilox,lulrilax,0.7325,0.6250,0.8400,
Neurou,Neuroxen,0.7325,0.6250,0.8400,
Bilan,Bildent,0.7324,0.5714,0.8933,
Bildent,Bilon,0.7324,0.5714,0.8933,
Bilon,Biltant,0.7324,0.5714,0.8933,
Creston,criptin,0.7324,0.5714,0.8933,
Duralax,Toramax,0.7324,0.5714,0.8933,
emi-xit,Emistat,0.7324,0.5714,0.8933,
flemex,Fluelox,0.7324,0.5714,0.8933,
Flubex,Fluelox,0.7324,0.5714,0.8933,
liberts,libott,0.7324,0.5714,0.8933,
Libidex,Lubilax,0.7324,0.5714,0.8933,
Libidex,Lubilox,0.7324,0.5714,0.8933,
ossica,ostocal,0.7324,0.5714,0.8933,
Calboral D,Carulcal D,0.7321,0.6000,0.8643,
Faropew,Fasopen,0.7321,0.7143,0.7500,
Ncotion,Neobion,0.7321,0.7143,0.7500,
Neobion,Nervion,0.7321,0.7143,0.7500,
Neopem,Nesotem,0.7321,0.7143,0.7500,
Lacto,Lactomone,0.7311,0.5556,0.9067,
Lacto,Lactomore,0.7311,0.5556,0.9067,
Tab. Deap,Tab. Rupa,0.7311,0.5556,0.9067,
Terbia,Terbikill,0.7311,0.5556,0.9067,
Anset,Anstouit,0.7300,0.5000,0.9600,
Deixl,Dexlor,0.7300,0.5000,0.9600,
demelon,Temlonil,0.7300,0.5000,0.9600,
Dexila,Dexlor,0.7300,0.5000,0.9600,
Drexy,Traxyl,0.7300,0.5000,0.9600,
Drexy,Troxyf,0.7300,0.5000,0.9600,
Nexmig,Nexum,0.7300,0.5000,0.9600,
Solupred,Xolpro,0.7300,0.5000,0.9600,
soluprud,Xolpro,0.7300,0.5000,0.9600,
Torax,Traxyl,0.7300,0.5000,0.9600,
Avolac,Famolack,0.7292,0.6250,0.8333,
Ciponaal,ponsal,0.7292,0.6250,0.8333,
Dekalin,Neugalin,0.7292,0.6250,0.8333,
Derolon,Neurolin,0.7292,0.6250,0.8333,
Cefaxine,Cefuroxime,0.7289,0.6000,0.8578,
coral rd,Coralex DX,0.7287,0.6000,0.8574,
Ansulin,Insulin R,0.7286,0.6667,0.7905,
Endever,Indever f,0.7286,0.6667,0.7905,
Terbi max,Texfro max,0.7286,0.6000,0.8571,
Delfnj,Delfxz,0.7283,0.6667,0.7900,
microges,Microgurt,0.7283,0.6667,0.7900,
Telmicard,Telmivas,0.7283,0.6667,0.7900,
Fixcef,Fixcef Plus,0.7283,0.5455,0.9111,
Fixcef Plus,Fixcel,0.7283,0.5455,0.9111,
flemex,Flemex Plus,0.7283,0.5455,0.9111,
Pronex,Pronex Mups,0.7283,0.5455,0.9111,
Tab. Amitip,Tab. Epitra,0.7282,0.6364,0.8200,
Naproxen,Nopxon,0.7278,0.5000,0.9556,
Comlricid,Glicid,0.7278,0.5556,0.9000,
turboclav,tyclav,0.7278,0.5556,0.9000,
Arth,Arth An,0.7274,0.5714,0.8833,
Farpev,Feropen,0.7274,0.5714,0.8833,
fenisen,Fensiv,0.7274,0.5714,0.8833,
Hastaol,Histat,0.7274,0.5714,0.8833,
linatab,Lindac,0.7274,0.5714,0.8833,
Montair,Montene,0.7274,0.5714,0.8833,
Pirulin,Proliv,0.7274,0.5714,0.8833,
Revarol,Revert,0.7274,0.5714,0.8833,
Roseton,Rostil,0.7274,0.5714,0.8833,
Sidobac,sodibar,0.7274,0.5714,0.8833,
Sindala,Syndopa,0.7274,0.5714,0.8833,
Trilock,Triolon,0.7274,0.5714,0.8833,
Tab. CEEVIX,Tab. Flamex,0.7269,0.5455,0.9083,
Tab. Naprox,Tb. Torax,0.7269,0.5455,0.9083,
Neurobest,Neuroxen,0.7267,0.6667,0.7867,
Colistin,Glasin,0.7267,0.5000,0.9533,
Deixil,Dextal,0.7267,0.5000,0.9533,
Deixl,Dextal,0.7267,0.5000,0.9533,
Deuxil,Dextal,0.7267,0.5000,0.9533,
Dexila,Dextal,0.7267,0.5000,0.9533,
Fexit,Fixgut,0.7267,0.5000,0.9533,
Hemofir FZ,Hemofix,0.7267,0.6000,0.8533,
Indever,Indooref,0.7267,0.5000,0.9533,
Indiver,Indooref,0.7267,0.5000,0.9533,
Nexc,Nexmig,0.7267,0.5000,0.9533,
Paloven,Pelverin,0.7267,0.5000,0.9533,
Revatol,Rivotril,0.7267,0.5000,0.9533,
Revital,Rivotril,0.7267,0.5000,0.9533,
alafix,Flamfix,0.7266,0.7143,0.7389,
Nexum Mups,Seruh Mups,0.7264,0.7000,0.7528,
Tab. clacido,Tab. Flamex,0.7264,0.5833,0.8694,
Peridon,Periodontitis,0.7264,0.5385,0.9143,
Amikacin,Amilin,0.7258,0.6250,0.8267,
Angilock,Ansilou,0.7258,0.6250,0.8267,
Arlila,Arsiloca,0.7258,0.6250,0.8267,
Arsiloca,artica,0.7258,0.6250,0.8267,
Brezofil,Brodil,0.7258,0.6250,0.8267,
Calboral,calcor,0.7258,0.6250,0.8267,
Calboral,Calnor,0.7258,0.6250,0.8267,
Calcor-D,Calnor,0.7258,0.6250,0.8267,
Cefaxine,cefazid,0.7258,0.6250,0.8267,
Furocef,Furoclav,0.7258,0.6250,0.8267,
Furoclav,furonaaf,0.7258,0.6250,0.8267,
Palonron,Paloven,0.7258,0.6250,0.8267,
Profen,propenta,0.7258,0.6250,0.8267,
algecal,Amlocal,0.7257,0.5714,0.8800,
Cefrid,Ceftron,0.7257,0.5714,0.8800,
ciprox,zithrox,0.7257,0.5714,0.8800,
Cridip,criptin,0.7257,0.5714,0.8800,
Doxoven,Duloxen,0.7257,0.5714,0.8800,
latilax,Lubilex,0.7257,0.5714,0.8800,
latilax,Lubilox,0.7257,0.5714,0.8800,
latilax,lufilox,0.7257,0.5714,0.8800,
latilax,Lwfilex,0.7257,0.5714,0.8800,
Libidex,Limbix,0.7257,0.5714,0.8800,
Lubilax,Lwfilex,0.7257,0.5714,0.8800,
Lubilox,Lwfilex,0.7257,0.5714,0.8800,
lutilax,Lwfilex,0.7257,0.5714,0.8800,
Peridon,Prindof,0.7257,0.5714,0.8800,
Pregmos,premac,0.7257,0.5714,0.8800,
vaxitet,viset,0.7257,0.5714,0.8800,
Calcor-Dx,Kalorl Dx,0.7254,0.5556,0.8952,
Ace,Alcef,0.7250,0.6000,0.8500,
Ace,Alcet,0.7250,0.6000,0.8500,
acron,Afrin,0.7250,0.6000,0.8500,
acron,Alrin,0.7250,0.6000,0.8500,
aeropen,Meropenem,0.7250,0.6667,0.7833,
Afrin,Arlin,0.7250,0.6000,0.8500,
alafix,Lasix,0.7250,0.6667,0.7833,
Alcef,ansef,0.7250,0.6000,0.8500,
Alcet,Anset,0.7250,0.6000,0.8500,
Algin,Anlin,0.7250,0.6000,0.8500,
Algin,Arlin,0.7250,0.6000,0.8500,
Algin,atlin,0.7250,0.6000,0.8500,
Alrin,Anlin,0.7250,0.6000,0.8500,
Alrin,atlin,0.7250,0.6000,0.8500,
Ansulin,Maxsulin,0.7250,0.7500,0.7000,
artica,Carticare,0.7250,0.6667,0.7833,
axon,Napxon,0.7250,0.6667,0.7833,
ciprox,corox,0.7250,0.6667,0.7833,
etorac,Ketorolac,0.7250,0.6667,0.7833,
Fenix,Feryx,0.7250,0.6000,0.8500,
Fenix,Fexit,0.7250,0.6000,0.8500,
Fenix,fimix,0.7250,0.6000,0.8500,
Feropen,Meropenem,0.7250,0.6667,0.7833,
Fexit,Flexi,0.7250,0.6000,0.8500,
fimix,Limbix,0.7250,0.6667,0.7833,
K-flex,ketoflax,0.7250,0.5000,0.9500,
Levox,Trevox,0.7250,0.6667,0.7833,
metaconil,Reconil,0.7250,0.6667,0.7833,
Tab. ANADOL,Tab. Menoral,0.7250,0.5833,0.8667,
Tab. clacido,Tab. Maxiwa,0.7250,0.5833,0.8667,
Tab. Menoral,Tb. Defrol,0.7250,0.5833,0.8667,
Thyrox,Trerox,0.7250,0.6667,0.7833,
Torix,toxit,0.7250,0.6000,0.8500,
Aislof max,Biscor max,0.7250,0.7000,0.7500,
coral rd,Coraleal,0.7250,0.6250,0.8250,
coral-dx,Coraleal,0.7250,0.6250,0.8250,
gaviflux,Ravliflex,0.7246,0.6667,0.7825,
Biocal-Dx,Reefcal-Dx,0.7246,0.6000,0.8492,
Fasid Plus,Medi Plus,0.7246,0.6000,0.8492,
Denixil,Denoxidov,0.7244,0.5556,0.8933,
Geoton,Geotrenol,0.7244,0.5556,0.8933,
halconf,halconl Dx,0.7244,0.6000,0.8489,
Nexe-mups,Nexemig,0.7244,0.5556,0.8933,
Calbo-D,Calcor-Dx,0.7238,0.6667,0.7810,
criptin,Tmiptin,0.7238,0.7143,0.7333,
Fasid Plus,Fusil Plm,0.7238,0.6000,0.8476,
hutilax,Lubilax,0.7238,0.7143,0.7333,
Arth An,Arth-A Max,0.7238,0.6000,0.8476,
Rafino Forte,Rotinaf fote,0.7238,0.5833,0.8643,
A-Flux,gaviflux,0.7236,0.6250,0.8222,
Bilfastl,Telfast,0.7236,0.6250,0.8222,
Dextal,Nexcital,0.7236,0.6250,0.8222,
Esomax,lansomax,0.7236,0.6250,0.8222,
Flexibac,moxibac,0.7236,0.6250,0.8222,
radiflex,Wiflex,0.7236,0.6250,0.8222,
Rasiflex,Wiflex,0.7236,0.6250,0.8222,
Rodiflex,Wiflex,0.7236,0.6250,0.8222,
Tab. Naprosyn Plus,Tab. Naprox,0.7236,0.5556,0.8917,
Cora DX,coral rd,0.7236,0.6250,0.8222,
Ascobex,Ascoson,0.7235,0.5714,0.8756,
Doximax,Doxycap,0.7235,0.5714,0.8756,
Endever,Endurex,0.7235,0.5714,0.8756,
fixalrt,Fixgut,0.7235,0.5714,0.8756,
A-Flux,Afix,0.7233,0.5000,0.9467,
Allcaron,Alrin,0.7233,0.5000,0.9467,
Analac,Angilock,0.7233,0.5000,0.9467,
flemex,Flexi,0.7233,0.5000,0.9467,
flemex,Flux,0.7233,0.5000,0.9467,
Flexi,Flubex,0.7233,0.5000,0.9467,
Glasin,Glyxan,0.7233,0.5000,0.9467,
Revarol,Rivotril,0.7233,0.5000,0.9467,
Torax,Trerox,0.7233,0.5000,0.9467,
Torex,Trerox,0.7233,0.5000,0.9467,
Torex,Trevox,0.7233,0.5000,0.9467,
Torix,Trerox,0.7233,0.5000,0.9467,
cefotil plus,Fasid Plus,0.7232,0.5833,0.8631,
Maxrin D,Maxsulin R,0.7229,0.6000,0.8458,
Tb. N- Max,Tb. Torax,0.7229,0.6000,0.8458,
Filwef,Filwef Gold,0.7227,0.5455,0.9000,
Tab. Naprox,Tb. N- Max,0.7227,0.5455,0.9000,
Adora,Adovas,0.7222,0.6667,0.7778,
Bilan,Bilaxe,0.7222,0.6667,0.7778,
Bilon,Biloxe,0.7222,0.6667,0.7778,
Cefim,Cefrid,0.7222,0.6667,0.7778,
Cinaron Plus,linax plus,0.7222,0.6667,0.7778,
coral,Cortan,0.7222,0.6667,0.7778,
deviry,Devixi,0.7222,0.6667,0.7778,
Flugat,Fluma,0.7222,0.6667,0.7778,
noswua,noswvc,0.7222,0.6667,0.7778,
probio,Proliv,0.7222,0.6667,0.7778,
Proliv,Protio,0.7222,0.6667,0.7778,
Revere,revesf,0.7222,0.6667,0.7778,
Auolac,ROlac,0.7222,0.6667,0.7778,
Cantilid,Kindial-D,0.7222,0.4444,1.0000,
Ceevit,E-vit,0.7222,0.6667,0.7778,
Defalin,Dophyllin,0.7222,0.4444,1.0000,
Germicord,Telmicard,0.7222,0.6667,0.7778,
Ibuprofen,Purifen,0.7222,0.5556,0.8889,
Injection,Ncotion,0.7222,0.5556,0.8889,
Losita,Rozita,0.7222,0.6667,0.7778,
Nexe-mups,Zo-mups,0.7222,0.5556,0.8889,
coral rd,Coralcalry,0.7222,0.6000,0.8444,
Cefofi Plus Sw,cefotil plus,0.7214,0.6429,0.8000,
Tab. clacido,Tab. Galoa,0.7214,0.5000,0.9429,
Indever f,Indooref,0.7211,0.5556,0.8867,
Tab. Calbo,Tab. Naprox,0.7210,0.6364,0.8056,
Comlricid,Cowficid,0.7208,0.6667,0.7750,
Alc,alix,0.7208,0.5000,0.9417,
Callin,Calnor,0.7208,0.5000,0.9417,
Cefrid,Sefr,0.7208,0.5000,0.9417,
Cefrid,Sefra,0.7208,0.5000,0.9417,
D-cap,Docopc,0.7208,0.5000,0.9417,
Deixil,Dexa,0.7208,0.5000,0.9417,
Deuxil,Dexa,0.7208,0.5000,0.9417,
Dexa,Doxiva,0.7208,0.5000,0.9417,
Flamyd,Fluma,0.7208,0.5000,0.9417,
Norium,Normal,0.7208,0.5000,0.9417,
Norium,Normeivo,0.7208,0.5000,0.9417,
Relaxo,ROlac,0.7208,0.5000,0.9417,
Rosetn,Rozita,0.7208,0.5000,0.9417,
Calboral Dx,halconl Dx,0.7203,0.6364,0.8042,
Tab. cifotil plus,Tab. Naprosyn Plus,0.7203,0.6111,0.8294,
A-Flux,Alfix,0.7200,0.5000,0.9400,
A-Flux,alix,0.7200,0.5000,0.9400,
fimix,flemex,0.7200,0.5000,0.9400,
coral,coral cal,0.7194,0.5556,0.8833,
Zymef,Zymef Pro,0.7194,0.5556,0.8833,
Zymet,Zymet Pro,0.7194,0.5556,0.8833,
Cor algen-D,Coralgue D,0.7193,0.6364,0.8022,
ratinol,Ratinol Forte,0.7192,0.5385,0.9000,
Clavusef,Clavutil,0.7192,0.6250,0.8133,
Febusful,Febustat,0.7192,0.6250,0.8133,
Relenfn,relentus,0.7192,0.6250,0.8133,
telmacal,Telmivas,0.7192,0.6250,0.8133,
Telmidip,Telmivas,0.7192,0.6250,0.8133,
Telmivas,Telmocal,0.7192,0.6250,0.8133,
Tab. Geofoenil,Tab. Menoral,0.7190,0.5714,0.8667,
Airmont,Normant,0.7190,0.5714,0.8667,
Barmax,Toramax,0.7190,0.5714,0.8667,
Billi,Bilozin,0.7190,0.5714,0.8667,
Biloxe,Bilozin,0.7190,0.5714,0.8667,
Bilozin,blomen,0.7190,0.5714,0.8667,
Biscor,Bisoren,0.7190,0.5714,0.8667,
Cef-,Cefin-B,0.7190,0.5714,0.8667,
cefazid,cefotil,0.7190,0.5714,0.8667,
cefotil,Cefrid,0.7190,0.5714,0.8667,
clarin,glanine,0.7190,0.5714,0.8667,
Dekalin,Dexin,0.7190,0.5714,0.8667,
Desolon,Disopan,0.7190,0.5714,0.8667,
Duralax,hutilax,0.7190,0.5714,0.8667,
Duralax,lutilax,0.7190,0.5714,0.8667,
Fenadin,fenisen,0.7190,0.5714,0.8667,
Fenafir,Fensiv,0.7190,0.5714,0.8667,
fenisen,Fenix,0.7190,0.5714,0.8667,
fenisen,Fenodin,0.7190,0.5714,0.8667,
filmef,Filofer,0.7190,0.5714,0.8667,
Filmet,Filoter,0.7190,0.5714,0.8667,
filnet,Filoter,0.7190,0.5714,0.8667,
Filofer,Filwef,0.7190,0.5714,0.8667,
Flubex,Lubilex,0.7190,0.5714,0.8667,
Fluelox,Lubilox,0.7190,0.5714,0.8667,
hulilax,latilax,0.7190,0.5714,0.8667,
hulilax,Lubilex,0.7190,0.5714,0.8667,
hulilax,Lubilox,0.7190,0.5714,0.8667,
hulilax,lufilox,0.7190,0.5714,0.8667,
K-flex,Lwfilex,0.7190,0.5714,0.8667,
lanolin,Linatin,0.7190,0.5714,0.8667,
Lipicon,Lopiren,0.7190,0.5714,0.8667,
Loxodol,maxdol,0.7190,0.5714,0.8667,
Lwfilex,Wiflex,0.7190,0.5714,0.8667,
Merdin,Meropen,0.7190,0.5714,0.8667,
Merdin,Morphin,0.7190,0.5714,0.8667,
Meropen,Mervan,0.7190,0.5714,0.8667,
Nabu,Nabumef,0.7190,0.5714,0.8667,
Nabu,nabumet,0.7190,0.5714,0.8667,
Neso,Nesotem,0.7190,0.5714,0.8667,
Peridon,Purifen,0.7190,0.5714,0.8667,
Prestel,Reset,0.7190,0.5714,0.8667,
Radifil,ratinol,0.7190,0.5714,0.8667,
Raditil,ratinol,0.7190,0.5714,0.8667,
Retinol,Reto,0.7190,0.5714,0.8667,
Revarol,Revital,0.7190,0.5714,0.8667,
Revert,Revocit,0.7190,0.5714,0.8667,
Seko,Sekorin,0.7190,0.5714,0.8667,
t-mahon,t-mycin,0.7190,0.5714,0.8667,
Trerox,vorirox,0.7190,0.5714,0.8667,
Max dol,Max Pro,0.7190,0.5714,0.8667,
Nafro A plm,Neuro A Plw Sw,0.7190,0.5714,0.8667,
Tab. Anth,Tb. Anginta,0.7186,0.5455,0.8917,
Tab. Galoa,Tab. Menoral,0.7183,0.5833,0.8533,
Aropen,Faropew,0.7183,0.7143,0.7222,
Todol,Toradolin,0.7178,0.5556,0.8800,
Nexe-mups,Pronex Mups,0.7172,0.5455,0.8889,
Afrin,ofran,0.7167,0.6000,0.8333,
Algin Plus,linax plus,0.7167,0.6000,0.8333,
Algin Plus,linux plus,0.7167,0.6000,0.8333,
alix,ALOS,0.7167,0.5000,0.9333,
alix,Lasix,0.7167,0.6000,0.8333,
alix,Valex,0.7167,0.6000,0.8333,
Axim,exium,0.7167,0.6000,0.8333,
Axim,Roxim,0.7167,0.6000,0.8333,
Ben A,Don A,0.7167,0.6000,0.8333,
Bilax,Linax,0.7167,0.6000,0.8333,
Bilon,blomen,0.7167,0.5000,0.9333,
Callin,clarin,0.7167,0.5000,0.9333,
Ceevit,Cefrid,0.7167,0.5000,0.9333,
cefotil,Cewfilid,0.7167,0.5000,0.9333,
Cidex,Dimex,0.7167,0.6000,0.8333,
Coralgue D,Corulcal-D,0.7167,0.5000,0.9333,
corox,Torax,0.7167,0.6000,0.8333,
corox,Torex,0.7167,0.6000,0.8333,
corox,Torix,0.7167,0.6000,0.8333,
Cridip,CRP,0.7167,0.5000,0.9333,
Dimex,fimix,0.7167,0.6000,0.8333,
Dimex,zimax,0.7167,0.6000,0.8333,
dmiden,Domin,0.7167,0.5000,0.9333,
dulox,Eylox,0.7167,0.6000,0.8333,
dulox,Fylox,0.7167,0.6000,0.8333,
dulox,Lelox,0.7167,0.6000,0.8333,
exium,Nexum,0.7167,0.6000,0.8333,
Eylox,Lelox,0.7167,0.6000,0.8333,
Fexit,Mixit,0.7167,0.6000,0.8333,
Fexit,toxit,0.7167,0.6000,0.8333,
fimix,zimax,0.7167,0.6000,0.8333,
Finix,Linax,0.7167,0.6000,0.8333,
Finix,Zinax,0.7167,0.6000,0.8333,
Fluclox,Flucloxacillin,0.7167,0.5000,0.9333,
Fylox,Lelox,0.7167,0.6000,0.8333,
gascon,Kacin,0.7167,0.5000,0.9333,
Kalorl Dx,lullonl Dx,0.7167,0.6000,0.8333,
Mixit,Texit,0.7167,0.6000,0.8333,
Mixit,toxit,0.7167,0.6000,0.8333,
Montair,Montrlon,0.7167,0.5000,0.9333,
N-Max,zimax,0.7167,0.6000,0.8333,
napro,Neptor,0.7167,0.5000,0.9333,
nerrion,Neurolin,0.7167,0.5000,0.9333,
pregmo,premac,0.7167,0.5000,0.9333,
Radifil,Rodiflex,0.7167,0.5000,0.9333,
Solon,Zolfin,0.7167,0.5000,0.9333,
Tab. Galoa,Tb. Mccol,0.7167,0.5000,0.9333,
viodin,vitabion,0.7167,0.5000,0.9333,
Xylin,Zolfin,0.7167,0.5000,0.9333,
Esomax,zimax,0.7167,0.5000,0.9333,
Flexi,K-flex,0.7167,0.5000,0.9333,
Flexi,Wiflex,0.7167,0.5000,0.9333,
Flux,K-flex,0.7167,0.5000,0.9333,
Flux,Wiflex,0.7167,0.5000,0.9333,
Furoclav,Rofuclav,0.7167,0.5000,0.9333,
Glymed,viglimet,0.7167,0.5000,0.9333,
K-flex,Valex,0.7167,0.5000,0.9333,
Mitpr,Zymetpro,0.7167,0.5000,0.9333,
Norestin,Rosetn,0.7167,0.5000,0.9333,
Norestin,Roseton,0.7167,0.5000,0.9333,
Valex,Wiflex,0.7167,0.5000,0.9333,
Calboral D,Calcor-D,0.7162,0.6000,0.8324,
Calboral D,Kalcoral,0.7162,0.6000,0.8324,
AC PR,Ace XR,0.7158,0.6667,0.7650,
cap. Flugal,Cap. Foldin,0.7156,0.5455,0.8857,
cap. Flugal,cap. Folzim,0.7156,0.5455,0.8857,
cap. Flugal,cap. Folzin,0.7156,0.5455,0.8857,
Tab. Amitip,Tab. ANADOL,0.7156,0.5455,0.8857,
Telmicard,Telmidip,0.7156,0.5556,0.8756,
Fxsid Plus,Resitfex plus,0.7155,0.5385,0.8926,
Aminosol,Anodol,0.7150,0.6250,0.8050,
Ansilou,Arsiloca,0.7150,0.6250,0.8050,
Caficid,Combicid,0.7150,0.6250,0.8050,
Defalin,Delcalen,0.7150,0.6250,0.8050,
lanolin,Liprolin,0.7150,0.6250,0.8050,
Neemoxew,Neuroxen,0.7150,0.6250,0.8050,
Neuroxen,Newoxew,0.7150,0.6250,0.8050,
Rafiflo,Rasiflep,0.7150,0.6250,0.8050,
Vidamef,viglimef,0.7150,0.6250,0.8050,
vitabin,voltalin,0.7150,0.6250,0.8050,
Calcor-Dx,Kalcoral,0.7149,0.5556,0.8743,
linax plus,Naprox plus,0.7149,0.5455,0.8843,
linux plus,Naprox plus,0.7149,0.5455,0.8843,
Escolex,Esomax,0.7146,0.5714,0.8578,
Escolex,esomix,0.7146,0.5714,0.8578,
Escolex,esonix,0.7146,0.5714,0.8578,
Flubex,Fluclox,0.7146,0.5714,0.8578,
Tab. Flamex,Tb. N- Max,0.7144,0.5455,0.8833,
Denixil,Tnaxyl,0.7143,0.4286,1.0000,
merrobe,miraba,0.7143,0.4286,1.0000,
Mervan,Morphin,0.7143,0.4286,1.0000,
ratnol,Ruotinl,0.7143,0.4286,1.0000,
tarlica,Trilock,0.7143,0.4286,1.0000,
vigorey,wficore,0.7143,0.4286,1.0000,
Carulcal D,coral cal,0.7139,0.5000,0.9278,
Tab. Beklo,Tab. Neuro-B,0.7139,0.5833,0.8444,
Tab. Beklo,TAB. PENOULY,0.7139,0.5833,0.8444,
esomix,Etorix,0.7133,0.6667,0.7600,
esonix,Etorix,0.7133,0.6667,0.7600,
Rephaston,replastw,0.7133,0.6667,0.7600,
Cinaron Plus,Ecosprin Plus,0.7130,0.6154,0.8107,
Calboral D,Tb. Calboral-D,0.7130,0.6429,0.7831,
Coragu-D,coral rd,0.7125,0.6250,0.8000,
Delfroz,Telfro max,0.7125,0.5000,0.9250,
gaviflux,Gavisus,0.7125,0.6250,0.8000,
A-fun,Alfane,0.7125,0.5000,0.9250,
Alc,Analac,0.7125,0.5000,0.9250,
Alc,Avolac,0.7125,0.5000,0.9250,
Baemax,Bex,0.7125,0.5000,0.9250,
Coraleal,Coralgue D,0.7125,0.6000,0.8250,
Costan,Cotson,0.7125,0.5000,0.9250,
denvar,deviry,0.7125,0.5000,0.9250,
Devixi,Dexa,0.7125,0.5000,0.9250,
Dexila,Dezlo,0.7125,0.5000,0.9250,
filnet,Vineet,0.7125,0.5000,0.9250,
Flv,Fuclav,0.7125,0.5000,0.9250,
Glasin,Kacin,0.7125,0.5000,0.9250,
lnfilax,lulrilax,0.7125,0.6250,0.8000,
Nasal,Norsol,0.7125,0.5000,0.9250,
Neemoxew,Nexe,0.7125,0.5000,0.9250,
Neopenem,Nonum,0.7125,0.5000,0.9250,
Neptor,Nitr,0.7125,0.5000,0.9250,
Neuvoxew,Nexe,0.7125,0.5000,0.9250,
ratnol,renal,0.7125,0.5000,0.9250,
Relaxo,Rex,0.7125,0.5000,0.9250,
Ceftadixime,Cefuroximee,0.7124,0.5455,0.8794,
Ceftriaxone,Cefuroxime,0.7124,0.5455,0.8794,
halconl Dx,halcorl,0.7119,0.6000,0.8237,
Naprox plus,Naproxen,0.7116,0.5455,0.8778,
Ecosprin Plus,Elosfiv plus,0.7112,0.6923,0.7300,
Cinamycin,Vancomycin,0.7111,0.6000,0.8222,
Creston,Rephaston,0.7111,0.5556,0.8667,
fixalrt,fixocard,0.7111,0.5000,0.9222,
Imipenem,Meropenem,0.7111,0.5556,0.8667,
Bron Gel,Bron Wash,0.7111,0.5556,0.8667,
Cef-B,Cefim,0.7111,0.6000,0.8222,
Deflacort,deflaxen,0.7111,0.5556,0.8667,
Fexit,Fexofast,0.7111,0.5000,0.9222,
Gestirenol,Geston,0.7111,0.5000,0.9222,
Lacfu,Lacto,0.7111,0.6000,0.8222,
Maxima,Moxigram,0.7111,0.5000,0.9222,
Montene,Montrlon,0.7111,0.5000,0.9222,
ROlac,Rolip,0.7111,0.6000,0.8222,
todef,Todol,0.7111,0.6000,0.8222,
Todet,Todol,0.7111,0.6000,0.8222,
Alatol,Autazol,0.7107,0.5714,0.8500,
Bicozin,Bisoren,0.7107,0.5714,0.8500,
Bicozin,Bizoran,0.7107,0.5714,0.8500,
Bilozin,Bisoren,0.7107,0.5714,0.8500,
Bilozin,Bizoran,0.7107,0.5714,0.8500,
Bisoren,Bromen,0.7107,0.5714,0.8500,
Caficid,Glicid,0.7107,0.5714,0.8500,
Defalin,demelon,0.7107,0.5714,0.8500,
Defalin,Derolon,0.7107,0.5714,0.8500,
Defalin,Desolon,0.7107,0.5714,0.8500,
Dekalin,demelon,0.7107,0.5714,0.8500,
Dekalin,Derolon,0.7107,0.5714,0.8500,
Dekalin,Desolon,0.7107,0.5714,0.8500,
Desolon,Triolon,0.7107,0.5714,0.8500,
femotol,Furotil,0.7107,0.5714,0.8500,
fenisen,Folison,0.7107,0.5714,0.8500,
filmef,Vidamef,0.7107,0.5714,0.8500,
hansol,Hastaol,0.7107,0.5714,0.8500,
Lifanta,linatab,0.7107,0.5714,0.8500,
Megulol,Mesacol,0.7107,0.5714,0.8500,
merocil,Mesacol,0.7107,0.5714,0.8500,
Paloven,Profen,0.7107,0.5714,0.8500,
pase,paveset,0.7107,0.5714,0.8500,
ponsal,Purisal,0.7107,0.5714,0.8500,
Radifil,Rafiflo,0.7107,0.5714,0.8500,
Raditil,Revital,0.7107,0.5714,0.8500,
Raditil,Rostil,0.7107,0.5714,0.8500,
ratinol,rechnol,0.7107,0.5714,0.8500,
ratnol,rechnol,0.7107,0.5714,0.8500,
ratnol,Revatol,0.7107,0.5714,0.8500,
Reconil,Retinol,0.7107,0.5714,0.8500,
Reelifr,Regler,0.7107,0.5714,0.8500,
Retinol,Revatol,0.7107,0.5714,0.8500,
Retinol,Revital,0.7107,0.5714,0.8500,
Reto,Revatol,0.7107,0.5714,0.8500,
Reto,Roseton,0.7107,0.5714,0.8500,
Rolae,Rotalac,0.7107,0.5714,0.8500,
Rostil,Ruotinl,0.7107,0.5714,0.8500,
Rudi,Rupadin,0.7107,0.5714,0.8500,
Sanbin,Sofbian,0.7107,0.5714,0.8500,
Bilax,Lubilex,0.7107,0.5714,0.8500,
Bilax,Lubilox,0.7107,0.5714,0.8500,
Bilaxe,Lubilax,0.7107,0.5714,0.8500,
Biloxe,Lubilox,0.7107,0.5714,0.8500,
Fluelox,Levox,0.7107,0.5714,0.8500,
Fylox,lufilox,0.7107,0.5714,0.8500,
Paracetamol,Prestal,0.7106,0.4545,0.9667,
Algend,Cor algen-D,0.7102,0.5455,0.8750,
Inderal,Indooref,0.7100,0.5000,0.9200,
Nitrofur,nutrifil,0.7100,0.5000,0.9200,
Radiflex rafid,Rodiflex,0.7100,0.5000,0.9200,
cefotil plus,Elosfiv plus,0.7100,0.5833,0.8366,
cefotil plus,Fxsid Plus,0.7100,0.5833,0.8366,
Delfian,Delfmz,0.7099,0.5714,0.8483,
Delfian,Delfroz,0.7099,0.5714,0.8483,
Delfian,Delfrz,0.7099,0.5714,0.8483,
Dexila,dexnaaf,0.7099,0.5714,0.8483,
Dexila,Dexnaat,0.7099,0.5714,0.8483,
Dexila,Doxicap,0.7099,0.5714,0.8483,
Doxicap,doxva,0.7099,0.5714,0.8483,
Doxiva,Doxycap,0.7099,0.5714,0.8483,
doxva,Doxycap,0.7099,0.5714,0.8483,
Itokine,Itoklav,0.7099,0.5714,0.8483,
Maxima,moxibac,0.7099,0.5714,0.8483,
Montair,Montelm,0.7099,0.5714,0.8483,
Norim D,Normal,0.7099,0.5714,0.8483,
Pirulin,prolix,0.7099,0.5714,0.8483,
Pregan,Pregmos,0.7099,0.5714,0.8483,
Montelm,Montelukast,0.7099,0.5455,0.8743,
montelon,Montelukast,0.7099,0.5455,0.8743,
cap. Dexilend,Napa Extend,0.7098,0.6154,0.8042,
prelics CR,Valic CR,0.7097,0.6000,0.8194,
linax plus,Lumana plus,0.7093,0.6364,0.7821,
Bilon,Bislol,0.7083,0.6667,0.7500,
clindacin,Lindac,0.7083,0.6667,0.7500,
Fensiv,Feufiv,0.7083,0.6667,0.7500,
Geoton,Gerfon,0.7083,0.6667,0.7500,
Geoton,Gerlon,0.7083,0.6667,0.7500,
Geoton,Geslon,0.7083,0.6667,0.7500,
Lactu,Lantus,0.7083,0.6667,0.7500,
Nonum,Nortum,0.7083,0.6667,0.7500,
Reset,Revert,0.7083,0.6667,0.7500,
Analac,nuloc,0.7083,0.5000,0.9167,
Aropen,RUPIN,0.7083,0.5000,0.9167,
Cewfilid,Cowficid,0.7083,0.7500,0.6667,
Eggcal,K2cal,0.7083,0.5000,0.9167,
Esotil,Sedil,0.7083,0.5000,0.9167,
Geslon,Solon,0.7083,0.5000,0.9167,
hansol,Nasal,0.7083,0.5000,0.9167,
Iracet,Reset,0.7083,0.5000,0.9167,
Nasal,ponsal,0.7083,0.5000,0.9167,
amdocal,Amlrocaf,0.7081,0.6250,0.7911,
Calbo-D,Calboral Dx,0.7079,0.5455,0.8704,
Fasid Plus,Furotil Plus,0.7077,0.5833,0.8321,
coral rd,Coralcal,0.7075,0.6250,0.7900,
Dexfacar,Dexnaat,0.7075,0.6250,0.7900,
Nutridex,nutrifil,0.7075,0.6250,0.7900,
Algin Plus,Lumana plus,0.7073,0.5455,0.8690,
Maxrin,Maxuline-R,0.7072,0.5000,0.9144,
Endever,Indevex,0.7071,0.7143,0.7000,
Maxirra,Maxrin D,0.7071,0.5000,0.9143,
Valex,valix CR,0.7071,0.5000,0.9143,
linax plus,windel plus,0.7071,0.6364,0.7778,
linux plus,windel plus,0.7071,0.6364,0.7778,
Aislof max,lanso max,0.7067,0.6000,0.8135,
Tab. Galoa,Tab. Rupa,0.7067,0.6000,0.8133,
Tab. Naprox,Tab. Normen,0.7067,0.5455,0.8679,
Tab. Normen,Tb. N- Max,0.7067,0.5455,0.8679,
Maxsulin R,moxilin,0.7063,0.5000,0.9125,
cabetool,cabretol cr,0.7061,0.5455,0.8667,
Ceftadixime,Ceftriaxone,0.7061,0.5455,0.8667,
Flemex Plus,Fxsid Plus,0.7061,0.5455,0.8667,
libott,Libott-S JR,0.7061,0.5455,0.8667,
Tab. ANADOL,Tb. Defrol,0.7061,0.5455,0.8667,
Tab. Maxiwa,Tab. Menoral,0.7060,0.5833,0.8286,
Calboral,Calcor-D,0.7058,0.6250,0.7867,
Combicid,Comprid,0.7058,0.6250,0.7867,
Comficid,Comprid,0.7058,0.6250,0.7867,
figfimef,viglimet,0.7058,0.6250,0.7867,
Napa one,Napxon,0.7058,0.6250,0.7867,
progest,propenta,0.7058,0.6250,0.7867,
Bilau,Bilfast,0.7057,0.5714,0.8400,
Bilau,Biltant,0.7057,0.5714,0.8400,
Demoxiclav,Doxicap,0.7057,0.6000,0.8114,
Fimoxyclav,Furoclav,0.7057,0.6000,0.8114,
lnfilax,Lubilex,0.7057,0.5714,0.8400,
lnfilax,Lubilox,0.7057,0.5714,0.8400,
Rivarox,Rivo,0.7057,0.5714,0.8400,
Seko,Sekodex,0.7057,0.5714,0.8400,
Tab. Flamex,Tab. Galoa,0.7056,0.5455,0.8658,
Tab. Naprox,Tab. Rupa,0.7056,0.5455,0.8658,
Cef-,Sefr,0.7056,0.5000,0.9111,
Coragu-D,Corulcal-D,0.7056,0.5000,0.9111,
coral-dx,corox,0.7056,0.5000,0.9111,
Delfxz,dulox,0.7056,0.5000,0.9111,
docopa,toco,0.7056,0.5000,0.9111,
feeviu,Feufiv,0.7056,0.5000,0.9111,
Gel,geolan,0.7056,0.5000,0.9111,
Medragust,Medroxy,0.7056,0.4444,0.9667,
Panied,Pauion,0.7056,0.5000,0.9111,
Pli,Plus,0.7056,0.5000,0.9111,
Priten,prompton,0.7056,0.5000,0.9111,
prompton,protein,0.7056,0.5000,0.9111,
rbc,Rebe,0.7056,0.5000,0.9111,
RBS,Rebe,0.7056,0.5000,0.9111,
Reto,RTV,0.7056,0.5000,0.9111,
Rosu,roswva,0.7056,0.5000,0.9111,
Tab. Galoa,Tb. Calboral-D,0.7056,0.5000,0.9111,
Triptin,Tryptin Plus,0.7056,0.5000,0.9111,
Fexofast,Fexofenadine,0.7048,0.5000,0.9095,
Inderal,Indever f,0.7044,0.5556,0.8533,
Inderen,Indever f,0.7044,0.5556,0.8533,
Terbi max,Terbikill,0.7044,0.5556,0.8533,
Amlocal,Telmocal,0.7042,0.6250,0.7833,
Aropen,propenta,0.7042,0.6250,0.7833,
Arsiloca,Trilock,0.7042,0.6250,0.7833,
Biscor,Ubi Core,0.7042,0.6250,0.7833,
Brodin,trodolin,0.7042,0.6250,0.7833,
Calbo-D,Calboral D,0.7042,0.6000,0.8083,
Colistin,Folison,0.7042,0.6250,0.7833,
Decoral,Kalcoral,0.7042,0.6250,0.7833,
Delcalen,Velcal,0.7042,0.6250,0.7833,
Fatisol,Purtisol,0.7042,0.6250,0.7833,
Furocef,Microcef,0.7042,0.6250,0.7833,
Furotil Plus,Fxsid Plus,0.7042,0.5833,0.8250,
Gavitfep,Povifep,0.7042,0.6250,0.7833,
Gestin,Lestarin,0.7042,0.6250,0.7833,
Gestin,Norestin,0.7042,0.6250,0.7833,
Imipenem,Neopenem,0.7042,0.6250,0.7833,
Liprolin,Neurolin,0.7042,0.6250,0.7833,
Liprolin,Proliv,0.7042,0.6250,0.7833,
Losectil,Rostil,0.7042,0.6250,0.7833,
Phenocid,Sponocid,0.7042,0.6250,0.7833,
Precabil,Reconil,0.7042,0.6250,0.7833,
Tab. Flamex,Tab. Normens,0.7042,0.5833,0.8250,
telmacal,Velcal,0.7042,0.6250,0.7833,
Telmocal,Velcal,0.7042,0.6250,0.7833,
fpeimcore,Sperm Core,0.7036,0.7000,0.7071,
A-Flux,avolu,0.7033,0.5000,0.9067,
Bex,Bexter,0.7033,0.5000,0.9067,
Delcalen,Duloxen,0.7033,0.5000,0.9067,
Dexa,Dexcin,0.7033,0.5000,0.9067,
Dexa,Dexlor,0.7033,0.5000,0.9067,
Dexa,Dexter,0.7033,0.5000,0.9067,
Dexlor,Dextal,0.7033,0.5000,0.9067,
flemex,Fluma,0.7033,0.5000,0.9067,
Gintabac,Gintex,0.7033,0.5000,0.9067,
Indo,Indooref,0.7033,0.5000,0.9067,
Nexe,Nexmig,0.7033,0.5000,0.9067,
Nexe,nexpro,0.7033,0.5000,0.9067,
Nitr,Nitro-SR,0.7033,0.5000,0.9067,
Nitr,Nitrofur,0.7033,0.5000,0.9067,
xinc,zinc b,0.7033,0.5000,0.9067,
Geotoenol,Geston,0.7028,0.5556,0.8500,
Peridon,Pethidine,0.7028,0.5556,0.8500,
Acliz Plus,Fxsid Plus,0.7028,0.6000,0.8056,
Tab. Menoral,Tab. Neobean,0.7028,0.5833,0.8222,
Tab. Neuro-B,Tb. Defrol,0.7028,0.5833,0.8222,
Abicon,Bicozin,0.7024,0.5714,0.8333,
Alanol,lanolin,0.7024,0.5714,0.8333,
Alrin,Glarine,0.7024,0.5714,0.8333,
Anlin,Tonlino,0.7024,0.5714,0.8333,
Arlin,Pirulin,0.7024,0.5714,0.8333,
Avolac,Volinac,0.7024,0.5714,0.8333,
betaloc,Rotalac,0.7024,0.5714,0.8333,
Biltin,Linatin,0.7024,0.5714,0.8333,
Brodil,Furotil,0.7024,0.5714,0.8333,
Brodin,protein,0.7024,0.5714,0.8333,
Caficid,cefazid,0.7024,0.5714,0.8333,
cefotil,femotol,0.7024,0.5714,0.8333,
cefotil,Furotil,0.7024,0.5714,0.8333,
Costan,Roseton,0.7024,0.5714,0.8333,
Delfian,Zolfin,0.7024,0.5714,0.8333,
Disopan,Fasopen,0.7024,0.5714,0.8333,
Dominos,Luminus,0.7024,0.5714,0.8333,
Duracef,Oricef,0.7024,0.5714,0.8333,
femotol,Revatol,0.7024,0.5714,0.8333,
Fenadin,Linatin,0.7024,0.5714,0.8333,
Fenadin,Sandin,0.7024,0.5714,0.8333,
Fenadin,Unatin,0.7024,0.5714,0.8333,
Fenodin,Sandin,0.7024,0.5714,0.8333,
Furocef,Oricef,0.7024,0.5714,0.8333,
Furotil,Rostil,0.7024,0.5714,0.8333,
Furotil,Ruotinl,0.7024,0.5714,0.8333,
Gerfon,Nervion,0.7024,0.5714,0.8333,
Geston,Roseton,0.7024,0.5714,0.8333,
glinta,Lifanta,0.7024,0.5714,0.8333,
glinta,linatab,0.7024,0.5714,0.8333,
Itogut,Motigut,0.7024,0.5714,0.8333,
Lerozol,merocil,0.7024,0.5714,0.8333,
Linax,Volinac,0.7024,0.5714,0.8333,
Lindac,Volinac,0.7024,0.5714,0.8333,
Merdin,Peridon,0.7024,0.5714,0.8333,
Mervan,Nervion,0.7024,0.5714,0.8333,
mofigut,Rifagut,0.7024,0.5714,0.8333,
Neptor,ropitor,0.7024,0.5714,0.8333,
protein,Rosetn,0.7024,0.5714,0.8333,
Tenocab,Vonacab,0.7024,0.5714,0.8333,
Calboral D,coral rd,0.7021,0.6000,0.8043,
Rcef-Dx,Reefcal-Dx,0.7021,0.6000,0.8043,
Tab. ANADOL,Tab. clacido,0.7017,0.5833,0.8200,
Tab. CEEVIX,Tab. clacido,0.7017,0.5833,0.8200,
Cefaxine,Cefuroximee,0.7016,0.5455,0.8578,
Cefixim,ceftazidime,0.7016,0.5455,0.8578,
BRON GVEL,Bron Wash,0.7016,0.5556,0.8476,
Cefim,Cefixim,0.7016,0.7143,0.6889,
Lubilay,lutilax,0.7016,0.7143,0.6889,
Neumig,Nexemig,0.7016,0.7143,0.6889,
Zolhivm,Zollium,0.7016,0.7143,0.6889,
Bron Gel,Profenid Gel,0.7014,0.5833,0.8194,
gaviflux,radiflex,0.7014,0.6250,0.7778,
gaviflux,Rasiflex,0.7014,0.6250,0.7778,
Fasid Plus,Flemex Plus,0.7013,0.5455,0.8571,
clexane,Clonapex,0.7011,0.5000,0.9022,
Napronex,Nopxon,0.7011,0.5000,0.9022,
Arth-A Max,Asynta max,0.7009,0.6000,0.8018,
Raufitfup plus,Resitfex plus,0.7002,0.6429,0.7576,
?icrogent,microges,0.7000,0.6667,0.7333,
Esomax,Unomax,0.7000,0.6667,0.7333,
Ace Power,Ace XR,0.7000,0.5556,0.8444,
Algin,Algin Plus,0.7000,0.5000,0.9000,
Algin,Algin Sorg,0.7000,0.5000,0.9000,
Carulcal D,Coraleal,0.7000,0.5000,0.9000,
CBC,Kibac,0.7000,0.4000,1.0000,
coral cal,coral-dx,0.7000,0.5556,0.8444,
D-cop,Drop,0.7000,0.6000,0.8000,
deflaxen,Dexin,0.7000,0.5000,0.9000,
Delfxz,Devixi,0.7000,0.5000,0.9000,
Drexy,Torex,0.7000,0.4000,1.0000,
exium,Exium Mups,0.7000,0.5000,0.9000,
Flexi,Fylox,0.7000,0.4000,1.0000,
Flexi,Valex,0.7000,0.4000,1.0000,
Flux,Valex,0.7000,0.4000,1.0000,
Fylox,Valex,0.7000,0.4000,1.0000,
lansomax,Lasix,0.7000,0.5000,0.9000,
Linax,linax plus,0.7000,0.5000,0.9000,
Nacl,Nasal,0.7000,0.6000,0.8000,
nexe mvs,Nexum,0.7000,0.5000,0.9000,
Nexum,Nexum Mups,0.7000,0.5000,0.9000,
Nufvw,Nuhw,0.7000,0.6000,0.8000,
Profen,Profenid Gel,0.7000,0.5000,0.9000,
radiflex,Rafiflo,0.7000,0.6250,0.7750,
Rafiflo,Rasiflex,0.7000,0.6250,0.7750,
Remac,Robac,0.7000,0.6000,0.8000,
Remac,ROlac,0.7000,0.6000,0.8000,
Sedil,x-dol,0.7000,0.4000,1.0000,
Sefr,Setra,0.7000,0.6000,0.8000,
Solon,Xylin,0.7000,0.4000,1.0000,
T-Cef,todef,0.7000,0.6000,0.8000,
Tab. Naprox,Tab. Normens,0.7000,0.5000,0.9000,
Tab. Normens,Tb. N- Max,0.7000,0.5000,0.9000,
tas,Tosou,0.7000,0.4000,1.0000,
Tb. Defrol,Tb. Mccol,0.7000,0.6000,0.8000,
Todet,Torat,0.7000,0.6000,0.8000,
Torex,Traxy,0.7000,0.4000,1.0000,
Torix,Traxy,0.7000,0.4000,1.0000,
Xiva,Zovia,0.7000,0.4000,1.0000,
Xyflo,xyrl,0.7000,0.6000,0.8000,
Cap. Foldin,Cap. zif,0.6994,0.5455,0.8533,
Micoral gel,microges,0.6994,0.5455,0.8533,
Tab. ANADOL,Tab. Deap,0.6994,0.5455,0.8533,
Tab. Epitra,Tab. Rupa,0.6994,0.5455,0.8533,
Tab. Normen,Tab. Rupa,0.6994,0.5455,0.8533,
Alanol,Alolrol,0.6990,0.5714,0.8267,
Alatol,Alolrol,0.6990,0.5714,0.8267,
Albumin,Algin,0.6990,0.5714,0.8267,
Albumin,Alrin,0.6990,0.5714,0.8267,
Alect,algecal,0.6990,0.5714,0.8267,
Aorifip,Arnitip,0.6990,0.5714,0.8267,
Bilax,Bilfast,0.6990,0.5714,0.8267,
Bilaxe,Bilfast,0.6990,0.5714,0.8267,
cefazid,Cefixim,0.6990,0.5714,0.8267,
Decoral,Dextal,0.6990,0.5714,0.8267,
Dekalin,Dexcin,0.6990,0.5714,0.8267,
Esipram,Esoral,0.6990,0.5714,0.8267,
Esomand,Esotid,0.6990,0.5714,0.8267,
femotol,Fimoxyl,0.6990,0.5714,0.8267,
fenisen,Fenix-V,0.6990,0.5714,0.8267,
Ferix-V,Ferti-Q,0.6990,0.5714,0.8267,
Omastin,Ometid,0.6990,0.5714,0.8267,
Prestel,Priten,0.6990,0.5714,0.8267,
Pronex,protein,0.6990,0.5714,0.8267,
Specbac,Spilac,0.6990,0.5714,0.8267,
t-mycin,Timptin,0.6990,0.5714,0.8267,
Triject,Trilock,0.6990,0.5714,0.8267,
Triolon,Triptin,0.6990,0.5714,0.8267,
Triptin,Trizon,0.6990,0.5714,0.8267,
Zolfin,Zolhivm,0.6990,0.5714,0.8267,
Calborul-D,Calcor-Dx,0.6984,0.6000,0.7968,
coral-dx,Reefcal-Dx,0.6984,0.5000,0.8968,
Pama Serg,Panaseng,0.6983,0.6667,0.7300,
Tab. Arislovit-B,Tab. cifotil,0.6983,0.5000,0.8967,
Delfian,Delfxz,0.6982,0.5714,0.8250,
Dexila,Doximax,0.6982,0.5714,0.8250,
Dimex,Doximax,0.6982,0.5714,0.8250,
Doximax,doxva,0.6982,0.5714,0.8250,
Fenodin,viodin,0.6982,0.5714,0.8250,
Flamfix,Flamyd,0.6982,0.5714,0.8250,
Fleme max,Voligel Max,0.6981,0.5455,0.8508,
AC PR,Ace Power,0.6978,0.5556,0.8400,
Defzacort,Dexfacar,0.6978,0.5556,0.8400,
Denoxidov,Doximev,0.6978,0.5556,0.8400,
Medragust,Microgest,0.6978,0.5556,0.8400,
Neurobest,Neurou,0.6978,0.5556,0.8400,
X-ray,X-ray C/S,0.6978,0.5556,0.8400,
Fleme max,Flemex Plus,0.6977,0.5455,0.8500,
Lumana plus,Medi Plus,0.6973,0.5455,0.8492,
Carulcal D,coral rd,0.6972,0.5000,0.8944,
Deflacort,telcard,0.6972,0.4444,0.9500,
Tab. ANADOL,TAB. PENOULY,0.6972,0.5000,0.8944,
Tab. Beklo,Tab. clacido,0.6972,0.5000,0.8944,
Tab. cifotil,Tab. clacido,0.6972,0.5000,0.8944,
Tab. cifotil,Tb. Defrol,0.6972,0.5000,0.8944,
Tab. Geofoenil,TAB. PENOULY,0.6972,0.5000,0.8944,
Tab. Menoral,Tab. Neuro-B,0.6972,0.5000,0.8944,
Ecosprin Plus,Tryptin Plus,0.6968,0.6154,0.7783,
AC PR,Max Pro,0.6968,0.5714,0.8222,
Denixil,Frenxil,0.6968,0.5714,0.8222,
Eslilex,hulilax,0.6968,0.5714,0.8222,
Eslilex,Lubilex,0.6968,0.5714,0.8222,
Eslilex,Lwfilex,0.6968,0.5714,0.8222,
Flamfix,Limbix,0.6968,0.5714,0.8222,
hulilax,lnfilax,0.6968,0.5714,0.8222,
Loxodol,Max dol,0.6968,0.5714,0.8222,
Max Pro,nexpro,0.6968,0.5714,0.8222,
Tab. Geofoenil,Tab. Neobean,0.6968,0.5714,0.8222,
Coralcal,Coralgue D,0.6967,0.5000,0.8933,
fexocon,fixocard,0.6967,0.5000,0.8933,
Esmax,esonix,0.6967,0.5000,0.8933,
Fentizol,Fungidal,0.6967,0.5000,0.8933,
Frulae,Furoclav,0.6967,0.5000,0.8933,
Itoklav,Itolcive,0.6967,0.5000,0.8933,
Losectil,Losita,0.6967,0.5000,0.8933,
Macrobac,moxibac,0.6967,0.5000,0.8933,
Naporx,Napxon,0.6967,0.5000,0.8933,
Neruopex,Neuroxen,0.6967,0.5000,0.8933,
Palonron,Pelverin,0.6967,0.5000,0.8933,
Palonron,Plagrin,0.6967,0.5000,0.8933,
Precabil,probio,0.6967,0.5000,0.8933,
Ralripus,Rolip,0.6967,0.5000,0.8933,
Telfast,Telmivas,0.6967,0.5000,0.8933,
Temlonil,Tomdolin,0.6967,0.5000,0.8933,
Termitan,Triptin,0.6967,0.5000,0.8933,
Termitan,Tryptin,0.6967,0.5000,0.8933,
Timptin,Tomdolin,0.6967,0.5000,0.8933,
Tmiptin,Tomdolin,0.6967,0.5000,0.8933,
Triptin,trodolin,0.6967,0.5000,0.8933,
trodolin,Tryptin,0.6967,0.5000,0.8933,
Ecosprin Plus,Naprosin Plus,0.6965,0.5385,0.8546,
Fixcef Plus,Resitfex plus,0.6965,0.5385,0.8546,
Calboral D,hallornl Dx,0.6965,0.6364,0.7566,
Tab. Neuro-B,Tab. Normens,0.6958,0.5000,0.8917,
Tab. CEEVIX,Tab. Naprox,0.6956,0.5455,0.8458,
Tab. Maxiwa,Tab. Naprox,0.6956,0.5455,0.8458,
Derolon,Toradolin,0.6956,0.4444,0.9467,
Calcor-D,Corulcal-D,0.6950,0.5000,0.8900,
Microgcofi,microges,0.6950,0.6000,0.7900,
Napronex,Neruopex,0.6950,0.5000,0.8900,
Napronex,Neuroxen,0.6950,0.5000,0.8900,
Tab. Anth,Tab. Galoa,0.6950,0.6000,0.7900,
Tab. Beklo,Tab. Deap,0.6950,0.6000,0.7900,
Abicon,Bilon,0.6944,0.6667,0.7222,
Algin,Callin,0.6944,0.6667,0.7222,
ALOS,Salost,0.6944,0.6667,0.7222,
Alrin,Callin,0.6944,0.6667,0.7222,
Anodol,Todol,0.6944,0.6667,0.7222,
Apeclo,Seclo,0.6944,0.6667,0.7222,
Arlin,Callin,0.6944,0.6667,0.7222,
atlin,Callin,0.6944,0.6667,0.7222,
Atozen,Tofen,0.6944,0.6667,0.7222,
Avolac,ROlac,0.6944,0.6667,0.7222,
bengel,E-gel,0.6944,0.6667,0.7222,
Brodin,viodin,0.6944,0.6667,0.7222,
Calnor,Faenor,0.6944,0.6667,0.7222,
Caprodycin,protein,0.6944,0.5000,0.8889,
Cinaron Plus,Nafro A plus,0.6944,0.5833,0.8056,
Clopid,Scluprud,0.6944,0.5000,0.8889,
coral,Esoral,0.6944,0.6667,0.7222,
coral,Normal,0.6944,0.6667,0.7222,
drise,uriset,0.6944,0.6667,0.7222,
E-gel,Sergel,0.6944,0.6667,0.7222,
Elodep,Zodep,0.6944,0.6667,0.7222,
Emazid,Tazid,0.6944,0.6667,0.7222,
etorac,Torat,0.6944,0.6667,0.7222,
Finix,Profinex,0.6944,0.5000,0.8889,
gascon,Vasco,0.6944,0.6667,0.7222,
Geotoenol,Retinol,0.6944,0.5556,0.8333,
Montinex,Pantonix,0.6944,0.5000,0.8889,
Napronex,Profinex,0.6944,0.5000,0.8889,
noswvc,roswva,0.6944,0.6667,0.7222,
Profen,Tofen,0.6944,0.6667,0.7222,
Proliv,Rolip,0.6944,0.6667,0.7222,
radiflex,Valex,0.6944,0.5000,0.8889,
Tab. Etorx,Tab. Neuro-B,0.6944,0.5833,0.8056,
uriset,viset,0.6944,0.6667,0.7222,
Devixil,Tevox,0.6943,0.4286,0.9600,
Dexin,dexnaaf,0.6943,0.4286,0.9600,
Dexin,Dexnaat,0.6943,0.4286,0.9600,
Dexin,Dexnaof,0.6943,0.4286,0.9600,
Fexit,vaxitet,0.6943,0.4286,0.9600,
deviry,Devoci(uer),0.6939,0.4545,0.9333,
Telfro max,Toramax,0.6937,0.5000,0.8875,
Arth ATS,Arth-A Max,0.6929,0.5000,0.8857,
BRON GVEL,BRON WASFI,0.6929,0.5000,0.8857,
Tab. Menoral,Tab.Neuro,0.6929,0.5000,0.8857,
Tb. Defrol,Tb. Torax,0.6929,0.5000,0.8857,
Furotil Plus,Fusil Plm,0.6926,0.5833,0.8018,
Angilock,Arsiloca,0.6925,0.6250,0.7600,
Bilfastl,Biltant,0.6925,0.6250,0.7600,
Cafixim,Canficid,0.6925,0.6250,0.7600,
Canficid,Combicid,0.6925,0.6250,0.7600,
Colistin,criptin,0.6925,0.6250,0.7600,
Napa one,Napronex,0.6925,0.6250,0.7600,
vigfimef,vildamef,0.6925,0.6250,0.7600,
vigfimet,vildamet,0.6925,0.6250,0.7600,
algecal,Algend,0.6924,0.5714,0.8133,
Delfmz,Delfraf,0.6924,0.5714,0.8133,
Delfnj,Delfraf,0.6924,0.5714,0.8133,
Delfnj,Delfroz,0.6924,0.5714,0.8133,
Dexlor,Dexnaof,0.6924,0.5714,0.8133,
dexnaaf,dextac,0.6924,0.5714,0.8133,
dexnaaf,Dextal,0.6924,0.5714,0.8133,
Dexnaof,dextac,0.6924,0.5714,0.8133,
Dexnaof,Dextal,0.6924,0.5714,0.8133,
Doxicap,Doximev,0.6924,0.5714,0.8133,
Esmax,Esomand,0.6924,0.5714,0.8133,
Esomand,esomix,0.6924,0.5714,0.8133,
moxibac,moxilin,0.6924,0.5714,0.8133,
Rephaston,Roseton,0.6922,0.4444,0.9400,
Afix,Ulfix,0.6917,0.6000,0.7833,
alix,Ulfix,0.6917,0.6000,0.7833,
Analac,Anlin,0.6917,0.5000,0.8833,
Avloclav,avolu,0.6917,0.5000,0.8833,
Axim,axon,0.6917,0.5000,0.8833,
coral,Coralcalry,0.6917,0.5000,0.8833,
coral,Coralgue D,0.6917,0.5000,0.8833,
coral,Corulcal-D,0.6917,0.5000,0.8833,
Deixil,Texit,0.6917,0.5000,0.8833,
Deuxil,Texit,0.6917,0.5000,0.8833,
Dexa,Dexfacar,0.6917,0.5000,0.8833,
Dexila,doxva,0.6917,0.5000,0.8833,
Dexila,Texit,0.6917,0.5000,0.8833,
Dexin,Doxiva,0.6917,0.5000,0.8833,
Doxiva,toxit,0.6917,0.5000,0.8833,
Esmax,N-Max,0.6917,0.6000,0.7833,
Esotid,Estes,0.6917,0.5000,0.8833,
Esotil,Estes,0.6917,0.5000,0.8833,
Fexo,Fexofast,0.6917,0.5000,0.8833,
Flugat,Flux,0.6917,0.5000,0.8833,
Glasin,Glicid,0.6917,0.5000,0.8833,
Glasin,Glysup,0.6917,0.5000,0.8833,
Maxima,Mixit,0.6917,0.5000,0.8833,
mefhomof,Methomol,0.6917,0.7500,0.6333,
methicap,Methox,0.6917,0.5000,0.8833,
Normal,Normeivo,0.6917,0.5000,0.8833,
Pregan,progut,0.6917,0.5000,0.8833,
pregmo,progut,0.6917,0.5000,0.8833,
Rosetn,Rostil,0.6917,0.5000,0.8833,
Tab. Amitip,Tab. cifotil,0.6917,0.5833,0.8000,
Tab. cifotil,Tab. Menoral,0.6917,0.5833,0.8000,
Tab. Epitra,Tab. Menoral,0.6917,0.5833,0.8000,
Tab. Menoral,Tb. Torax,0.6917,0.5833,0.8000,
Tab. Normen,TAB. OUOCM-D,0.6917,0.5833,0.8000,
Fluclox,lufilox,0.6913,0.5714,0.8111,
Napa Extend,Naproxen,0.6912,0.5455,0.8370,
Cinamycin,Cinaron,0.6911,0.5556,0.8267,
merocil,Merthomol,0.6911,0.5556,0.8267,
rechnol,Ruchigold,0.6911,0.5556,0.8267,
Rephaston,Revatol,0.6911,0.5556,0.8267,
Tab. Rupa,Tab.Neuro,0.6911,0.5556,0.8267,
Tb. N- Max,Terbi max,0.6911,0.5000,0.8821,
Tab. Deap,Tab. Naprox,0.6911,0.5455,0.8367,
Nexum Mups,Pronex Mups,0.6910,0.5455,0.8366,
Asynta max,Syp Asyntamax,0.6910,0.6154,0.7667,
Dexin,Doxoven,0.6910,0.4286,0.9533,
dexnaaf,Doxiva,0.6910,0.4286,0.9533,
dexnaaf,doxva,0.6910,0.4286,0.9533,
Dexnaat,Texit,0.6910,0.4286,0.9533,
Dexnaof,doxva,0.6910,0.4286,0.9533,
Doximev,doxva,0.6910,0.4286,0.9533,
Maxirra,Mexpro,0.6910,0.4286,0.9533,
Nexc,Nexemig,0.6910,0.4286,0.9533,
Prestel,Purisal,0.6910,0.4286,0.9533,
Arlila,tarlica,0.6905,0.7143,0.6667,
Aropen,Fasopen,0.6905,0.7143,0.6667,
artica,tarlica,0.6905,0.7143,0.6667,
Beconal,Decoral,0.6905,0.7143,0.6667,
cefazid,Emazid,0.6905,0.7143,0.6667,
Cotson,Ncotion,0.6905,0.7143,0.6667,
Decoral,Esoral,0.6905,0.7143,0.6667,
Fatisol,ratinol,0.6905,0.7143,0.6667,
Fenadin,Fenafir,0.6905,0.7143,0.6667,
Fusil Plm,Fxsid Plus,0.6905,0.6000,0.7810,
nabumet,Nafumef,0.6905,0.7143,0.6667,
nabumet,Natumef,0.6905,0.7143,0.6667,
Vonorab,Yonocab,0.6905,0.7143,0.6667,
bactrocin,Brodin,0.6903,0.5556,0.8250,
Bactrosin,Brodin,0.6903,0.5556,0.8250,
cabergol,Calboral,0.6900,0.5000,0.8800,
calacef,Clavusef,0.6900,0.5000,0.8800,
Colistin,Creston,0.6900,0.5000,0.8800,
Delfrz,deviry,0.6900,0.5000,0.8800,
Febusful,Feusiv,0.6900,0.5000,0.8800,
Filmet,vildamef,0.6900,0.5000,0.8800,
Frulac,Furoclav,0.6900,0.5000,0.8800,
Macrobac,merrobe,0.6900,0.5000,0.8800,
Macrobac,miraba,0.6900,0.5000,0.8800,
nalepsin,Napxon,0.6900,0.5000,0.8800,
Neuroxen,Nexe,0.6900,0.5000,0.8800,
Peridon,Proindof,0.6900,0.5000,0.8800,
Termitan,Timptin,0.6900,0.5000,0.8800,
Termitan,Tmiptin,0.6900,0.5000,0.8800,
Endurex,Etorix,0.6893,0.4286,0.9500,
Cefixime,Ceftriaxone,0.6889,0.5455,0.8324,
A-fun,X-fen,0.6889,0.6000,0.7778,
Alc,Alcef,0.6889,0.6000,0.7778,
Alc,Alcet,0.6889,0.6000,0.7778,
Ayim,Eyium,0.6889,0.6000,0.7778,
Bilax,Bilon,0.6889,0.6000,0.7778,
Bilon,Solon,0.6889,0.6000,0.7778,
Broxolite,Rexlife,0.6889,0.5556,0.8222,
Bukof,ucof,0.6889,0.6000,0.7778,
clindacin,glinta,0.6889,0.4444,0.9333,
Comet,Zymet,0.6889,0.6000,0.7778,
Cora DX,coral cal,0.6889,0.5556,0.8222,
coral,corox,0.6889,0.6000,0.7778,
D-cop,E-cap,0.6889,0.6000,0.7778,
Emprelina,Liprolin,0.6889,0.5556,0.8222,
ERP,zerup,0.6889,0.6000,0.7778,
Fluma,Flux,0.6889,0.6000,0.7778,
Folison,Folzin-Cl,0.6889,0.4444,0.9333,
Follison,Folzin-Cl,0.6889,0.4444,0.9333,
Kibac,Robac,0.6889,0.6000,0.7778,
Max Pro,Zymef Pro,0.6889,0.5556,0.8222,
Max Pro,Zymet Pro,0.6889,0.5556,0.8222,
Metro,Setra,0.6889,0.6000,0.7778,
Naproxen,Pronex,0.6889,0.5000,0.8778,
Nexe-mups,Nexum,0.6889,0.4444,0.9333,
Nonum,Ronem,0.6889,0.6000,0.7778,
Ocef,T-Cef,0.6889,0.6000,0.7778,
Profinex,Vorinox,0.6889,0.5000,0.8778,
Reset,viset,0.6889,0.6000,0.7778,
Todol,x-dol,0.6889,0.6000,0.7778,
Tofen,X-fen,0.6889,0.6000,0.7778,
Torat,Torex,0.6889,0.6000,0.7778,
Torat,Torix,0.6889,0.6000,0.7778,
Doximax,zimax,0.6885,0.5714,0.8056,
Fluclox,Lelox,0.6885,0.5714,0.8056,
Pirulin,RUPIN,0.6885,0.5714,0.8056,
acron,Airmont,0.6882,0.5714,0.8050,
acron,Ascoson,0.6882,0.5714,0.8050,
Actilac,Analac,0.6882,0.5714,0.8050,
Actilac,artica,0.6882,0.5714,0.8050,
Actilac,Avolac,0.6882,0.5714,0.8050,
Alanol,Antazol,0.6882,0.5714,0.8050,
Alatol,Antazol,0.6882,0.5714,0.8050,
Amilin,Ansulin,0.6882,0.5714,0.8050,
Ansulin,Arlin,0.6882,0.5714,0.8050,
Ansulin,atlin,0.6882,0.5714,0.8050,
Ceftron,Cinaron,0.6882,0.5714,0.8050,
Clopid,Comprid,0.6882,0.5714,0.8050,
Cotson,Creston,0.6882,0.5714,0.8050,
Defalin,Delanix,0.6882,0.5714,0.8050,
Dekalin,Delanix,0.6882,0.5714,0.8050,
demelon,Deslong,0.6882,0.5714,0.8050,
Denixil,Dexin,0.6882,0.5714,0.8050,
Derolon,Deslong,0.6882,0.5714,0.8050,
Desolon,Dexlor,0.6882,0.5714,0.8050,
Devixil,Dexin,0.6882,0.5714,0.8050,
Dimex,Doximev,0.6882,0.5714,0.8050,
Endever,Esover,0.6882,0.5714,0.8050,
Fenix,Ferix-V,0.6882,0.5714,0.8050,
Fixcef,Furocef,0.6882,0.5714,0.8050,
Lasix,latilax,0.6882,0.5714,0.8050,
latilax,Linax,0.6882,0.5714,0.8050,
Lerozol,Loxodol,0.6882,0.5714,0.8050,
Linax,Lubilax,0.6882,0.5714,0.8050,
Linax,lutilax,0.6882,0.5714,0.8050,
M-Kast,monfast,0.6882,0.5714,0.8050,
Medroxy,Methox,0.6882,0.5714,0.8050,
Ncotion,Nopxon,0.6882,0.5714,0.8050,
ponsal,Prestal,0.6882,0.5714,0.8050,
Povital,Prestal,0.6882,0.5714,0.8050,
Volinac,Vorinox,0.6882,0.5714,0.8050,
Tab. ANADOL,Tb. Anginta,0.6880,0.4545,0.9214,
coral cal,Coralgue D,0.6878,0.5000,0.8756,
coral-dx,Coralgue D,0.6878,0.5000,0.8756,
Dexfacar,Dexlor,0.6878,0.5000,0.8756,
Dexfacar,Dexnaof,0.6878,0.5000,0.8756,
Dexfacar,Dexter,0.6878,0.5000,0.8756,
Dexfacar,Doxicap,0.6878,0.5000,0.8756,
Dexfacar,Doxycap,0.6878,0.5000,0.8756,
Flamfix,Flemorif,0.6878,0.5000,0.8756,
Indevex,Indooref,0.6878,0.5000,0.8756,
maxdol,Maxsulin,0.6878,0.5000,0.8756,
montelon,Montinex,0.6878,0.5000,0.8756,
Tab. Deap,TAB. PENOULY,0.6878,0.5000,0.8756,
Tab. Galoa,TAB. PENOULY,0.6878,0.5000,0.8756,
Tab. Neuro-B,Tab. Rupa,0.6878,0.5000,0.8756,
TAB. PENOULY,Tab. Rupa,0.6878,0.5000,0.8756,
Ansilou,Antazol,0.6876,0.4286,0.9467,
Cortan,Creston,0.6876,0.4286,0.9467,
Cortan,criptin,0.6876,0.4286,0.9467,
Delanix,dulox,0.6876,0.4286,0.9467,
dmiden,Tmiptin,0.6876,0.4286,0.9467,
Duralax,Torax,0.6876,0.4286,0.9467,
Emazid,emi-xit,0.6876,0.4286,0.9467,
Emetid,Emistat,0.6876,0.4286,0.9467,
Flexi,Fluelox,0.6876,0.4286,0.9467,
latilax,lytex,0.6876,0.4286,0.9467,
Levox,lufilox,0.6876,0.4286,0.9467,
lutilax,lytex,0.6876,0.4286,0.9467,
Omastin,Omidon,0.6876,0.4286,0.9467,
Toramax,Traxy,0.6876,0.4286,0.9467,
Toramex,Traxy,0.6876,0.4286,0.9467,
abicon max,Aislof max,0.6875,0.6000,0.7750,
N-Max,Neemoxew,0.6875,0.3750,1.0000,
Naproxen,Profen,0.6875,0.6250,0.7500,
prompton,Roseton,0.6875,0.6250,0.7500,
Rafiflo,Ravliflex,0.6873,0.5556,0.8190,
Tab. Deap,Tb. Defrol,0.6871,0.5000,0.8743,
Tab. Deap,Tab. Neobean,0.6867,0.5833,0.7900,
Tab. Calbo,Tab. Flamex,0.6862,0.5455,0.8269,
Deixil,Demoxiclav,0.6857,0.5000,0.8714,
Demoxiclav,Denoxidov,0.6857,0.6000,0.7714,
Demoxiclav,Deuxil,0.6857,0.5000,0.8714,
gavilac,Gavitfx,0.6857,0.5714,0.8000,
Gavisus,Gavitfx,0.6857,0.5714,0.8000,
Greemox,Remmo,0.6857,0.5714,0.8000,
Minnate,mirata,0.6857,0.5714,0.8000,
Tab. CEEVIX,Tab. Geofoenil,0.6857,0.5714,0.8000,
Tab. Geofoenil,Tab. Normen,0.6857,0.5714,0.8000,
Fexofast,Fexofenadinee,0.6855,0.4615,0.9095,
Aristovit -B,Tab. Arislovit-B,0.6854,0.5625,0.8083,
coral cal d,Coralex DX,0.6852,0.5455,0.8250,
Tab. Etorx,Tab. Flamex,0.6852,0.5455,0.8250,
Tab. Flamex,Tab. Naprox,0.6852,0.5455,0.8250,
aeropen,ERP,0.6851,0.4286,0.9417,
Atoz,Autazol,0.6851,0.4286,0.9417,
Ceevit,cefotil,0.6851,0.4286,0.9417,
Cridip,Quridew,0.6851,0.4286,0.9417,
D-Rise,Duracef,0.6851,0.4286,0.9417,
drise,Duracef,0.6851,0.4286,0.9417,
Filofer,folive,0.6851,0.4286,0.9417,
Filoter,Folita,0.6851,0.4286,0.9417,
Minnate,Montair,0.6851,0.4286,0.9417,
Minnate,Montene,0.6851,0.4286,0.9417,
Nacl,neclufe,0.6851,0.4286,0.9417,
Nebanol,Neobion,0.6851,0.4286,0.9417,
Nufvw,Nuvifer,0.6851,0.4286,0.9417,
Reelife,Relvis,0.6851,0.4286,0.9417,
Roseton,Rozita,0.6851,0.4286,0.9417,
sckoria,Secrin,0.6851,0.4286,0.9417,
Tab. Menoral,Tab. Normens,0.6847,0.5000,0.8694,
Calboral Dx,Coralex DX,0.6846,0.5455,0.8238,
Napa Extend,Napa one,0.6846,0.5455,0.8237,
Acliz Plus,linax plus,0.6845,0.5000,0.8690,
Acliz Plus,linux plus,0.6845,0.5000,0.8690,
Elosfiv plus,Fasid Plus,0.6845,0.5833,0.7857,
prelics CR,valix CR,0.6845,0.5000,0.8690,
Tab. Maxiwa,Terbi max,0.6844,0.4545,0.9143,
Dexin,Duloxen,0.6843,0.4286,0.9400,
Dimex,Toramex,0.6843,0.4286,0.9400,
Finix,Vorinox,0.6843,0.4286,0.9400,
latilax,Lelox,0.6843,0.4286,0.9400,
Lelox,Lubilax,0.6843,0.4286,0.9400,
Lelox,Lubilex,0.6843,0.4286,0.9400,
Lelox,lutilax,0.6843,0.4286,0.9400,
Lelox,Lwfilex,0.6843,0.4286,0.9400,
Libidex,lytex,0.6843,0.4286,0.9400,
Terbi max,Toramex,0.6841,0.4444,0.9238,
ceftazidime,Cefuroxime,0.6838,0.5455,0.8222,
Tab. ANADOL,Tab. Beklo,0.6838,0.5455,0.8222,
Tab. ANADOL,Tab. Calbo,0.6838,0.5455,0.8222,
Tab. Beklo,Tab. CEEVIX,0.6838,0.5455,0.8222,
Tab. Calbo,Tab. CEEVIX,0.6838,0.5455,0.8222,
Tab. Calbo,Tab. Maxiwa,0.6838,0.5455,0.8222,
Telfro max,volirac max,0.6834,0.5455,0.8214,
?icrogent,Microgurt,0.6833,0.6667,0.7000,
?icrogent,Microsegt,0.6833,0.6667,0.7000,
A-Flux,V-plex,0.6833,0.5000,0.8667,
A-Flux,Wiflex,0.6833,0.5000,0.8667,
Aislof max,Asynta max,0.6833,0.5000,0.8667,
Alanol,Alfane,0.6833,0.5000,0.8667,
Alben,Alfane,0.6833,0.5000,0.8667,
Alfane,Algin,0.6833,0.5000,0.8667,
Alfane,Alrin,0.6833,0.5000,0.8667,
Algend,collagen-d,0.6833,0.5000,0.8667,
Anfree,ansef,0.6833,0.5000,0.8667,
Anodof,ansef,0.6833,0.5000,0.8667,
Arlin,Aropen,0.6833,0.5000,0.8667,
Arth,Arth ATS,0.6833,0.5000,0.8667,
atlin,Atozen,0.6833,0.5000,0.8667,
Becobion,Beconal,0.6833,0.5000,0.8667,
Bilau,Biloxe,0.6833,0.5000,0.8667,
Bilau,Biltin,0.6833,0.5000,0.8667,
Bilaxe,Billi,0.6833,0.5000,0.8667,
Billi,Biloxe,0.6833,0.5000,0.8667,
Calamine,Calbon,0.6833,0.5000,0.8667,
Calamine,Glasin,0.6833,0.5000,0.8667,
Calcor-D,telcard,0.6833,0.5000,0.8667,
Cef-,Cefrid,0.6833,0.5000,0.8667,
Cefaclav,Furoclav,0.6833,0.5000,0.8667,
Ceftron,Lestarin,0.6833,0.5000,0.8667,
Cetaclav,Itoklav,0.6833,0.5000,0.8667,
Cifaclav,Furoclav,0.6833,0.5000,0.8667,
Clopid,Glicid,0.6833,0.5000,0.8667,
Clopid,Klabid,0.6833,0.5000,0.8667,
Coralcalry,Coralgue D,0.6833,0.5000,0.8667,
Cotnim,Cotson,0.6833,0.5000,0.8667,
coxe,Ecoxib,0.6833,0.5000,0.8667,
Docopc,toco,0.6833,0.5000,0.8667,
Esahil,Esoral,0.6833,0.5000,0.8667,
Esomax,Tesfro max,0.6833,0.6000,0.7667,
Esoral,Esover,0.6833,0.5000,0.8667,
Fenodin,Phenocid,0.6833,0.5000,0.8667,
Fensiv,Finix,0.6833,0.5000,0.8667,
Furoclav,Kefuclav,0.6833,0.5000,0.8667,
gascon,gasnil,0.6833,0.5000,0.8667,
Glicid,glinta,0.6833,0.5000,0.8667,
Glicid,Glymed,0.6833,0.5000,0.8667,
Glicid,Klabid,0.6833,0.5000,0.8667,
Glicid,Klobid,0.6833,0.5000,0.8667,
Melpred,soluprud,0.6833,0.5000,0.8667,
Merdir,meur,0.6833,0.5000,0.8667,
Nacl,Onacal-D,0.6833,0.5000,0.8667,
Napa,Napryn,0.6833,0.5000,0.8667,
Nervion,Neurolin,0.6833,0.5000,0.8667,
Nexe,nexe mvs,0.6833,0.5000,0.8667,
Normal,Nortum,0.6833,0.5000,0.8667,
Norsol,Nurnal,0.6833,0.5000,0.8667,
Oricef,Orofer,0.6833,0.5000,0.8667,
Paloxi,Pli,0.6833,0.5000,0.8667,
Pregan,Priten,0.6833,0.5000,0.8667,
Pregan,Profen,0.6833,0.5000,0.8667,
Profen,Proliv,0.6833,0.5000,0.8667,
prolix,ROlac,0.6833,0.5000,0.8667,
ratnol,Reto,0.6833,0.5000,0.8667,
Relaxo,Relvis,0.6833,0.5000,0.8667,
Relaxo,Rolae,0.6833,0.5000,0.8667,
Rivyox,Trevox,0.6833,0.5000,0.8667,
Rosetn,Rosu,0.6833,0.5000,0.8667,
Rostil,Rosu,0.6833,0.5000,0.8667,
Tab. ANADOL,Tab. cifotil,0.6833,0.5000,0.8667,
Tab. ANADOL,Tab. Geofoenil,0.6833,0.5000,0.8667,
Tab. clacido,TAB. OUOCM-D,0.6833,0.5000,0.8667,
Tab. Etorx,Tab.Neuro,0.6833,0.6000,0.7667,
Tab. Geofoenil,Tb. Defrol,0.6833,0.5000,0.8667,
V-plex,Wiflex,0.6833,0.5000,0.8667,
Xolpro,Xylio,0.6833,0.5000,0.8667,
Resfazit,Revocit,0.6825,0.5000,0.8650,
Avloclav,Furoclav,0.6819,0.6250,0.7389,
Duralax,lulrilax,0.6819,0.6250,0.7389,
lansomax,Unomax,0.6819,0.6250,0.7389,
cap. Dexilend,Cap. ESONEX,0.6817,0.5385,0.8250,
cefotil plus,Wfolil plm,0.6815,0.5833,0.7798,
Tab. Naprosyn Plus,Tab. Normens,0.6815,0.5000,0.8631,
Tab. Flamex,Tab. Maxiwa,0.6814,0.4545,0.9083,
Ceevit,cefazid,0.6810,0.4286,0.9333,
corox,vigorex,0.6810,0.4286,0.9333,
Creston,Rosetn,0.6810,0.4286,0.9333,
criptin,Rupadin,0.6810,0.4286,0.9333,
Delanix,Linax,0.6810,0.4286,0.9333,
demelon,Domin,0.6810,0.4286,0.9333,
Devixil,Fixal,0.6810,0.4286,0.9333,
Domin,t-mycin,0.6810,0.4286,0.9333,
dulox,hutilax,0.6810,0.4286,0.9333,
Duralax,Relaxo,0.6810,0.4286,0.9333,
Faenor,Fenafir,0.6810,0.4286,0.9333,
fexocon,gascon,0.6810,0.4286,0.9333,
Glicid,Oclazid,0.6810,0.4286,0.9333,
hulilax,Lelox,0.6810,0.4286,0.9333,
Medroxy,Traxy,0.6810,0.4286,0.9333,
Rivarox,vorirox,0.6810,0.4286,0.9333,
Rupadin,Triptin,0.6810,0.4286,0.9333,
Rupadin,Tryptin,0.6810,0.4286,0.9333,
Sardopa,Syrup,0.6810,0.4286,0.9333,
Profen,Profenid Gell,0.6808,0.4615,0.9000,
Ratinol Forte,ratnol,0.6808,0.4615,0.9000,
Ratinol Forte,Retinol,0.6808,0.4615,0.9000,
Delfraf,Delfxz,0.6807,0.5714,0.7900,
Inderal,Indevex,0.6807,0.5714,0.7900,
Acliz Plus,plaqriw plus,0.6806,0.5833,0.7778,
Cinaron Plus,linux plus,0.6806,0.5833,0.7778,
Cinaron Plus,Naprox plus,0.6806,0.6667,0.6944,
Defcalivo,Dekalin,0.6803,0.5556,0.8050,
Coragen-D,Coralgue D,0.6800,0.6000,0.7600,
Defalin,Dophyllinc,0.6800,0.4000,0.9600,
Delfraf,Telfro max,0.6800,0.5000,0.8600,
flacol,Flucloxin,0.6794,0.4444,0.9143,
anustat,Febustat,0.6792,0.6250,0.7333,
Aropens,propenta,0.6792,0.6250,0.7333,
Calboral,halcorl,0.6792,0.6250,0.7333,
Calcor-D,halcorl,0.6792,0.6250,0.7333,
Cetaclav,Kefuclav,0.6792,0.6250,0.7333,
Colistin,Norestin,0.6792,0.6250,0.7333,
Colistin,Omastin,0.6792,0.6250,0.7333,
Duloxen,Neuroxen,0.6792,0.6250,0.7333,
Emistat,Febustat,0.6792,0.6250,0.7333,
Histacin,Lestarin,0.6792,0.6250,0.7333,
Liprolin,prolix,0.6792,0.6250,0.7333,
Mexpro,Zymetpro,0.6792,0.6250,0.7333,
monfast,Vorifast,0.6792,0.6250,0.7333,
Norestin,Omastin,0.6792,0.6250,0.7333,
Novotrif,Rivotril,0.6792,0.6250,0.7333,
Alatrof,Alolrol,0.6790,0.5714,0.7867,
Bildent,Bilfast,0.6790,0.5714,0.7867,
Delanix,Delfnj,0.6790,0.5714,0.7867,
Prindof,Pripmmf,0.6790,0.5714,0.7867,
progest,Pronex,0.6790,0.5714,0.7867,
Pronex,prosesf,0.6790,0.5714,0.7867,
telcard,Telfast,0.6790,0.5714,0.7867,
Zolhivm,Zolivox,0.6790,0.5714,0.7867,
Bron Gel,Profenid Gell,0.6790,0.5385,0.8194,
Ace XR,Acemox,0.6789,0.5000,0.8578,
Calborul-D,Kalcoral,0.6789,0.5000,0.8578,
Carticare,Coralcalry,0.6789,0.5000,0.8578,
Cora DX,Coralgue D,0.6789,0.5000,0.8578,
Ulfix,Ultrox,0.6789,0.5000,0.8578,
Tab. Etorx,Tab. Menoral,0.6786,0.6667,0.6905,
Paracetamol,Purtisol,0.6784,0.4545,0.9022,
Calboral,Tb. Calboral-D,0.6783,0.5714,0.7852,
A-Flux,A-fun,0.6778,0.6667,0.6889,
Calborul-D,Kalorl Dx,0.6778,0.5000,0.8556,
clarin,clindacin,0.6778,0.5556,0.8000,
Deflacort,Detfacavt,0.6778,0.5556,0.8000,
Defzacort,Detfacavt,0.6778,0.5556,0.8000,
lullonl Dx,lulrilax,0.6778,0.5000,0.8556,
Medragust,Motigut,0.6778,0.4444,0.9111,
napro,Napxon,0.6778,0.6667,0.6889,
probio,prolix,0.6778,0.6667,0.6889,
prolix,Protio,0.6778,0.6667,0.6889,
prolix,Rolip,0.6778,0.6667,0.6889,
Pronex,Ronem,0.6778,0.6667,0.6889,
Syp Asyntamax,Syp Cortam,0.6776,0.5385,0.8167,
Rasiflep,Rodiflex,0.6775,0.6250,0.7300,
Insulin R,Neurolin CR,0.6775,0.5455,0.8095,
Actilac,gavilac,0.6774,0.5714,0.7833,
Actilac,Rotalac,0.6774,0.5714,0.7833,
Afix,Cafixim,0.6774,0.5714,0.7833,
Albumin,Nalbun,0.6774,0.5714,0.7833,
Alrin,Plagrin,0.6774,0.5714,0.7833,
Amilin,moxilin,0.6774,0.5714,0.7833,
Amlocal,Velcal,0.6774,0.5714,0.7833,
Ansulin,lanolin,0.6774,0.5714,0.7833,
anustat,Histat,0.6774,0.5714,0.7833,
Arnitip,Cridip,0.6774,0.5714,0.7833,
Aropens,Feropen,0.6774,0.5714,0.7833,
Aropens,Meropen,0.6774,0.5714,0.7833,
Ascoson,gascon,0.6774,0.5714,0.7833,
Axim,Cafixim,0.6774,0.5714,0.7833,
Bilax,hulilax,0.6774,0.5714,0.7833,
Bilax,hutilax,0.6774,0.5714,0.7833,
Bilax,latilax,0.6774,0.5714,0.7833,
Bilax,lutilax,0.6774,0.5714,0.7833,
Biloxe,Duloxen,0.6774,0.5714,0.7833,
Cefixim,Devixi,0.6774,0.5714,0.7833,
Ceftron,Geston,0.6774,0.5714,0.7833,
Cidex,Libidex,0.6774,0.5714,0.7833,
Clopid,Oclazid,0.6774,0.5714,0.7833,
corox,Vorinox,0.6774,0.5714,0.7833,
corox,vorirox,0.6774,0.5714,0.7833,
Cortan,Hartman,0.6774,0.5714,0.7833,
Creston,Gestin,0.6774,0.5714,0.7833,
criptin,Priten,0.6774,0.5714,0.7833,
Delanix,Fenix,0.6774,0.5714,0.7833,
Delanix,Lasix,0.6774,0.5714,0.7833,
Denixil,Fenix,0.6774,0.5714,0.7833,
Dexin,Hexinor,0.6774,0.5714,0.7833,
Doximev,Roxim,0.6774,0.5714,0.7833,
dulox,Fluelox,0.6774,0.5714,0.7833,
dulox,Lubilox,0.6774,0.5714,0.7833,
dulox,lufilox,0.6774,0.5714,0.7833,
Emistat,Nystat,0.6774,0.5714,0.7833,
Ezylife,Rexlife,0.6774,0.5714,0.7833,
Fixgut,mofigut,0.6774,0.5714,0.7833,
Fixgut,Rifagut,0.6774,0.5714,0.7833,
Fougest,progest,0.6774,0.5714,0.7833,
Gestin,Omastin,0.6774,0.5714,0.7833,
glanine,Plagnin,0.6774,0.5714,0.7833,
Glarine,Plagrin,0.6774,0.5714,0.7833,
Greemox,Pregmos,0.6774,0.5714,0.7833,
Histal,Prestal,0.6774,0.5714,0.7833,
hulilax,Linax,0.6774,0.5714,0.7833,
Itoklav,Roclav,0.6774,0.5714,0.7833,
Klabid,Oclazid,0.6774,0.5714,0.7833,
Ligazid,Oclazid,0.6774,0.5714,0.7833,
Mesacol,Ursocol,0.6774,0.5714,0.7833,
Methox,zithrox,0.6774,0.5714,0.7833,
neclufe,Rexlife,0.6774,0.5714,0.7833,
paveset,Svcset,0.6774,0.5714,0.7833,
Prestal,Revital,0.6774,0.5714,0.7833,
Priten,Triptin,0.6774,0.5714,0.7833,
prosesf,revesf,0.6774,0.5714,0.7833,
Torix,Vorinox,0.6774,0.5714,0.7833,
Torix,vorirox,0.6774,0.5714,0.7833,
Calcor-D,Carulcal D,0.6771,0.5000,0.8543,
Demoxiclav,Doximev,0.6771,0.5000,0.8543,
Naporx,Nervoprx,0.6771,0.5000,0.8543,
Fexolet M,fixalrt,0.6770,0.4444,0.9095,
Lumana plus,Luminus,0.6769,0.5455,0.8083,
cefotil,Sedil,0.6768,0.4286,0.9250,
Decoral,diaryl,0.6768,0.4286,0.9250,
Defalin,Delfian,0.6768,0.4286,0.9250,
Duracef,T-Cef,0.6768,0.4286,0.9250,
Fatisol,visel,0.6768,0.4286,0.9250,
Nalbun,Neobion,0.6768,0.4286,0.9250,
Napryn,nerrion,0.6768,0.4286,0.9250,
Radifil,Revital,0.6768,0.4286,0.9250,
ratinol,renal,0.6768,0.4286,0.9250,
Reset,Revocit,0.6768,0.4286,0.9250,
Revocit,Rozita,0.6768,0.4286,0.9250,
Sedil,Sindala,0.6768,0.4286,0.9250,
nexe mvs,Nexmig,0.6767,0.5000,0.8533,
Tab Cordca,Tab. Rupa,0.6767,0.5000,0.8533,
Tab. cifotil,Tab. Galoa,0.6767,0.5000,0.8533,
Tab. Galoa,Tab. Geofoenil,0.6767,0.5000,0.8533,
Tab. Menoral,Tab. Rupa,0.6767,0.5000,0.8533,
Exium Mups,Seruh Mups,0.6764,0.6000,0.7528,
Calboral Dx,Carulcal D,0.6763,0.5455,0.8071,
Joint Relif Plus,windel plus,0.6760,0.5625,0.7895,
Coragu-D,Coralex DX,0.6759,0.5000,0.8519,
Cefofi Plus Sw,Elosfiv plus,0.6759,0.5000,0.8519,
Ecosprin Plus,Naprox plus,0.6757,0.5385,0.8130,
Kinate,Kindial-D,0.6756,0.4444,0.9067,
Lactomone,Lactu,0.6756,0.4444,0.9067,
Lactomore,Lactu,0.6756,0.4444,0.9067,
Toradolin,Torat,0.6756,0.4444,0.9067,
Tab. Anth,Tab. Naprox,0.6755,0.5455,0.8056,
Tab. Beklo,Tab. Naprox,0.6755,0.5455,0.8056,
Acliz Plus,Naprox plus,0.6755,0.5455,0.8056,
Calboral Dx,lullonl Dx,0.6755,0.5455,0.8056,
Fixcef Plus,linax plus,0.6755,0.5455,0.8056,
Fixcef Plus,linux plus,0.6755,0.5455,0.8056,
Exeptim,exium,0.6754,0.4286,0.9222,
Fexit,fixalrt,0.6754,0.4286,0.9222,
Flemex Plus,Flenex Dew,0.6754,0.5455,0.8053,
Abicon,acron,0.6750,0.5000,0.8500,
Abicon,axon,0.6750,0.5000,0.8500,
abicon max,Asynta max,0.6750,0.5000,0.8500,
acron,Aropen,0.6750,0.5000,0.8500,
Afix,Axim,0.6750,0.5000,0.8500,
Afrin,Anfree,0.6750,0.5000,0.8500,
Alanol,Anodol,0.6750,0.5000,0.8500,
Alanol,Azinel,0.6750,0.5000,0.8500,
Alanol,Azinil,0.6750,0.5000,0.8500,
Alatol,Anodol,0.6750,0.5000,0.8500,
Algin,Amilin,0.6750,0.5000,0.8500,
alix,Axim,0.6750,0.5000,0.8500,
Alrin,Amilin,0.6750,0.5000,0.8500,
Atozen,axon,0.6750,0.5000,0.8500,
Auolac,Avloclav,0.6750,0.5000,0.8500,
Baemax,Bilax,0.6750,0.5000,0.8500,
Baumax,Bilax,0.6750,0.5000,0.8500,
Bilau,Bislol,0.6750,0.5000,0.8500,
Billi,Bislol,0.6750,0.5000,0.8500,
Biltin,Brodin,0.6750,0.5000,0.8500,
Cortan,Cotson,0.6750,0.5000,0.8500,
Cowficid,Glicid,0.6750,0.5000,0.8500,
Dekalin,Dophylin,0.6750,0.5000,0.8500,
Delfxz,Dexa,0.6750,0.5000,0.8500,
Deuxil,Devixi,0.6750,0.5000,0.8500,
Devixi,Dexila,0.6750,0.5000,0.8500,
Devixi,Dexin,0.6750,0.5000,0.8500,
Dexin,Domin,0.6750,0.6000,0.7500,
Diabetic,Diet,0.6750,0.5000,0.8500,
Diet,dmiden,0.6750,0.5000,0.8500,
Dueblock,dulox,0.6750,0.5000,0.8500,
Dueblock,Trilock,0.6750,0.5000,0.8500,
dulox,Duoblock,0.6750,0.5000,0.8500,
Duoblock,Trilock,0.6750,0.5000,0.8500,
Emazid,Esotid,0.6750,0.5000,0.8500,
Famolack,Frulac,0.6750,0.5000,0.8500,
faropen,Phylopen,0.6750,0.5000,0.8500,
Fasopen,Phylopen,0.6750,0.5000,0.8500,
fenisen,Follison,0.6750,0.5000,0.8500,
Feropen,Phylopen,0.6750,0.5000,0.8500,
Fexo,Flexinor,0.6750,0.5000,0.8500,
Filmet,Fremit,0.6750,0.5000,0.8500,
flemex,Levox,0.6750,0.5000,0.8500,
Flugat,Frulac,0.6750,0.5000,0.8500,
FONA,furonaaf,0.6750,0.5000,0.8500,
Furotil,Rivotril,0.6750,0.5000,0.8500,
gascon,Glasin,0.6750,0.5000,0.8500,
gasnil,Glasin,0.6750,0.5000,0.8500,
Gel,Gerlon,0.6750,0.5000,0.8500,
Gel,Geslon,0.6750,0.5000,0.8500,
Gestirenol,Retinol,0.6750,0.6000,0.7500,
hansol,Histol,0.6750,0.5000,0.8500,
Kalorl Dx,Salost Dx,0.6750,0.6667,0.6833,
lecor,Lelox,0.6750,0.6000,0.7500,
lecor,Levox,0.6750,0.6000,0.7500,
Metro,Montrlon,0.6750,0.5000,0.8500,
Mixit,myosit,0.6750,0.5000,0.8500,
Neso,Nexc,0.6750,0.5000,0.8500,
Neso,Norsol,0.6750,0.5000,0.8500,
Nesotem,Neurocet,0.6750,0.5000,0.8500,
Nexum,Nonum,0.6750,0.6000,0.7500,
Pair,PPI,0.6750,0.5000,0.8500,
Pli,Proliv,0.6750,0.5000,0.8500,
Ralee,Regler,0.6750,0.5000,0.8500,
Relaxo,Rynuxo,0.6750,0.5000,0.8500,
Relvis,revesf,0.6750,0.5000,0.8500,
Reto,Rosetn,0.6750,0.5000,0.8500,
rofnp,Rolip,0.6750,0.6000,0.7500,
Ronem,Roxim,0.6750,0.6000,0.7500,
Tablet,tal,0.6750,0.5000,0.8500,
Todet,toxit,0.6750,0.6000,0.7500,
Torat,toxit,0.6750,0.6000,0.7500,
Zolfin,Zovia,0.6750,0.5000,0.8500,
Tab. Galoa,Tb. Altaxc,0.6748,0.5000,0.8496,
cefazid,Cefim,0.6746,0.5714,0.7778,
Cefim,Cefin-B,0.6746,0.5714,0.7778,
Cefim,cefotil,0.6746,0.5714,0.7778,
Decoral,docopa,0.6746,0.5714,0.7778,
Farofew,Feropen,0.6746,0.5714,0.7778,
Faropew,Furocef,0.6746,0.5714,0.7778,
Folison,Folita,0.6746,0.5714,0.7778,
Folison,folive,0.6746,0.5714,0.7778,
Folita,Volinac,0.6746,0.5714,0.7778,
folive,Voligel,0.6746,0.5714,0.7778,
Meropen,merrobe,0.6746,0.5714,0.7778,
Monas,Montair,0.6746,0.5714,0.7778,
probio,protein,0.6746,0.5714,0.7778,
tarlica,Terbia,0.6746,0.5714,0.7778,
Zolfin,Zollium,0.6746,0.5714,0.7778,
Cef-,Rcef-Dx,0.6746,0.5714,0.7778,
Doximax,Optimax,0.6746,0.5714,0.7778,
Endurex,Indevex,0.6746,0.5714,0.7778,
Ecosprin Plus,plaqriw plus,0.6746,0.5385,0.8107,
Coralcal,Coralex DX,0.6744,0.5000,0.8489,
Tryptim,Tryptin Plus,0.6744,0.5000,0.8489,
Esipram,Esprozo,0.6743,0.4286,0.9200,
Alfane,Alfix,0.6742,0.5000,0.8483,
Ansilou,Anstouit,0.6742,0.5000,0.8483,
Bredicon,Brodil,0.6742,0.5000,0.8483,
Cavinton,Gavinaaf,0.6742,0.5000,0.8483,
Deixil,Dexcin,0.6742,0.5000,0.8483,
Deuxil,Dexcin,0.6742,0.5000,0.8483,
Dexcin,Dexila,0.6742,0.5000,0.8483,
Dexcin,Texit,0.6742,0.5000,0.8483,
Dexila,dextac,0.6742,0.5000,0.8483,
Dexila,Dexter,0.6742,0.5000,0.8483,
Dexin,Dexlor,0.6742,0.5000,0.8483,
Dexin,dextac,0.6742,0.5000,0.8483,
Dexin,Dextal,0.6742,0.5000,0.8483,
Dexin,Dexter,0.6742,0.5000,0.8483,
dextac,doxva,0.6742,0.5000,0.8483,
Dextal,doxva,0.6742,0.5000,0.8483,
filmef,flemex,0.6742,0.5000,0.8483,
Filmet,flemex,0.6742,0.5000,0.8483,
Fixal,Fixcef,0.6742,0.5000,0.8483,
Fixal,Fixgut,0.6742,0.5000,0.8483,
Flamyd,flemex,0.6742,0.5000,0.8483,
Hastaol,Histacin,0.6742,0.5000,0.8483,
Histacin,Histol,0.6742,0.5000,0.8483,
maxdol,Maxima,0.6742,0.5000,0.8483,
Maxima,Maxrin,0.6742,0.5000,0.8483,
Maxrin,Mixit,0.6742,0.5000,0.8483,
Montair,montelon,0.6742,0.5000,0.8483,
Naporx,Napryn,0.6742,0.5000,0.8483,
Nexc,nexpro,0.6742,0.5000,0.8483,
nexpro,Nexum,0.6742,0.5000,0.8483,
Norestin,Norsol,0.6742,0.5000,0.8483,
normanal,Normeivo,0.6742,0.5000,0.8483,
Normant,Normeivo,0.6742,0.5000,0.8483,
Peridon,Purtisol,0.6742,0.5000,0.8483,
Precabil,Pregan,0.6742,0.5000,0.8483,
telmacal,Telmiaip,0.6742,0.5000,0.8483,
Telmiaip,Telmocal,0.6742,0.5000,0.8483,
Zinax,zinc b,0.6742,0.5000,0.8483,
Maxrin D,Maxuline-R,0.6739,0.5000,0.8478,
Cor algen-D,coral rd,0.6738,0.5455,0.8022,
Bron Gel,BRON WASFI,0.6738,0.5000,0.8476,
Neuming,Nexmig,0.6738,0.7143,0.6333,
Auolac,Famolack,0.6736,0.6250,0.7222,
candifast,Canficid,0.6733,0.4444,0.9022,
clindacin,Colistin,0.6733,0.4444,0.9022,
Fensiv,Frenxil,0.6732,0.5714,0.7750,
Fensiv,Frenxit,0.6732,0.5714,0.7750,
Fexit,Frenxil,0.6732,0.5714,0.7750,
Flexi,Frenxil,0.6732,0.5714,0.7750,
Flexi,Frenxit,0.6732,0.5714,0.7750,
Maxigam E/D,Moxigram,0.6731,0.4545,0.8917,
Duloxen,Flucloxin,0.6730,0.5556,0.7905,
Esomax,lanso max,0.6730,0.5556,0.7905,
Fossical D,kindical D,0.6730,0.6000,0.7460,
Germicord,Sperm Core,0.6730,0.6000,0.7460,
Ravliflex,Wiflex,0.6730,0.5556,0.7905,
Tab. clacido,Tab. Naprox,0.6729,0.5000,0.8458,
Tab. Menoral,Tab. Naprox,0.6729,0.5000,0.8458,
Tab. Normens,Tb. Torax,0.6729,0.5000,0.8458,
Microcef,Microgurt,0.6728,0.5556,0.7900,
Tab. Anth,Tab. Deap,0.6728,0.5556,0.7900,
Tab. Anth,Tab. Rupa,0.6728,0.5556,0.7900,
Tab Cordca,Tab. Normen,0.6727,0.5455,0.8000,
Tab. Amitip,Tab. Maxiwa,0.6727,0.5455,0.8000,
Tab. ANADOL,Tb. Mccol,0.6727,0.5455,0.8000,
Tab. Normen,Tb. Torax,0.6727,0.5455,0.8000,
aeropen,RUPIN,0.6726,0.4286,0.9167,
Anitip,N-Itepa,0.6726,0.4286,0.9167,
Bicozin,Kacin,0.6726,0.4286,0.9167,
Bilista,Losita,0.6726,0.4286,0.9167,
Caficid,fusid,0.6726,0.4286,0.9167,
Callin,Dekalin,0.6726,0.4286,0.9167,
Dominos,Monas,0.6726,0.4286,0.9167,
faropen,RUPIN,0.6726,0.4286,0.9167,
Feropen,RUPIN,0.6726,0.4286,0.9167,
Glicid,Ligazid,0.6726,0.4286,0.9167,
Luminus,Monas,0.6726,0.4286,0.9167,
Meropen,RUPIN,0.6726,0.4286,0.9167,
Neobion,Sanbin,0.6726,0.4286,0.9167,
ROlac,Trilock,0.6726,0.4286,0.9167,
Fexit,Fexolet M,0.6722,0.4444,0.9000,
Flexi,Flucloxin,0.6722,0.4444,0.9000,
Flucloxin,Flux,0.6722,0.4444,0.9000,
Flucloxin,Fylox,0.6722,0.4444,0.9000,
Tab. Arislovit-B,Tab. Neuro-B,0.6722,0.5000,0.8444,
Anfrocef,ansef,0.6722,0.5000,0.8444,
Cora DX,Coragu-D,0.6722,0.5000,0.8444,
coral,Coralex DX,0.6722,0.5000,0.8444,
coral rd,Corulcal-D,0.6722,0.5000,0.8444,
coral-dx,Coralcalry,0.6722,0.5000,0.8444,
Denoxidov,Doxiva,0.6722,0.4444,0.9000,
Fexofast,fixocard,0.6722,0.5000,0.8444,
lansomax,Linax,0.6722,0.5000,0.8444,
Microgcofi,Microsegt,0.6722,0.5000,0.8444,
Montinex,Montrlon,0.6722,0.5000,0.8444,
Tab. Anth,TAB. PENOULY,0.6722,0.5000,0.8444,
Tab. Beklo,Tab. Neobean,0.6722,0.5000,0.8444,
Tab. Calbo,Tab. Neobean,0.6722,0.5000,0.8444,
Tab. Calbo,Tab. Neuro-B,0.6722,0.5000,0.8444,
Tab. Neobean,TAB. PENOULY,0.6722,0.5000,0.8444,
Tab. Neuro-B,TAB. PENOULY,0.6722,0.5000,0.8444,
plaqriw plus,Telecordip plus,0.6720,0.5333,0.8107,
Naprosin Plus,plaqriw plus,0.6720,0.5385,0.8056,
Calboral Dx,Calcor-D,0.6720,0.5455,0.7985,
Calboral Dx,Kalcoral,0.6720,0.5455,0.7985,
halcorl,hallornl Dx,0.6720,0.5455,0.7985,
Rasiflep,Ravliflex,0.6714,0.6667,0.6762,
Tab. Amitip,Tab. Arislovit-B,0.6714,0.5000,0.8429,
Naprosin Plus,Tryptin Plus,0.6713,0.5385,0.8042,
Algin Plus,Naprosin Plus,0.6711,0.6154,0.7269,
Furotil Plus,Naprosin Plus,0.6711,0.6154,0.7269,
Feursilal,Furoclav,0.6711,0.5556,0.7867,
Profrauof,Proindof,0.6711,0.5556,0.7867,
Alcef,ALOS,0.6708,0.4000,0.9417,
Alcet,ALOS,0.6708,0.4000,0.9417,
Dexa,Texit,0.6708,0.4000,0.9417,
Drop,Trypt,0.6708,0.4000,0.9417,
Fexo,Fixal,0.6708,0.4000,0.9417,
Fixgut,fixocard,0.6708,0.3750,0.9667,
Rex,Roxim,0.6708,0.4000,0.9417,
xinc,Zinax,0.6708,0.4000,0.9417,
Tab. Deap,Tab. Epitra,0.6706,0.4545,0.8867,
Tab. Maxiwa,Tb. Mccol,0.6701,0.4545,0.8857,
Tab. Normen,Tab.Neuro,0.6701,0.4545,0.8857,
Acemox,Ambrox,0.6700,0.5000,0.8400,
deflaxen,Delanix,0.6700,0.5000,0.8400,
deflaxen,Delfxz,0.6700,0.5000,0.8400,
Fentizol,Frenxil,0.6700,0.5000,0.8400,
fexocon,Flexinor,0.6700,0.5000,0.8400,
Gerhinal,Gestirenol,0.6700,0.5000,0.8400,
lulrilax,Lwfilex,0.6700,0.5000,0.8400,
Napronex,Nenvopex,0.6700,0.5000,0.8400,
Pantonix,Pronex,0.6700,0.5000,0.8400,
Ace,Acemox,0.6700,0.5000,0.8400,
hici,Histacin,0.6700,0.5000,0.8400,
Meffo,mefhomof,0.6700,0.5000,0.8400,
Napa,Napa one,0.6700,0.5000,0.8400,
Napa,Naporx,0.6700,0.5000,0.8400,
Napa,Napxon,0.6700,0.5000,0.8400,
Ralee,relenten,0.6700,0.5000,0.8400,
Rivo,Rivotril,0.6700,0.5000,0.8400,
Temlonil,temo,0.6700,0.5000,0.8400,
Tory,Troxyf,0.6700,0.5000,0.8400,
Flamfix,Flexi,0.6698,0.4286,0.9111,
Flamfix,Flux,0.6698,0.4286,0.9111,
merrobe,meur,0.6698,0.4286,0.9111,
Ralee,Reelife,0.6698,0.4286,0.9111,
Reelife,Rolae,0.6698,0.4286,0.9111,
sckoria,Seko,0.6698,0.4286,0.9111,
Aropen,Meropenem,0.6694,0.5556,0.7833,
Beconal,metaconil,0.6694,0.5556,0.7833,
Cinamycin,t-mycin,0.6694,0.5556,0.7833,
Defcalivo,fevaliv,0.6694,0.5556,0.7833,
faropen,Meropenem,0.6694,0.5556,0.7833,
Feursilal,Purisal,0.6694,0.5556,0.7833,
Flamfix,Fleme max,0.6694,0.4444,0.8944,
Geotoenol,rectinol,0.6694,0.5556,0.7833,
Geotrenol,Retinol,0.6694,0.5556,0.7833,
Geston,Rephaston,0.6694,0.5556,0.7833,
Katomor,Lactomone,0.6694,0.5556,0.7833,
Kindial-D,Sindala,0.6694,0.5556,0.7833,
metaconil,Temlonil,0.6694,0.5556,0.7833,
Napa Extend,Napa Rapid,0.6690,0.5455,0.7926,
Maxigam E/D,Maxima,0.6689,0.4545,0.8833,
Feursilal,Frulae,0.6689,0.4444,0.8933,
Nexe-mups,Nexmig,0.6689,0.4444,0.8933,
Toradolin,Triptin,0.6689,0.4444,0.8933,
Toradolin,Tryptin,0.6689,0.4444,0.8933,
Itrahil,Itralul SB,0.6683,0.5000,0.8367,
Maxrin,Maxsulin R,0.6683,0.5000,0.8367,
Tab. Deap,Tab. Etorx,0.6683,0.5000,0.8367,
Tab. Etorx,Tab. Galoa,0.6683,0.5000,0.8367,
Tab. Etorx,Tab. Rupa,0.6683,0.5000,0.8367,
Tab. Normens,Tab. Rupa,0.6683,0.5000,0.8367,
Calcor-Dx,Calnor,0.6683,0.5556,0.7810,
Doximax,Toramax,0.6682,0.5714,0.7650,
cefotil plus,Medi Plus,0.6681,0.5833,0.7528,
Napa Extend,Napxon,0.6680,0.4545,0.8815,
Cafixim,Ceftadixime,0.6680,0.5455,0.7905,
Coralcal,Micoral gel,0.6680,0.5455,0.7905,
Montelukast,Telfast,0.6680,0.5455,0.7905,
Telecordip plus,Tryptin Plus,0.6679,0.4667,0.8692,
Apeelo,apuldon,0.6676,0.4286,0.9067,
criptin,CRP,0.6676,0.4286,0.9067,
Delfmz,Telfast,0.6676,0.4286,0.9067,
Delfroz,Telfast,0.6676,0.4286,0.9067,
Delfrz,Telfast,0.6676,0.4286,0.9067,
Dexa,Doxicap,0.6676,0.4286,0.9067,
Dexa,Doxycap,0.6676,0.4286,0.9067,
Dexcin,dexnaaf,0.6676,0.4286,0.9067,
Dexcin,Dexnaat,0.6676,0.4286,0.9067,
Dexcin,Dexnaof,0.6676,0.4286,0.9067,
Dexcin,Doxoven,0.6676,0.4286,0.9067,
Dexnaat,Dexter,0.6676,0.4286,0.9067,
dextac,Doxicap,0.6676,0.4286,0.9067,
dextac,Doxycap,0.6676,0.4286,0.9067,
Inderal,Indiver,0.6676,0.4286,0.9067,
Inderal,Indo,0.6676,0.4286,0.9067,
Inderal,Indover,0.6676,0.4286,0.9067,
Inderen,Indo,0.6676,0.4286,0.9067,
Indever,Indo,0.6676,0.4286,0.9067,
Indiver,Indo,0.6676,0.4286,0.9067,
Learxir,Lyric,0.6676,0.4286,0.9067,
Libidex,libott,0.6676,0.4286,0.9067,
Norim D,Normant,0.6676,0.4286,0.9067,
Norium,Normant,0.6676,0.4286,0.9067,
Revere,Rivarox,0.6676,0.4286,0.9067,
Rex,Rexlife,0.6676,0.4286,0.9067,
Toramax,trum-,0.6676,0.4286,0.9067,
Toramex,trum-,0.6676,0.4286,0.9067,
vigorex,wficore,0.6676,0.4286,0.9067,
Colistin,Glicid,0.6675,0.3750,0.9600,
Denoxidov,Dexnaof,0.6672,0.4444,0.8900,
Ceftriaxone,Cefuroximee,0.6670,0.4545,0.8794,
?icrogent,Coragen-D,0.6667,0.3333,1.0000,
A-fun,Afrin,0.6667,0.4000,0.9333,
acron,Garcon,0.6667,0.5000,0.8333,
acron,Secrin,0.6667,0.5000,0.8333,
Aislof max,Tesfro max,0.6667,0.5000,0.8333,
Alanol,flacol,0.6667,0.6667,0.6667,
Alatol,flacol,0.6667,0.6667,0.6667,
Alcet,Salost,0.6667,0.5000,0.8333,
alix,Flux,0.6667,0.5000,0.8333,
alix,Paloxi,0.6667,0.5000,0.8333,
Ancor,calcor,0.6667,0.6667,0.6667,
Anlin,Sanbin,0.6667,0.6667,0.6667,
Anlin,Sandin,0.6667,0.6667,0.6667,
Arlila,artica,0.6667,0.6667,0.6667,
Arlin,Gerlon,0.6667,0.5000,0.8333,
Arlin,Neurolin,0.6667,0.5000,0.8333,
Aropen,Atozen,0.6667,0.6667,0.6667,
Aropen,Bromen,0.6667,0.6667,0.6667,
Aropen,Profen,0.6667,0.6667,0.6667,
Avolac,Frulac,0.6667,0.5000,0.8333,
axon,gascon,0.6667,0.5000,0.8333,
Azinil,gasnil,0.6667,0.5000,0.8333,
Baemax,N-Max,0.6667,0.5000,0.8333,
Baemax,zimax,0.6667,0.5000,0.8333,
Baumax,N-Max,0.6667,0.5000,0.8333,
Baumax,zimax,0.6667,0.5000,0.8333,
bengel,Sergel,0.6667,0.6667,0.6667,
Bexitrol,Bextwfiluy,0.6667,0.4000,0.9333,
Bilax,Relaxo,0.6667,0.5000,0.8333,
Bilaxe,Linax,0.6667,0.5000,0.8333,
Bilaxe,Relaxo,0.6667,0.5000,0.8333,
Biloxe,dulox,0.6667,0.5000,0.8333,
Biloxe,Eylox,0.6667,0.5000,0.8333,
Biloxe,Fylox,0.6667,0.5000,0.8333,
Biloxe,Lelox,0.6667,0.5000,0.8333,
Biloxe,Paloxi,0.6667,0.5000,0.8333,
Biscor,Bislol,0.6667,0.6667,0.6667,
Biscor max,Tesfro max,0.6667,0.5000,0.8333,
Bislol,Histol,0.6667,0.6667,0.6667,
Bisoren,Ribosore,0.6667,0.5000,0.8333,
Brodil,Rostil,0.6667,0.5000,0.8333,
Brodil,Rudi,0.6667,0.5000,0.8333,
Brodin,Merdin,0.6667,0.5000,0.8333,
Brodin,Rudi,0.6667,0.5000,0.8333,
Bromen,Profen,0.6667,0.6667,0.6667,
Calbon,calcor,0.6667,0.6667,0.6667,
Cantilid,kindical D,0.6667,0.4000,0.9333,
cefazid,Cowficid,0.6667,0.5000,0.8333,
cefotil plus,windel plus,0.6667,0.5000,0.8333,
Cildip,Cridip,0.6667,0.6667,0.6667,
clarin,Secrin,0.6667,0.5000,0.8333,
Coraleal,Ralee,0.6667,0.5000,0.8333,
corox,Thyrox,0.6667,0.5000,0.8333,
Costan,Gestin,0.6667,0.5000,0.8333,
Costan,Geston,0.6667,0.5000,0.8333,
Costan,Rosetn,0.6667,0.5000,0.8333,
Cotson,Tosou,0.6667,0.5000,0.8333,
Cridip,Rudi,0.6667,0.5000,0.8333,
Deixil,Fixal,0.6667,0.5000,0.8333,
Devixi,Fenix,0.6667,0.5000,0.8333,
Devixi,Levox,0.6667,0.5000,0.8333,
Drexy,drise,0.6667,0.4000,0.9333,
dulox,Paloxi,0.6667,0.5000,0.8333,
E-vit,Efedio,0.6667,0.3333,1.0000,
E-vit,Efodio,0.6667,0.3333,1.0000,
esohil,Esotid,0.6667,0.6667,0.6667,
Esoral,etorac,0.6667,0.6667,0.6667,
Esotil,Rostil,0.6667,0.5000,0.8333,
etorac,Torex,0.6667,0.5000,0.8333,
etorac,Torix,0.6667,0.5000,0.8333,
etorac,Tory,0.6667,0.5000,0.8333,
Eylox,Paloxi,0.6667,0.5000,0.8333,
Famolack,gavilac,0.6667,0.5000,0.8333,
femotol,Metaomol,0.6667,0.5000,0.8333,
Fexit,Fremit,0.6667,0.6667,0.6667,
filmef,filnet,0.6667,0.6667,0.6667,
Filmet,Filwef,0.6667,0.6667,0.6667,
Filmet,Flamyd,0.6667,0.3333,1.0000,
filnet,Filwef,0.6667,0.6667,0.6667,
flacol,Velcal,0.6667,0.3333,1.0000,
Flamyd,Glymed,0.6667,0.5000,0.8333,
Flayd,Folita,0.6667,0.3333,1.0000,
Flexi,Paloxi,0.6667,0.5000,0.8333,
Fremit,Remmo,0.6667,0.5000,0.8333,
Frulac,Rolae,0.6667,0.5000,0.8333,
furonaaf,Gavinaaf,0.6667,0.5000,0.8333,
Furotil Plus,windel plus,0.6667,0.5000,0.8333,
Fylox,Paloxi,0.6667,0.5000,0.8333,
Garcon,Gerfon,0.6667,0.6667,0.6667,
Garcon,Gerlon,0.6667,0.6667,0.6667,
Garcon,Vergon,0.6667,0.5000,0.8333,
Garcon,verqon,0.6667,0.5000,0.8333,
gascon,Geslon,0.6667,0.6667,0.6667,
gascon,Geston,0.6667,0.6667,0.6667,
Gerfon,Geslon,0.6667,0.6667,0.6667,
Gerfon,Geston,0.6667,0.6667,0.6667,
Gerfon,Mervan,0.6667,0.5000,0.8333,
Gerfon,Vergon,0.6667,0.6667,0.6667,
Gerfon,verqon,0.6667,0.6667,0.6667,
Gerlon,Geston,0.6667,0.6667,0.6667,
Gerlon,Neurolin,0.6667,0.5000,0.8333,
Gerlon,Vergon,0.6667,0.6667,0.6667,
Gerlon,verqon,0.6667,0.6667,0.6667,
Glasin,Lasix,0.6667,0.6667,0.6667,
glinta,Lindac,0.6667,0.5000,0.8333,
hansol,Norsol,0.6667,0.5000,0.8333,
hansol,ponsal,0.6667,0.5000,0.8333,
Histal,Rostil,0.6667,0.5000,0.8333,
Histol,Rostil,0.6667,0.5000,0.8333,
Iracet,Neurocet,0.6667,0.5000,0.8333,
Iracet,uriset,0.6667,0.5000,0.8333,
Itogut,progut,0.6667,0.6667,0.6667,
Itogut,toxit,0.6667,0.5000,0.8333,
lanolin,Neurolin,0.6667,0.5000,0.8333,
Lelox,Paloxi,0.6667,0.5000,0.8333,
Lelox,Relaxo,0.6667,0.5000,0.8333,
Levox,Neuvoxew,0.6667,0.5000,0.8333,
linax plus,plaqriw plus,0.6667,0.5000,0.8333,
linux plus,plaqriw plus,0.6667,0.5000,0.8333,
M-Kast,Mixit,0.6667,0.3333,1.0000,
Maxima,Roxim,0.6667,0.5000,0.8333,
Metro,Mitpr,0.6667,0.4000,0.9333,
Nalbun,Sanbin,0.6667,0.5000,0.8333,
Neurocet,Revocit,0.6667,0.5000,0.8333,
Neurocet,uriset,0.6667,0.5000,0.8333,
Neurolin,Pirulin,0.6667,0.5000,0.8333,
Neuvoxew,Tevox,0.6667,0.5000,0.8333,
Norsol,ponsal,0.6667,0.5000,0.8333,
Orofer,Profen,0.6667,0.6667,0.6667,
Paloxi,Valex,0.6667,0.5000,0.8333,
Phenocid,Revocit,0.6667,0.5000,0.8333,
premac,Remmo,0.6667,0.5000,0.8333,
Profen,rofnp,0.6667,0.5000,0.8333,
Profenid Gel,Profinex,0.6667,0.5000,0.8333,
Proliv,Roclav,0.6667,0.5000,0.8333,
Proliv,Rolae,0.6667,0.5000,0.8333,
Reset,Rozita,0.6667,0.3333,1.0000,
Revert,revesf,0.6667,0.6667,0.6667,
Rosetn,uriset,0.6667,0.5000,0.8333,
Tab. clacido,Tb. Calboral-D,0.6667,0.4286,0.9048,
Tab. Naprox,Tab. Neobean,0.6667,0.5000,0.8333,
Tab. Neobean,Tb. N- Max,0.6667,0.5000,0.8333,
Thyrox,Torax,0.6667,0.5000,0.8333,
Thyrox,Torex,0.6667,0.5000,0.8333,
Thyrox,Torix,0.6667,0.5000,0.8333,
Torat,Trypt,0.6667,0.4000,0.9333,
Algin Plus,plaqriw plus,0.6667,0.5833,0.7500,
Cheort-Dx,Cora DX,0.6667,0.5556,0.7778,
Cheort-Dx,coral-dx,0.6667,0.5556,0.7778,
Dophyllinc,Volinac,0.6667,0.4000,0.9333,
Emprelina,Pirulin,0.6667,0.4444,0.8889,
Mitpr,Zymat Pro,0.6667,0.4444,0.8889,
Mitpr,Zymet Pro,0.6667,0.4444,0.8889,
flemex,Flenex Dew,0.6662,0.5000,0.8324,
Prnzofress,prosesf,0.6662,0.5000,0.8324,
algecal,amdocal,0.6657,0.5714,0.7600,
Delfmz,Desfviz,0.6657,0.5714,0.7600,
Delfnj,Deslong,0.6657,0.5714,0.7600,
Delfraf,Detfacf,0.6657,0.5714,0.7600,
Delfroz,Desfviz,0.6657,0.5714,0.7600,
Delfrz,Desfviz,0.6657,0.5714,0.7600,
Deslong,Dexlor,0.6657,0.5714,0.7600,
f lubre,Flubex,0.6657,0.5714,0.7600,
Libidex,Lwfilex,0.6657,0.5714,0.7600,
Melpred,Mexpro,0.6657,0.5714,0.7600,
Timptin,Tryptim,0.6657,0.5714,0.7600,
Tmiptin,Tryptim,0.6657,0.5714,0.7600,
Caficid,Comlricid,0.6653,0.5556,0.7750,
gaviflux,K-flex,0.6653,0.3750,0.9556,
Paracetamol,Prestel,0.6652,0.3636,0.9667,
flemex,Tab. Flamex,0.6648,0.4545,0.8750,
Finix,Frenxil,0.6643,0.4286,0.9000,
Finix,Frenxit,0.6643,0.4286,0.9000,
Fixal,Frenxil,0.6643,0.4286,0.9000,
Lelox,lnfilax,0.6643,0.4286,0.9000,
Cetinol forte,Rotinaf fote,0.6642,0.6154,0.7131,
Alect,Allyglot,0.6642,0.3750,0.9533,
filmef,Flemorif,0.6642,0.3750,0.9533,
Liprolin,Lopiren,0.6642,0.3750,0.9533,
clindamycin,Vancomycin,0.6640,0.5455,0.7825,
Mecor,Microgurt,0.6639,0.4444,0.8833,
Nexe,Nexe-mups,0.6639,0.4444,0.8833,
Terbia,turboclav,0.6639,0.4444,0.8833,
Zymat Pro,Zymet,0.6639,0.4444,0.8833,
Calboral D,coral cal d,0.6638,0.5455,0.7821,
linux plus,Lumana plus,0.6638,0.5455,0.7821,
Tab. ANADOL,Tab. Naprox,0.6634,0.6364,0.6905,
Tab. Flamex,Tab. Normen,0.6634,0.6364,0.6905,
albutein,Algin,0.6633,0.5000,0.8267,
albutein,Alrin,0.6633,0.5000,0.8267,
Alcet,Algend,0.6633,0.5000,0.8267,
Alect,Algend,0.6633,0.5000,0.8267,
Alfane,Algend,0.6633,0.5000,0.8267,
Algend,Alrin,0.6633,0.5000,0.8267,
Anitip,Anstouit,0.6633,0.5000,0.8267,
Cafixim,Cowficid,0.6633,0.5000,0.8267,
Calamine,clexane,0.6633,0.5000,0.8267,
Calcor-D,Clopid,0.6633,0.5000,0.8267,
Calnor,Kalcoral,0.6633,0.5000,0.8267,
cefazid,Cefixime,0.6633,0.5000,0.8267,
clarin,Colistin,0.6633,0.5000,0.8267,
Coragu-D,Coralcal,0.6633,0.5000,0.8267,
Delcalen,Delfian,0.6633,0.5000,0.8267,
Delfian,Telmivas,0.6633,0.5000,0.8267,
Emazid,Emjard,0.6633,0.5000,0.8267,
Emetid,Emjard,0.6633,0.5000,0.8267,
fenisen,Fentizol,0.6633,0.5000,0.8267,
Fenix,Fentizol,0.6633,0.5000,0.8267,
Fensiv,Fentizol,0.6633,0.5000,0.8267,
filmef,vildamet,0.6633,0.5000,0.8267,
filnet,vildamet,0.6633,0.5000,0.8267,
Filwef,vildamef,0.6633,0.5000,0.8267,
Flubex,Flugat,0.6633,0.5000,0.8267,
Furoclav,Furotil,0.6633,0.5000,0.8267,
Gavinaaf,Gavitfep,0.6633,0.5000,0.8267,
Gerfon,Gerhinal,0.6633,0.5000,0.8267,
Gerhinal,Gerlon,0.6633,0.5000,0.8267,
Glysup,Glyxan,0.6633,0.5000,0.8267,
K-flam,Kefuclav,0.6633,0.5000,0.8267,
Limbix,Limtab,0.6633,0.5000,0.8267,
Lipicon,Liprolin,0.6633,0.5000,0.8267,
myosit,myotax,0.6633,0.5000,0.8267,
Nalbun,nalepsin,0.6633,0.5000,0.8267,
Napa one,Napryn,0.6633,0.5000,0.8267,
Naporx,Neptor,0.6633,0.5000,0.8267,
Napryn,Nopxon,0.6633,0.5000,0.8267,
Nervion,Neuroxen,0.6633,0.5000,0.8267,
Norestin,Nortum,0.6633,0.5000,0.8267,
normanal,Norsol,0.6633,0.5000,0.8267,
Precabil,premac,0.6633,0.5000,0.8267,
Priten,Pronex,0.6633,0.5000,0.8267,
Priten,propenta,0.6633,0.5000,0.8267,
progut,prolix,0.6633,0.5000,0.8267,
progut,Pronex,0.6633,0.5000,0.8267,
progut,propenta,0.6633,0.5000,0.8267,
propenta,protein,0.6633,0.5000,0.8267,
Raditril,ratinol,0.6633,0.5000,0.8267,
Raditril,ratnol,0.6633,0.5000,0.8267,
Ralripus,Relvis,0.6633,0.5000,0.8267,
relentus,Relvis,0.6633,0.5000,0.8267,
Revocit,Rivotril,0.6633,0.5000,0.8267,
t-mycin,Tomdolin,0.6633,0.5000,0.8267,
Termitan,Trizon,0.6633,0.5000,0.8267,
Trizon,trodolin,0.6633,0.5000,0.8267,
Velcal,voltalin,0.6633,0.5000,0.8267,
Dexila,Terxilla-SR,0.6630,0.4545,0.8714,
m-lucas,Montelukast,0.6630,0.4545,0.8714,
Tab. ANADOL,Tb. Altaxc,0.6630,0.4545,0.8714,
Comprid,Ecosprin,0.6625,0.6250,0.7000,
Delfrz,Telfro max,0.6625,0.4000,0.9250,
Fexofast,Telfast,0.6625,0.6250,0.7000,
hutilax,lulrilax,0.6625,0.6250,0.7000,
prelics CR,prolix,0.6625,0.4000,0.9250,
A-fun,Anfuye,0.6625,0.5000,0.8250,
Anfrocef,Anfuye,0.6625,0.5000,0.8250,
Bex,Bilax,0.6625,0.4000,0.9250,
Calbon,Calborul-D,0.6625,0.5000,0.8250,
calcor,Coralcalry,0.6625,0.5000,0.8250,
Cefrid,Cefuroxime,0.6625,0.5000,0.8250,
corox,coxe,0.6625,0.4000,0.9250,
deflaxen,Dekalin,0.6625,0.5000,0.8250,
deflaxen,Delfian,0.6625,0.5000,0.8250,
Deixl,Delfxz,0.6625,0.5000,0.8250,
Deixl,Dezlo,0.6625,0.4000,0.9250,
Dexa,Dimex,0.6625,0.4000,0.9250,
Dexfacar,Dexila,0.6625,0.5000,0.8250,
Fenix,Fexo,0.6625,0.4000,0.9250,
Feryx,Fexo,0.6625,0.4000,0.9250,
Fexit,fusid,0.6625,0.4000,0.9250,
Fexo,Fylox,0.6625,0.4000,0.9250,
Fixal,fixocard,0.6625,0.5000,0.8250,
Fixal,visel,0.6625,0.4000,0.9250,
Montair,Montinex,0.6625,0.5000,0.8250,
Nexc,Nexcital,0.6625,0.5000,0.8250,
Tab. Etorx,Tab. Normens,0.6625,0.5000,0.8250,
Tazid,Texit,0.6625,0.4000,0.9250,
Tazid,toxit,0.6625,0.4000,0.9250,
v-cal-,Velcal,0.6625,0.5000,0.8250,
zimax,Zox,0.6625,0.4000,0.9250,
Zinax,Zox,0.6625,0.4000,0.9250,
Naprox plus,plaqriw plus,0.6624,0.5833,0.7414,
Geotrenol,Gerhinal,0.6622,0.4444,0.8800,
magni,metaconil,0.6622,0.4444,0.8800,
Naprox plus,Tab. Naprosyn Plus,0.6620,0.5556,0.7685,
Calboral D,Kallonl Dx,0.6619,0.5000,0.8238,
Calcor-Dx,Kallonl Dx,0.6619,0.5000,0.8238,
cap. Maxpro,Cap.Fusprazo,0.6619,0.5000,0.8238,
Cor algen-D,Corulcal-D,0.6616,0.5455,0.7778,
Flemex Plus,Naprox plus,0.6616,0.5455,0.7778,
Tab. Amitip,Tb. Anginta,0.6612,0.4545,0.8679,
A-Flux,radiflex,0.6611,0.5000,0.8222,
A-Flux,Rasiflex,0.6611,0.5000,0.8222,
bactrocin,Caprodycin,0.6611,0.5000,0.8222,
Bexitrol,Dextal,0.6611,0.5000,0.8222,
Cafixim,Cefuroxime,0.6611,0.5000,0.8222,
Cefaxine,deflaxen,0.6611,0.5000,0.8222,
celebrex,Flubex,0.6611,0.5000,0.8222,
ciprox,Napronex,0.6611,0.5000,0.8222,
ciprox,Naproxen,0.6611,0.5000,0.8222,
Comprid,Scluprud,0.6611,0.5000,0.8222,
coral-dx,Duralax,0.6611,0.5000,0.8222,
Esmax,lansomax,0.6611,0.5000,0.8222,
esomix,lansomax,0.6611,0.5000,0.8222,
gaviflux,Wiflex,0.6611,0.5000,0.8222,
Gestirenol,Lestarin,0.6611,0.5000,0.8222,
Gintex,Montinex,0.6611,0.5000,0.8222,
hutilax,ketoflax,0.6611,0.5000,0.8222,
Hydronix,Pronex,0.6611,0.5000,0.8222,
K-flex,radiflex,0.6611,0.5000,0.8222,
K-flex,Rasiflex,0.6611,0.5000,0.8222,
K-flex,Rodiflex,0.6611,0.5000,0.8222,
ketoflax,latilax,0.6611,0.5000,0.8222,
ketoflax,lutilax,0.6611,0.5000,0.8222,
latilax,radiflex,0.6611,0.5000,0.8222,
Lwfilex,radiflex,0.6611,0.5000,0.8222,
Lwfilex,Rasiflex,0.6611,0.5000,0.8222,
Lwfilex,Rodiflex,0.6611,0.5000,0.8222,
Melpred,Scluprud,0.6611,0.5000,0.8222,
Merincal-D,Onacal-D,0.6611,0.5000,0.8222,
Napronex,Pantonix,0.6611,0.5000,0.8222,
Napronex,prolix,0.6611,0.5000,0.8222,
Profinex,Rofixim,0.6611,0.5000,0.8222,
Trerox,Ultrox,0.6611,0.5000,0.8222,
Ace,Ace XR,0.6611,0.5000,0.8222,
Alc,ALOS,0.6611,0.5000,0.8222,
Alcef,Ocef,0.6611,0.6000,0.7222,
Alcef,T-Cef,0.6611,0.6000,0.7222,
Ambrox,Amlrocaf,0.6611,0.5000,0.8222,
Amlip,Rolip,0.6611,0.6000,0.7222,
Ancor,lecor,0.6611,0.6000,0.7222,
Ancor,Mecor,0.6611,0.6000,0.7222,
Anset,Reset,0.6611,0.6000,0.7222,
Anset,viset,0.6611,0.6000,0.7222,
Arlin,Xylin,0.6611,0.6000,0.7222,
atlin,Xylin,0.6611,0.6000,0.7222,
Bilau,Bilfastl,0.6611,0.5000,0.8222,
Ceevit,Cefim,0.6611,0.5000,0.8222,
Coralcalry,Coralex DX,0.6611,0.5000,0.8222,
Doximax,Texfro max,0.6611,0.4000,0.9222,
dulox,nuloc,0.6611,0.6000,0.7222,
Fluma,Folita,0.6611,0.5000,0.8222,
Keto,ketoflax,0.6611,0.5000,0.8222,
lansomax,lnfilax,0.6611,0.5000,0.8222,
Maxirra,Maxuline-R,0.6611,0.4000,0.9222,
Mitpr,Nitr,0.6611,0.6000,0.7222,
Ocef,osec,0.6611,0.5000,0.8222,
Pantonix,Pauion,0.6611,0.5000,0.8222,
renal,Renova,0.6611,0.5000,0.8222,
Rosuva,Rozita,0.6611,0.5000,0.8222,
roswva,Rozita,0.6611,0.5000,0.8222,
Tab. ANADOL,Tab. Neuro-B,0.6611,0.5000,0.8222,
Tab. Anth,Tab. Menoral,0.6611,0.5000,0.8222,
Tab. Anth,Tb. Altaxc,0.6611,0.5000,0.8222,
Tab. Beklo,Tab. Geofoenil,0.6611,0.5000,0.8222,
Tab. Beklo,Tab. Menoral,0.6611,0.5000,0.8222,
Tab. Beklo,Tb. Defrol,0.6611,0.5000,0.8222,
Tab. Calbo,Tab. cifotil,0.6611,0.5000,0.8222,
Tab. cifotil,TAB. PENOULY,0.6611,0.5000,0.8222,
Tab. Epitra,Tab. Neuro-B,0.6611,0.5000,0.8222,
Tab. Epitra,TAB. PENOULY,0.6611,0.5000,0.8222,
Tab. Geofoenil,Tab. Neuro-B,0.6611,0.5000,0.8222,
Tab. Normen,TAB. PENOULY,0.6611,0.5000,0.8222,
TAB. PENOULY,Tb. Defrol,0.6611,0.5000,0.8222,
TAB. PENOULY,Tb. Mccol,0.6611,0.5000,0.8222,
Acemox,Ascoson,0.6610,0.4286,0.8933,
Alc,algecal,0.6610,0.4286,0.8933,
Ceftron,Sefr,0.6610,0.4286,0.8933,
Ceftron,Sefra,0.6610,0.4286,0.8933,
Duralax,Toramex,0.6610,0.4286,0.8933,
liberts,Libidex,0.6610,0.4286,0.8933,
megaba,moxibac,0.6610,0.4286,0.8933,
osec,ostocal,0.6610,0.4286,0.8933,
Prestal,progest,0.6610,0.4286,0.8933,
Prestel,progest,0.6610,0.4286,0.8933,
Reelife,Relenfn,0.6610,0.4286,0.8933,
Toramax,Traxyl,0.6610,0.4286,0.8933,
Toramax,Trerox,0.6610,0.4286,0.8933,
Toramax,Trevox,0.6610,0.4286,0.8933,
Toramex,Traxyl,0.6610,0.4286,0.8933,
Toramex,Trerox,0.6610,0.4286,0.8933,
Toramex,Trevox,0.6610,0.4286,0.8933,
demelon,Tomdolin,0.6608,0.3750,0.9467,
Derolon,trodolin,0.6608,0.3750,0.9467,
Prestal,Purtisol,0.6608,0.3750,0.9467,
Prestel,Purtisol,0.6608,0.3750,0.9467,
Afix,Flamfix,0.6607,0.5714,0.7500,
Bicozin,Bilon,0.6607,0.5714,0.7500,
Bicozin,Bionic,0.6607,0.5714,0.7500,
Bilan,Bizoran,0.6607,0.5714,0.7500,
Bilax,lnfilax,0.6607,0.5714,0.7500,
Bilon,Bisoren,0.6607,0.5714,0.7500,
Bilon,Bizoran,0.6607,0.5714,0.7500,
Deixil,Frenxil,0.6607,0.5714,0.7500,
demelon,Dezlo,0.6607,0.5714,0.7500,
Derolon,Dezlo,0.6607,0.5714,0.7500,
Deuxil,Frenxil,0.6607,0.5714,0.7500,
Disopan,docopa,0.6607,0.5714,0.7500,
Doximax,Maxima,0.6607,0.5714,0.7500,
Doximax,Roxim,0.6607,0.5714,0.7500,
dulox,Fluclox,0.6607,0.5714,0.7500,
Farofew,Filofer,0.6607,0.5714,0.7500,
Fenafir,Feufiv,0.6607,0.5714,0.7500,
Feusiv,fevaliv,0.6607,0.5714,0.7500,
Flamfix,Lasix,0.6607,0.5714,0.7500,
Frenxit,Texit,0.6607,0.5714,0.7500,
mecol,menoril,0.6607,0.5714,0.7500,
mecol,merocil,0.6607,0.5714,0.7500,
Mecor,menoril,0.6607,0.5714,0.7500,
Mecor,Mesacol,0.6607,0.5714,0.7500,
Navilum,Norium,0.6607,0.5714,0.7500,
Ncotion,nerrion,0.6607,0.5714,0.7500,
Optimax,zimax,0.6607,0.5714,0.7500,
renal,Revarol,0.6607,0.5714,0.7500,
renal,Revatol,0.6607,0.5714,0.7500,
renal,Revital,0.6607,0.5714,0.7500,
Revital,Rozita,0.6607,0.5714,0.7500,
Robac,Rotalac,0.6607,0.5714,0.7500,
ropitor,Rozita,0.6607,0.5714,0.7500,
Ruotinl,RUPIN,0.6607,0.5714,0.7500,
Todet,Tojenta,0.6607,0.5714,0.7500,
Tofen,Tojenta,0.6607,0.5714,0.7500,
Topmate,Torat,0.6607,0.5714,0.7500,
visel,Voligel,0.6607,0.5714,0.7500,
Lumana plus,Lumona,0.6606,0.4545,0.8667,
Tab. CEEVIX,Tb. Torax,0.6606,0.4545,0.8667,
Tab. Epitra,Tb. Torax,0.6606,0.4545,0.8667,
Deflacort,Dexlor,0.6603,0.5556,0.7650,
cabergol,cabretol cr,0.6602,0.4545,0.8658,
Bartrocin,Bredicon,0.6600,0.4444,0.8756,
candifast,Cantilid,0.6600,0.4444,0.8756,
Macrobac,Microgurt,0.6600,0.4444,0.8756,
Macrobac,Microsegt,0.6600,0.4444,0.8756,
Mervax,Merven-SR,0.6600,0.4444,0.8756,
Nabu,Nalbun-Z,0.6600,0.5000,0.8200,
Neso,nexpro,0.6600,0.5000,0.8200,
Neurou,Nitrofur,0.6600,0.5000,0.8200,
Palonron,Pauion,0.6600,0.5000,0.8200,
Panaseng,pase,0.6600,0.5000,0.8200,
Pli,prolix,0.6600,0.5000,0.8200,
rectinol,Reto,0.6600,0.5000,0.8200,
Telmocal,temo,0.6600,0.5000,0.8200,
Xrlpro,Xylio,0.6600,0.5000,0.8200,
Aristovil-B,Tab. Arislovit-B,0.6598,0.5625,0.7571,
Exium Mups,Nexe-mups,0.6597,0.5000,0.8194,
coral-dx,Kalorl Dx,0.6597,0.4444,0.8750,
Novelon Lite,novonil,0.6595,0.5000,0.8190,
Prnzofress,Profen,0.6595,0.5000,0.8190,
Naprosin Plus,Naproxen,0.6595,0.4615,0.8574,
Tab. Deap,Tb. Torax,0.6594,0.4444,0.8743,
Levothyroxine,Thyrox,0.6593,0.4615,0.8571,
Tab. Flamex,Tb. Altaxc,0.6592,0.4545,0.8639,
Aristovit,Tab.Aristovif-,0.6587,0.5714,0.7460,
Devixi,Indevex,0.6587,0.4286,0.8889,
Dimex,Optimax,0.6587,0.4286,0.8889,
Dimex,optimox,0.6587,0.4286,0.8889,
Drexy,Endurex,0.6587,0.4286,0.8889,
Endurex,Torex,0.6587,0.4286,0.8889,
Indevex,Tevox,0.6587,0.4286,0.8889,
Alect,Lacto,0.6583,0.4000,0.9167,
Alect,Lactu,0.6583,0.4000,0.9167,
axon,Kacin,0.6583,0.4000,0.9167,
Cidex,Dexa,0.6583,0.4000,0.9167,
Dexin,Kacin,0.6583,0.4000,0.9167,
Feryx,Rex,0.6583,0.4000,0.9167,
Fexo,Levox,0.6583,0.4000,0.9167,
Fexo,Tevox,0.6583,0.4000,0.9167,
Fylox,Levox,0.6583,0.4000,0.9167,
matima,Metaomol,0.6583,0.3750,0.9417,
Neemoxew,Neumig,0.6583,0.3750,0.9417,
RBS,Ribosore,0.6583,0.3750,0.9417,
Rex,Torax,0.6583,0.4000,0.9167,
Rex,Torix,0.6583,0.4000,0.9167,
Rex,Traxy,0.6583,0.4000,0.9167,
Tab. Naprosyn Plus,Tab. Normen,0.6579,0.4444,0.8714,
Coragen-D,coral rd,0.6578,0.5556,0.7600,
Coragen-D,coral-dx,0.6578,0.5556,0.7600,
Defcalivo,Delcalen,0.6578,0.5556,0.7600,
Nabu pain,nalepsin,0.6578,0.5556,0.7600,
rectinol,Ruchigold,0.6578,0.5556,0.7600,
cap. Folzim,cap. Fzsprazo,0.6578,0.4615,0.8540,
cap. Folzin,cap. Fzsprazo,0.6578,0.4615,0.8540,
dmiden,Termitan,0.6575,0.3750,0.9400,
Losectil,Loxodol,0.6575,0.3750,0.9400,
Naporx,Neruopex,0.6575,0.3750,0.9400,
fimix,Fimoxyclav,0.6571,0.4000,0.9143,
Fimoxyclav,Fixgul,0.6571,0.4000,0.9143,
Rotalac,Roxtal XP,0.6569,0.5556,0.7583,
Calboral,coral,0.6569,0.6250,0.6889,
Cefim,Cefixime,0.6569,0.6250,0.6889,
coral,Kalcoral,0.6569,0.6250,0.6889,
Metro,Zymetpro,0.6569,0.6250,0.6889,
Neopem,Neruopex,0.6569,0.6250,0.6889,
Terbia,Termitan,0.6569,0.6250,0.6889,
Asynta max,lanso max,0.6567,0.5000,0.8135,
cefotil plus,Fusil Plm,0.6567,0.5000,0.8135,
Allcaron,Allyglot,0.6567,0.5000,0.8133,
Anstouit,Ansulin,0.6567,0.5000,0.8133,
Cefaclav,Cefaxine,0.6567,0.5000,0.8133,
Delcalen,telcard,0.6567,0.5000,0.8133,
Dexcin,Dexlor,0.6567,0.5000,0.8133,
Dexcin,dextac,0.6567,0.5000,0.8133,
Dexcin,Dextal,0.6567,0.5000,0.8133,
Dexcin,Dexter,0.6567,0.5000,0.8133,
Dexlor,dextac,0.6567,0.5000,0.8133,
Fixcef,Fixgul,0.6567,0.5000,0.8133,
Fixcef,Fixgut,0.6567,0.5000,0.8133,
Fixcel,Fixgut,0.6567,0.5000,0.8133,
flemex,Flemorif,0.6567,0.5000,0.8133,
Macrobac,Microcef,0.6567,0.5000,0.8133,
Macrobac,microges,0.6567,0.5000,0.8133,
maxdol,Maxrin,0.6567,0.5000,0.8133,
Nexmig,nexpro,0.6567,0.5000,0.8133,
Proindof,Pronex,0.6567,0.5000,0.8133,
Tab. Deap,Tab. Galoa,0.6567,0.5000,0.8133,
telmacal,Telmidip,0.6567,0.5000,0.8133,
Telmidip,Telmocal,0.6567,0.5000,0.8133,
Telfro max,Telmocal,0.6567,0.5000,0.8133,
Delfmz,Telfro max,0.6562,0.4000,0.9125,
Cor algen-D,Coraleal,0.6561,0.5455,0.7667,
Volinac,volirac max,0.6561,0.5455,0.7667,
Napronex,Naprox plus,0.6560,0.4545,0.8574,
ansef,Ansilou,0.6560,0.4286,0.8833,
Anset,Ansilou,0.6560,0.4286,0.8833,
Atozen,Autazol,0.6560,0.4286,0.8833,
Bilista,Bilozin,0.6560,0.4286,0.8833,
Dexa,Doximax,0.6560,0.4286,0.8833,
Ferti-Q,Furotil,0.6560,0.4286,0.8833,
Flamfix,Fluma,0.6560,0.4286,0.8833,
glanine,glinta,0.6560,0.4286,0.8833,
Indevex,Indo,0.6560,0.4286,0.8833,
Itogut,Itokine,0.6560,0.4286,0.8833,
Lantus,linatab,0.6560,0.4286,0.8833,
Lantus,Linatin,0.6560,0.4286,0.8833,
Linatin,Lindac,0.6560,0.4286,0.8833,
Maxirra,Mixit,0.6560,0.4286,0.8833,
Nesotem,Nystat,0.6560,0.4286,0.8833,
Neuming,Nimens,0.6560,0.4286,0.8833,
Reelifr,Relvis,0.6560,0.4286,0.8833,
Regular,Roclav,0.6560,0.4286,0.8833,
revesf,Revocit,0.6560,0.4286,0.8833,
Rex,Roxadex,0.6560,0.4286,0.8833,
Sandin,Sindala,0.6560,0.4286,0.8833,
Sandin,Syndopa,0.6560,0.4286,0.8833,
Aristovil-B,Rostil,0.6558,0.4545,0.8571,
cap. Dexilend,Cap. Foldin,0.6558,0.4615,0.8500,
cap. Dexilend,cap. Folzin,0.6558,0.4615,0.8500,
Demoxiclav,Denixil,0.6557,0.5000,0.8114,
Demoxiclav,Devixil,0.6557,0.5000,0.8114,
Demoxiclav,Doxycap,0.6557,0.5000,0.8114,
nintoin sr,Nitro-SR,0.6557,0.5000,0.8114,
monfast,Montelukast,0.6556,0.5455,0.7657,
cap. Fzsprazo,Cap. zif,0.6556,0.4615,0.8496,
Fexo,Fexolet M,0.6556,0.4444,0.8667,
Fleme max,Fluma,0.6556,0.4444,0.8667,
Actilac,Ketorolac,0.6556,0.4444,0.8667,
Alcet,Almex tab,0.6556,0.4444,0.8667,
Alect,Almex tab,0.6556,0.4444,0.8667,
Cef-,Sefra,0.6556,0.4000,0.9111,
Cefaclav,Defcalivo,0.6556,0.4444,0.8667,
D-cop,toco,0.6556,0.4000,0.9111,
Defcalivo,Kefuclav,0.6556,0.4444,0.8667,
Diet,Todet,0.6556,0.4000,0.9111,
Domin,tomy,0.6556,0.4000,0.9111,
magni,Mig,0.6556,0.4000,0.9111,
magni,migo,0.6556,0.4000,0.9111,
mecol,migo,0.6556,0.4000,0.9111,
Mecor,migo,0.6556,0.4000,0.9111,
Nasal,Neso,0.6556,0.4000,0.9111,
Ralee,ROlac,0.6556,0.4000,0.9111,
Ralee,Rolip,0.6556,0.4000,0.9111,
Rebe,Robac,0.6556,0.4000,0.9111,
Reset,Rosu,0.6556,0.4000,0.9111,
tas,Tazid,0.6556,0.4000,0.9111,
X-ray,xyril,0.6556,0.4000,0.9111,
X-ray,xyrl,0.6556,0.4000,0.9111,
Xanna,xinc,0.6556,0.4000,0.9111,
coral cal,Coralex DX,0.6554,0.5000,0.8107,
Alfix,Flamfix,0.6552,0.5714,0.7389,
Flamfix,Ulfix,0.6552,0.5714,0.7389,
Fluclox,Lubilox,0.6552,0.5714,0.7389,
Algin Plus,Elosfiv plus,0.6551,0.5833,0.7269,
Elosfiv plus,plaqriw plus,0.6551,0.5833,0.7269,
Tb. Altaxc,Tb. N- Max,0.6544,0.5000,0.8088,
coral,coral cal d,0.6544,0.4545,0.8542,
Alatrol,amdoral,0.6543,0.4286,0.8800,
Alc,Amlocal,0.6543,0.4286,0.8800,
Amlocal,Auolac,0.6543,0.4286,0.8800,
Antazol,Atoz,0.6543,0.4286,0.8800,
Ceftron,Setra,0.6543,0.4286,0.8800,
clexane,coxe,0.6543,0.4286,0.8800,
Delanix,Denixil,0.6543,0.4286,0.8800,
Delanix,Deslong,0.6543,0.4286,0.8800,
Delanix,Duralax,0.6543,0.4286,0.8800,
Delfraf,deviry,0.6543,0.4286,0.8800,
Delfroz,deviry,0.6543,0.4286,0.8800,
Denixil,Dexa,0.6543,0.4286,0.8800,
Denixil,Dextal,0.6543,0.4286,0.8800,
Devixil,Dexa,0.6543,0.4286,0.8800,
Devixil,Dextal,0.6543,0.4286,0.8800,
Fenix-V,Fexo,0.6543,0.4286,0.8800,
Ferix-V,Fexo,0.6543,0.4286,0.8800,
Fimoxyl,Fixcel,0.6543,0.4286,0.8800,
Fimoxyl,Fixgul,0.6543,0.4286,0.8800,
flacol,Fluelox,0.6543,0.4286,0.8800,
latilax,Libidex,0.6543,0.4286,0.8800,
Libidex,lutilax,0.6543,0.4286,0.8800,
Limbix,Lubilax,0.6543,0.4286,0.8800,
Limbix,Lubilex,0.6543,0.4286,0.8800,
Limbix,Lubilox,0.6543,0.4286,0.8800,
Medroxy,Mervax,0.6543,0.4286,0.8800,
ostocal,oxycol,0.6543,0.4286,0.8800,
Prindof,Priten,0.6543,0.4286,0.8800,
Radifil,Radiflex rafid,0.6543,0.4286,0.8800,
Vergon,Vorinox,0.6543,0.4286,0.8800,
verqon,Vorinox,0.6543,0.4286,0.8800,
vigorex,vorirox,0.6543,0.4286,0.8800,
Tab. Amitip,Tb. Altaxc,0.6543,0.4545,0.8540,
Calbon,Calboral D,0.6542,0.5000,0.8083,
Ceevit,Cewfilid,0.6542,0.3750,0.9333,
Dexfacar,Doxiva,0.6542,0.3750,0.9333,
Dexfacar,doxva,0.6542,0.3750,0.9333,
Farofew,furonaaf,0.6542,0.3750,0.9333,
Flexibac,Flux,0.6542,0.3750,0.9333,
Flexinor,Flux,0.6542,0.3750,0.9333,
Maxima,Maxrin D,0.6542,0.5000,0.8083,
Nervion,Nervoprx,0.6542,0.5000,0.8083,
Neurolin,Nurnal,0.6542,0.3750,0.9333,
Profinex,Purifen,0.6542,0.3750,0.9333,
Anstouit,Nystat,0.6542,0.3750,0.9333,
cap. Esprazo,Esprozo,0.6542,0.5000,0.8083,
Glymfa,viglimef,0.6542,0.3750,0.9333,
Linatin,relenten,0.6542,0.3750,0.9333,
cap. Flugal,Cap. zif,0.6539,0.4545,0.8533,
Tab. Amitip,Tab. Rupa,0.6539,0.4545,0.8533,
Tab. CEEVIX,Tab. Galoa,0.6539,0.4545,0.8533,
TRD Coutine,trodolin,0.6539,0.4545,0.8533,
Roxadex,Sekodex,0.6532,0.4286,0.8778,
acron,bactrocin,0.6528,0.5556,0.7500,
acron,Bactrosin,0.6528,0.5556,0.7500,
Bromen,Ibuprofen,0.6528,0.5556,0.7500,
Deflacort,flacol,0.6528,0.5556,0.7500,
Fuclav,turboclav,0.6528,0.5556,0.7500,
Gestrenol,Retinol,0.6528,0.5556,0.7500,
Napa extra,Napa Rapid,0.6528,0.5000,0.8056,
Tab. Beklo,Tab. Etorx,0.6528,0.5000,0.8056,
Tab. Calbo,Tab. Etorx,0.6528,0.5000,0.8056,
Tb. Altaxc,Tb. Calboral-D,0.6528,0.5000,0.8056,
Trypt,Tryptin Plus,0.6528,0.4167,0.8889,
Acliz Plus,Elosfiv plus,0.6528,0.5000,0.8056,
Avloclav,Fuclav,0.6528,0.5000,0.8056,
Bilozin,Nebulization,0.6528,0.4167,0.8889,
calcor,lecor,0.6528,0.5000,0.8056,
calcor,Valic CR,0.6528,0.5000,0.8056,
Cefuroxime,Roxim,0.6528,0.5000,0.8056,
Clacef,Lacfu,0.6528,0.5000,0.8056,
Clonapex,Linax,0.6528,0.5000,0.8056,
dulox,Ultrox,0.6528,0.5000,0.8056,
Ecosprin,Secrin,0.6528,0.5000,0.8056,
Ecosprin,Sekorin,0.6528,0.5000,0.8056,
Elosfiv plus,Fxsid Plus,0.6528,0.5833,0.7222,
Elosfiv plus,linax plus,0.6528,0.5000,0.8056,
Elosfiv plus,linux plus,0.6528,0.5000,0.8056,
Flux,gaviflux,0.6528,0.5000,0.8056,
Furotil Plus,Nafro A plus,0.6528,0.5000,0.8056,
Fxsid Plus,linax plus,0.6528,0.5000,0.8056,
Fxsid Plus,linux plus,0.6528,0.5000,0.8056,
Glicid,liquid,0.6528,0.5000,0.8056,
Kacin,Secrin,0.6528,0.5000,0.8056,
lansomax,N-Max,0.6528,0.5000,0.8056,
Nurnal,renal,0.6528,0.5000,0.8056,
Cefaxine,ceftazidime,0.6527,0.5455,0.7600,
Fleme max,volirac max,0.6527,0.4545,0.8508,
Fasid Plus,Naprosin Plus,0.6527,0.6154,0.6899,
Abicon,Allcaron,0.6525,0.5000,0.8050,
Abicon,Amikacin,0.6525,0.5000,0.8050,
Alanol,Aminosol,0.6525,0.5000,0.8050,
albutein,atlin,0.6525,0.5000,0.8050,
Aminosol,Azinel,0.6525,0.5000,0.8050,
Aminosol,Azinil,0.6525,0.5000,0.8050,
Barmax,Bilax,0.6525,0.5000,0.8050,
Biscor,budicort,0.6525,0.5000,0.8050,
calcor,Coralcal,0.6525,0.5000,0.8050,
Canficid,Glicid,0.6525,0.5000,0.8050,
cefotil,Stemetil,0.6525,0.5000,0.8050,
Cidex,ciprox,0.6525,0.5000,0.8050,
Colistin,Cortan,0.6525,0.5000,0.8050,
Colistin,Cotson,0.6525,0.5000,0.8050,
Combicid,Glicid,0.6525,0.5000,0.8050,
Comficid,Glicid,0.6525,0.5000,0.8050,
Delcalen,demelon,0.6525,0.5000,0.8050,
Delcalen,Derolon,0.6525,0.5000,0.8050,
Delcalen,Desolon,0.6525,0.5000,0.8050,
Deslong,Dueblock,0.6525,0.5000,0.8050,
Dexlor,dulox,0.6525,0.5000,0.8050,
Dophylin,Tomdolin,0.6525,0.5000,0.8050,
femotol,Fentizol,0.6525,0.5000,0.8050,
Fenix,flemex,0.6525,0.5000,0.8050,
Feryx,flemex,0.6525,0.5000,0.8050,
filmef,viglimet,0.6525,0.5000,0.8050,
Filmet,vigfimet,0.6525,0.5000,0.8050,
Filmet,viglimef,0.6525,0.5000,0.8050,
filnet,viglimet,0.6525,0.5000,0.8050,
Filwef,viglimef,0.6525,0.5000,0.8050,
Fixcel,flacol,0.6525,0.5000,0.8050,
Fixgut,Flugat,0.6525,0.5000,0.8050,
Frabex,Valex,0.6525,0.5000,0.8050,
Lasix,Limbix,0.6525,0.5000,0.8050,
Lestarin,Linatin,0.6525,0.5000,0.8050,
Limbix,Linax,0.6525,0.5000,0.8050,
merocil,Microcef,0.6525,0.5000,0.8050,
Mervax,Methox,0.6525,0.5000,0.8050,
Mexpro,Mitpr,0.6525,0.5000,0.8050,
nalepsin,Napryn,0.6525,0.5000,0.8050,
Nameton,Norestin,0.6525,0.5000,0.8050,
Nebanol,normanal,0.6525,0.5000,0.8050,
Neemoxew,Neruopex,0.6525,0.5000,0.8050,
Neruopex,Neuvoxew,0.6525,0.5000,0.8050,
Neruopex,Newoxew,0.6525,0.5000,0.8050,
Neugalin,Neuroxen,0.6525,0.5000,0.8050,
normanal,novonil,0.6525,0.5000,0.8050,
Nurnal,nutrifil,0.6525,0.5000,0.8050,
Radifil,Rasiflep,0.6525,0.5000,0.8050,
Raditil,Rivotril,0.6525,0.5000,0.8050,
Raditril,Revital,0.6525,0.5000,0.8050,
Raditril,Rostil,0.6525,0.5000,0.8050,
rectinol,Revatol,0.6525,0.5000,0.8050,
rectinol,Revital,0.6525,0.5000,0.8050,
rectinol,Rostil,0.6525,0.5000,0.8050,
Regular,Rofuclav,0.6525,0.5000,0.8050,
Relaxo,replastw,0.6525,0.5000,0.8050,
Resfazit,Rifagut,0.6525,0.5000,0.8050,
Respazit,Revocit,0.6525,0.5000,0.8050,
Rivotril,Rostil,0.6525,0.5000,0.8050,
Rivotril,Ruotinl,0.6525,0.5000,0.8050,
Telmocal,Temlonil,0.6525,0.5000,0.8050,
Tendonil,Tomdolin,0.6525,0.5000,0.8050,
Tendonil,trodolin,0.6525,0.5000,0.8050,
Tomdolin,Tonlino,0.6525,0.5000,0.8050,
Tomdolin,Triolon,0.6525,0.5000,0.8050,
Tonlino,trodolin,0.6525,0.5000,0.8050,
toxit,Troxyf,0.6525,0.5000,0.8050,
vitabion,voltalin,0.6525,0.5000,0.8050,
Acemox,Greemox,0.6524,0.5714,0.7333,
Actilac,hutilax,0.6524,0.5714,0.7333,
Actilac,latilax,0.6524,0.5714,0.7333,
Actilac,lutilax,0.6524,0.5714,0.7333,
alafix,Delanix,0.6524,0.5714,0.7333,
amdocal,ostocal,0.6524,0.5714,0.7333,
amdoral,Inderal,0.6524,0.5714,0.7333,
anustat,Emistat,0.6524,0.5714,0.7333,
Bildent,Cildnp,0.6524,0.5714,0.7333,
Bilfast,monfast,0.6524,0.5714,0.7333,
Carulcal D,Coralex DX,0.6524,0.4000,0.9048,
Cefixim,Devixil,0.6524,0.5714,0.7333,
ciprox,Rivarox,0.6524,0.5714,0.7333,
Creston,Prestal,0.6524,0.5714,0.7333,
Creston,Prestel,0.6524,0.5714,0.7333,
criptin,Timptin,0.6524,0.5714,0.7333,
criptin,Tryptim,0.6524,0.5714,0.7333,
Delanix,esonix,0.6524,0.5714,0.7333,
Denixil,Fenix-V,0.6524,0.5714,0.7333,
Dexcin,fexocon,0.6524,0.5714,0.7333,
Dexlor,Hexinor,0.6524,0.5714,0.7333,
Dextal,Prestal,0.6524,0.5714,0.7333,
Doxicap,moxibac,0.6524,0.5714,0.7333,
Doxycap,oxycol,0.6524,0.5714,0.7333,
Duralax,hulilax,0.6524,0.5714,0.7333,
Duralax,Lubilax,0.6524,0.5714,0.7333,
Endever,Inderen,0.6524,0.5714,0.7333,
esomix,Hemofix,0.6524,0.5714,0.7333,
Frabex,Toramex,0.6524,0.5714,0.7333,
Greemox,Trerox,0.6524,0.5714,0.7333,
Greemox,Trevox,0.6524,0.5714,0.7333,
Greenox,Trerox,0.6524,0.5714,0.7333,
Greenox,Trevox,0.6524,0.5714,0.7333,
hutilax,Lubilex,0.6524,0.5714,0.7333,
hutilax,Lubilox,0.6524,0.5714,0.7333,
hutilax,lufilox,0.6524,0.5714,0.7333,
Itrahil,Traxyl,0.6524,0.5714,0.7333,
Loxodol,oxycol,0.6524,0.5714,0.7333,
Maxrin,Omastin,0.6524,0.5714,0.7333,
Maxrin,Plagrin,0.6524,0.5714,0.7333,
monfast,Telfast,0.6524,0.5714,0.7333,
Omastin,Tmiptin,0.6524,0.5714,0.7333,
Rivarox,zithrox,0.6524,0.5714,0.7333,
Demoxiclav,Doximax,0.6521,0.5000,0.8043,
Elosfiv plus,Flemex Plus,0.6521,0.5000,0.8042,
Delfrnz,Telfast,0.6521,0.4286,0.8756,
Delfxz,Telfast,0.6521,0.4286,0.8756,
dextac,Doximax,0.6521,0.4286,0.8756,
fixalrt,Fixcel,0.6521,0.4286,0.8756,
fixalrt,Fixgul,0.6521,0.4286,0.8756,
Max Pro,Maxrin,0.6521,0.4286,0.8756,
cap. Dexilend,pel. Desolan,0.6514,0.4615,0.8413,
Fasid Plus,Fixcef Plus,0.6513,0.5455,0.7571,
Tab Cordca,Tab. clacido,0.6512,0.4167,0.8857,
Brezofil,Broxolite,0.6511,0.4444,0.8578,
Calboral Dx,coral rd,0.6511,0.5455,0.7567,
Calcor-Dx,hallornl Dx,0.6510,0.5455,0.7566,
Aislof max,Arth-A Max,0.6509,0.5000,0.8018,
Algin Plus,Amino Plm,0.6509,0.5000,0.8018,
Furotil Plus,Wfolil plm,0.6509,0.5000,0.8018,
Calcor-Dx,coral-dx,0.6508,0.4444,0.8571,
Eslilex,Ravliflex,0.6508,0.5556,0.7460,
Delfrnz,Desfviz,0.6507,0.5714,0.7300,
Delfxz,Desfviz,0.6507,0.5714,0.7300,
Cap. ESONEX,cap. Folzin,0.6502,0.4545,0.8458,
Maxigam E/D,Maxrin D,0.6502,0.4545,0.8458,
Tab. CEEVIX,Tb. N- Max,0.6502,0.4545,0.8458,
Tab. Epitra,Tab. Naprox,0.6502,0.4545,0.8458,
Tab. Etorx,Tab. Maxiwa,0.6502,0.4545,0.8458,
Tab. Flamex,Tb. Torax,0.6502,0.4545,0.8458,
Afrin,Maxrin,0.6500,0.6667,0.6333,
Alrin,Maxrin,0.6500,0.6667,0.6333,
Ambroy,Amlrocaf,0.6500,0.5000,0.8000,
Anfrocef,Anodof,0.6500,0.5000,0.8000,
Bilax,Bilfastl,0.6500,0.5000,0.8000,
Bilaxe,Bilfastl,0.6500,0.5000,0.8000,
Brodil,Bron Gel,0.6500,0.5000,0.8000,
Bromen,Bron Gel,0.6500,0.5000,0.8000,
Calborul-D,calcor,0.6500,0.5000,0.8000,
Calborul-D,Calnor,0.6500,0.5000,0.8000,
Clonapex,Clopid,0.6500,0.5000,0.8000,
Corulcal-D,Onacal-D,0.6500,0.6000,0.7000,
Dexfacar,Texfro max,0.6500,0.4000,0.9000,
esohil,esomix,0.6500,0.6667,0.6333,
esohil,esonix,0.6500,0.6667,0.6333,
Esomax,Esoral,0.6500,0.6667,0.6333,
esomix,Esotid,0.6500,0.6667,0.6333,
esomix,Esotil,0.6500,0.6667,0.6333,
esonix,Esotid,0.6500,0.6667,0.6333,
esonix,Esotil,0.6500,0.6667,0.6333,
filmef,Fixcef,0.6500,0.6667,0.6333,
Filwef,Fixcef,0.6500,0.6667,0.6333,
frframf,furonaaf,0.6500,0.5000,0.8000,
gaviflux,Gavinaaf,0.6500,0.5000,0.8000,
Gavinaaf,Gavitfx,0.6500,0.5000,0.8000,
Gestirenol,rectinol,0.6500,0.6000,0.7000,
Linax,linux plus,0.6500,0.4000,0.9000,
Merincal-D,merocil,0.6500,0.5000,0.8000,
Priten,Profinex,0.6500,0.5000,0.8000,
Profen,prompton,0.6500,0.5000,0.8000,
Profinex,Proliv,0.6500,0.5000,0.8000,
Profinex,protein,0.6500,0.5000,0.8000,
progut,prompton,0.6500,0.5000,0.8000,
radiflex,Raditil,0.6500,0.5000,0.8000,
ribojovef,Ribosore,0.6500,0.6667,0.6333,
Tab. Amitip,Tab. clacido,0.6500,0.5000,0.8000,
Tab. cifotil,Tab. Epitra,0.6500,0.5000,0.8000,
Tab. cifotil,Tb. Mccol,0.6500,0.5000,0.8000,
Tab. Neobean,Tab.Neuro,0.6500,0.5000,0.8000,
TAB. PENOULY,Tab.Neuro,0.6500,0.5000,0.8000,
telcard,Telecordip plus,0.6500,0.4000,0.9000,
Terbikill,turboclav,0.6500,0.3333,0.9667,
Valic CR,Volinac,0.6500,0.5000,0.8000,
ALOS,Atoz,0.6500,0.5000,0.8000,
Amlrocaf,Avloclav,0.6500,0.5000,0.8000,
Callin,Kacin,0.6500,0.5000,0.8000,
Caprodycin,clindacin,0.6500,0.5000,0.8000,
Cef-,Nucef-cv,0.6500,0.5000,0.8000,
docopa,Drop,0.6500,0.5000,0.8000,
Emep,ERP,0.6500,0.5000,0.8000,
Etorix,Tory,0.6500,0.5000,0.8000,
Frabex,Rebe,0.6500,0.5000,0.8000,
magni,Matina,0.6500,0.5000,0.8000,
mefanide,Minnate,0.6500,0.3750,0.9250,
Napronex,Nutridex,0.6500,0.5000,0.8000,
Naprox plus,Neuro A Plw Sw,0.6500,0.5000,0.8000,
Neopem,Nonum,0.6500,0.5000,0.8000,
omira,Othera,0.6500,0.5000,0.8000,
prolix,Rolae,0.6500,0.5000,0.8000,
radiflex,Ralee,0.6500,0.5000,0.8000,
Ralee,Rasiflex,0.6500,0.5000,0.8000,
Renova,Rosuva,0.6500,0.5000,0.8000,
Renova,roswva,0.6500,0.5000,0.8000,
Rivo,Trevox,0.6500,0.5000,0.8000,
Rodiflex,Roxadex,0.6500,0.5000,0.8000,
Rohuf,Rosuva,0.6500,0.5000,0.8000,
rosv,RTV,0.6500,0.5000,0.8000,
Seruh Mups,Zo-mups,0.6500,0.4000,0.9000,
Liprolin,Peli. Derolon,0.6498,0.4615,0.8381,
Tab. Etorx,TAB. OUOCM-D,0.6496,0.5000,0.7992,
Tab. Flamex,TAB. OUOCM-D,0.6496,0.5000,0.7992,
Neugalin,Neurolin CR,0.6495,0.5455,0.7536,
napro,Naprox plus,0.6495,0.4545,0.8444,
Valic CR,volirac max,0.6495,0.4545,0.8444,
Periodontitis,protein,0.6495,0.3846,0.9143,
cap. Dexilend,Caprodycin,0.6493,0.4615,0.8370,
Medi Plus,windel plus,0.6491,0.5455,0.7528,
Tab. clacido,Tb. Altaxc,0.6491,0.4167,0.8815,
Tab. Rupa,Tb. Torax,0.6489,0.4444,0.8533,
Esobest Mups,Esotid Mups(zx),0.6488,0.4667,0.8310,
Rasiflex,Rcef-Dx,0.6486,0.3750,0.9222,
Emetid,Stemetil,0.6486,0.6250,0.6722,
Fentizol,Retinol,0.6486,0.6250,0.6722,
figfimef,filmef,0.6486,0.6250,0.6722,
Vidamef,vigfimef,0.6486,0.6250,0.6722,
Cora DX,halconl Dx,0.6481,0.5000,0.7963,
nexe mvs,Pronex Mups,0.6479,0.4545,0.8413,
Fasid Plus,Resitfex plus,0.6478,0.5385,0.7571,
Tab. ANADOL,Tab. Arislovit-B,0.6478,0.4375,0.8581,
Linatin,palpitation,0.6477,0.5455,0.7500,
A-Flux,lufilox,0.6476,0.4286,0.8667,
A-Flux,Lwfilex,0.6476,0.4286,0.8667,
alafix,lufilox,0.6476,0.4286,0.8667,
alafix,Lwfilex,0.6476,0.4286,0.8667,
Alfix,lufilox,0.6476,0.4286,0.8667,
Alfix,Lwfilex,0.6476,0.4286,0.8667,
Analac,Ansilou,0.6476,0.4286,0.8667,
Anlin,Ansilou,0.6476,0.4286,0.8667,
Anodol,Ansilou,0.6476,0.4286,0.8667,
Aropens,RUPIN,0.6476,0.4286,0.8667,
Barmax,Toramex,0.6476,0.4286,0.8667,
Beconal,Bicozin,0.6476,0.4286,0.8667,
Bilau,Bilista,0.6476,0.4286,0.8667,
Bilau,Bilozin,0.6476,0.4286,0.8667,
Bilax,Bilista,0.6476,0.4286,0.8667,
Bilax,Bilozin,0.6476,0.4286,0.8667,
Bilaxe,Bilista,0.6476,0.4286,0.8667,
Bilaxe,Bilozin,0.6476,0.4286,0.8667,
Bilista,Billi,0.6476,0.4286,0.8667,
Bilista,Biloxe,0.6476,0.4286,0.8667,
Bilista,Biltin,0.6476,0.4286,0.8667,
Biscor,Bizoran,0.6476,0.4286,0.8667,
Bisnen,Bizoran,0.6476,0.4286,0.8667,
Brain.V,Brodin,0.6476,0.4286,0.8667,
Calbo-D,Clopid,0.6476,0.4286,0.8667,
Cef-,cefazid,0.6476,0.4286,0.8667,
Cef-,cefotil,0.6476,0.4286,0.8667,
ciprox,Esprozo,0.6476,0.4286,0.8667,
Comprid,Melpred,0.6476,0.4286,0.8667,
Creston,Reset,0.6476,0.4286,0.8667,
Decoral,Deixil,0.6476,0.4286,0.8667,
Decoral,Deixl,0.6476,0.4286,0.8667,
Decoral,Deuxil,0.6476,0.4286,0.8667,
Decoral,Dexila,0.6476,0.4286,0.8667,
Deixil,Dekalin,0.6476,0.4286,0.8667,
Deixl,Dekalin,0.6476,0.4286,0.8667,
Dekalin,Deuxil,0.6476,0.4286,0.8667,
Dekalin,Dexila,0.6476,0.4286,0.8667,
Delfian,Telmiva,0.6476,0.4286,0.8667,
demelon,dmiden,0.6476,0.4286,0.8667,
demelon,Dominos,0.6476,0.4286,0.8667,
demelon,t-mahon,0.6476,0.4286,0.8667,
demelon,temo,0.6476,0.4286,0.8667,
Derolon,Trizon,0.6476,0.4286,0.8667,
Deslong,Solon,0.6476,0.4286,0.8667,
dmiden,Dominos,0.6476,0.4286,0.8667,
Duloxen,Glyxan,0.6476,0.4286,0.8667,
Duralax,latilax,0.6476,0.4286,0.8667,
Duralax,prolix,0.6476,0.4286,0.8667,
Duralax,ROlac,0.6476,0.4286,0.8667,
Etorix,Toramax,0.6476,0.4286,0.8667,
Etorix,Toramex,0.6476,0.4286,0.8667,
Farpev,Furocef,0.6476,0.4286,0.8667,
feeviu,fevaliv,0.6476,0.4286,0.8667,
Fenadin,FONA,0.6476,0.4286,0.8667,
Fenafir,FONA,0.6476,0.4286,0.8667,
fenisen,Finix,0.6476,0.4286,0.8667,
Feropen,Vergon,0.6476,0.4286,0.8667,
Feropen,vergun,0.6476,0.4286,0.8667,
Feropen,verqon,0.6476,0.4286,0.8667,
Ferti-Q,Feryx,0.6476,0.4286,0.8667,
Flubex,Libidex,0.6476,0.4286,0.8667,
Flubex,Lubilax,0.6476,0.4286,0.8667,
Flubex,Lubilox,0.6476,0.4286,0.8667,
Fluelox,Lubilax,0.6476,0.4286,0.8667,
Fluelox,Lubilex,0.6476,0.4286,0.8667,
Fluelox,lutilax,0.6476,0.4286,0.8667,
Folison,Fylox,0.6476,0.4286,0.8667,
Folison,Volinac,0.6476,0.4286,0.8667,
FONA,Vonacab,0.6476,0.4286,0.8667,
FONA,Vonocab,0.6476,0.4286,0.8667,
FONA,Vonorab,0.6476,0.4286,0.8667,
Fremit,Furotil,0.6476,0.4286,0.8667,
Glarine,glinta,0.6476,0.4286,0.8667,
Greemox,Remac,0.6476,0.4286,0.8667,
Greenox,Pronex,0.6476,0.4286,0.8667,
Greenox,Vorinox,0.6476,0.4286,0.8667,
halcorl,lecor,0.6476,0.4286,0.8667,
hulilax,Lwfilex,0.6476,0.4286,0.8667,
K-flex,lufilox,0.6476,0.4286,0.8667,
Katomor,Keto,0.6476,0.4286,0.8667,
lecor,telcard,0.6476,0.4286,0.8667,
lufilox,Ulfix,0.6476,0.4286,0.8667,
lufilox,Wiflex,0.6476,0.4286,0.8667,
lufilox,Zolivox,0.6476,0.4286,0.8667,
Lwfilex,Ulfix,0.6476,0.4286,0.8667,
Lwfilex,V-plex,0.6476,0.4286,0.8667,
Medroxy,Trerox,0.6476,0.4286,0.8667,
Medroxy,Troxyf,0.6476,0.4286,0.8667,
Megulol,migo,0.6476,0.4286,0.8667,
menoril,Montair,0.6476,0.4286,0.8667,
Meropen,Morphin,0.6476,0.4286,0.8667,
Namefan,Nimens,0.6476,0.4286,0.8667,
Namefon,Nimens,0.6476,0.4286,0.8667,
Nameton,Nimens,0.6476,0.4286,0.8667,
Nervion,Neurou,0.6476,0.4286,0.8667,
Nufw,Nuvifer,0.6476,0.4286,0.8667,
Peridon,Pirulin,0.6476,0.4286,0.8667,
Peridon,Pregan,0.6476,0.4286,0.8667,
Peridon,Profen,0.6476,0.4286,0.8667,
Pirulin,Pregan,0.6476,0.4286,0.8667,
Pirulin,Priten,0.6476,0.4286,0.8667,
Pirulin,Profen,0.6476,0.4286,0.8667,
Pirulin,protein,0.6476,0.4286,0.8667,
Pirulin,Purifen,0.6476,0.4286,0.8667,
Pregan,protein,0.6476,0.4286,0.8667,
Pregan,Purifen,0.6476,0.4286,0.8667,
Prestal,Reset,0.6476,0.4286,0.8667,
progut,protein,0.6476,0.4286,0.8667,
Pronex,Vorinox,0.6476,0.4286,0.8667,
protein,Purifen,0.6476,0.4286,0.8667,
Radifil,ratnol,0.6476,0.4286,0.8667,
Radifil,Retinol,0.6476,0.4286,0.8667,
Radifil,Rudi,0.6476,0.4286,0.8667,
Raditil,ratnol,0.6476,0.4286,0.8667,
Raditil,Retinol,0.6476,0.4286,0.8667,
Raditil,Rudi,0.6476,0.4286,0.8667,
Raditil,Ruotinl,0.6476,0.4286,0.8667,
Rafiflo,Rivo,0.6476,0.4286,0.8667,
ratinol,Reto,0.6476,0.4286,0.8667,
Remac,Toramax,0.6476,0.4286,0.8667,
Revarol,Rivo,0.6476,0.4286,0.8667,
Revatol,Revert,0.6476,0.4286,0.8667,
Revatol,Revocit,0.6476,0.4286,0.8667,
Revatol,Rivo,0.6476,0.4286,0.8667,
Revert,Revital,0.6476,0.4286,0.8667,
Revital,Revocit,0.6476,0.4286,0.8667,
Revocit,Rivo,0.6476,0.4286,0.8667,
Rezco,Ursocol,0.6476,0.4286,0.8667,
Rivarox,Trerox,0.6476,0.4286,0.8667,
Rivarox,Trevox,0.6476,0.4286,0.8667,
Rivarox,vigorex,0.6476,0.4286,0.8667,
Roseton,Rosu,0.6476,0.4286,0.8667,
Rudi,Ruotinl,0.6476,0.4286,0.8667,
Sanbin,Synogen,0.6476,0.4286,0.8667,
Sandin,Synogen,0.6476,0.4286,0.8667,
Sofbian,Zovia,0.6476,0.4286,0.8667,
supp,Supra-B,0.6476,0.4286,0.8667,
t-mahon,temo,0.6476,0.4286,0.8667,
t-mycin,tomy,0.6476,0.4286,0.8667,
tarlica,Torix,0.6476,0.4286,0.8667,
Top,Topmate,0.6476,0.4286,0.8667,
Toramex,Utromeg,0.6476,0.4286,0.8667,
trum-,Utromeg,0.6476,0.4286,0.8667,
Velcal,Voligel,0.6476,0.4286,0.8667,
Velcal,Volinac,0.6476,0.4286,0.8667,
Profenid Gell,Profinex,0.6474,0.4615,0.8333,
Alatrol,dicaltrol,0.6472,0.5556,0.7389,
candifast,monfast,0.6472,0.5556,0.7389,
Dekalin,Dophyllin,0.6472,0.4444,0.8500,
Geotoenol,Gestin,0.6472,0.4444,0.8500,
Geoton,Gestrenol,0.6472,0.4444,0.8500,
Mexpro,Zymef Pro,0.6472,0.5556,0.7389,
Mexpro,Zymet Pro,0.6472,0.5556,0.7389,
Tab Cordca,Tb. Torax,0.6472,0.4000,0.8944,
Tab. Beklo,Tb. Mccol,0.6472,0.4000,0.8944,
Tab. Calbo,Tb. Mccol,0.6472,0.4000,0.8944,
Calamine,Lactomone,0.6472,0.4444,0.8500,
Coraleal,Coralex DX,0.6472,0.6000,0.6944,
Corulcal-D,Merincal-D,0.6472,0.6000,0.6944,
Decoral,Ketorolac,0.6472,0.4444,0.8500,
Raditil,Toradolin,0.6472,0.4444,0.8500,
Tab. Naprosyn Plus,Tab. Neuro-B,0.6472,0.4444,0.8500,
Fleme max,Flenex Dew,0.6471,0.5000,0.7943,
Tab. cifotil,Tab.Aristovif-,0.6471,0.5000,0.7943,
metaconil,Metronidazole,0.6470,0.4615,0.8324,
Peli. Derolon,Pelverin,0.6470,0.4615,0.8324,
aeropen,Faropew,0.6468,0.5714,0.7222,
Auolac,gavilac,0.6468,0.5714,0.7222,
Autazol,Hastaol,0.6468,0.5714,0.7222,
avolu,Navilum,0.6468,0.5714,0.7222,
Azosite,Losita,0.6468,0.5714,0.7222,
Beconal,coral,0.6468,0.5714,0.7222,
Beconal,mecol,0.6468,0.5714,0.7222,
Beconal,renal,0.6468,0.5714,0.7222,
Bilista,Folita,0.6468,0.5714,0.7222,
Bilon,Triolon,0.6468,0.5714,0.7222,
Callin,lanolin,0.6468,0.5714,0.7222,
cefazid,Tazid,0.6468,0.5714,0.7222,
cefotil,Efodio,0.6468,0.5714,0.7222,
Decoral,lecor,0.6468,0.5714,0.7222,
Decoral,mecol,0.6468,0.5714,0.7222,
Decoral,Mecor,0.6468,0.5714,0.7222,
Dekalin,Kacin,0.6468,0.5714,0.7222,
Derolon,geolan,0.6468,0.5714,0.7222,
Derolon,Geoton,0.6468,0.5714,0.7222,
Derolon,nerrion,0.6468,0.5714,0.7222,
Derolon,Solon,0.6468,0.5714,0.7222,
Desolon,geolan,0.6468,0.5714,0.7222,
Desolon,Geoton,0.6468,0.5714,0.7222,
Econate,Minnate,0.6468,0.5714,0.7222,
Efodio,Fenodin,0.6468,0.5714,0.7222,
Ezylife,Reelife,0.6468,0.5714,0.7222,
Farofew,Orofer,0.6468,0.5714,0.7222,
Farofew,Profen,0.6468,0.5714,0.7222,
Faropew,Meropen,0.6468,0.5714,0.7222,
Folison,Solon,0.6468,0.5714,0.7222,
Folita,Povital,0.6468,0.5714,0.7222,
Furocef,Ocef,0.6468,0.5714,0.7222,
Gerfon,nerrion,0.6468,0.5714,0.7222,
Gerlon,nerrion,0.6468,0.5714,0.7222,
Hastaol,Nasal,0.6468,0.5714,0.7222,
Kibac,Sidobac,0.6468,0.5714,0.7222,
Kinate,linatab,0.6468,0.5714,0.7222,
Kinate,Linatin,0.6468,0.5714,0.7222,
Ligazid,Tazid,0.6468,0.5714,0.7222,
Matina,ratinol,0.6468,0.5714,0.7222,
mecol,Reconil,0.6468,0.5714,0.7222,
Merdin,nerrion,0.6468,0.5714,0.7222,
neclufe,Reelife,0.6468,0.5714,0.7222,
neelufh,Reelife,0.6468,0.5714,0.7222,
nerrion,Peridon,0.6468,0.5714,0.7222,
nerrion,Secrin,0.6468,0.5714,0.7222,
nerrion,Vergon,0.6468,0.5714,0.7222,
nerrion,verqon,0.6468,0.5714,0.7222,
Ovit-A,Povital,0.6468,0.5714,0.7222,
paveset,Reset,0.6468,0.5714,0.7222,
Quridew,uriset,0.6468,0.5714,0.7222,
Robac,Sidobac,0.6468,0.5714,0.7222,
ROlac,Volinac,0.6468,0.5714,0.7222,
Solon,Triolon,0.6468,0.5714,0.7222,
Tigover,vigorey,0.6468,0.5714,0.7222,
anustat,Asynta,0.6468,0.4286,0.8650,
Ascoson,axon,0.6468,0.4286,0.8650,
Cidex,Sekodex,0.6468,0.4286,0.8650,
Defalin,Delfnj,0.6468,0.4286,0.8650,
Emazid,Esomand,0.6468,0.4286,0.8650,
maxdol,Mesacol,0.6468,0.4286,0.8650,
A-Flux,Avolac,0.6467,0.3333,0.9600,
Alc,Alfix,0.6467,0.4000,0.8933,
Bexter,Bextwfiluy,0.6467,0.4000,0.8933,
Callin,collagen-d,0.6467,0.4000,0.8933,
Deixil,Dexlor,0.6467,0.3333,0.9600,
Deuxil,Dexlor,0.6467,0.3333,0.9600,
dextac,Texit,0.6467,0.3333,0.9600,
Dextal,Texit,0.6467,0.3333,0.9600,
Dexter,Texit,0.6467,0.3333,0.9600,
maxdol,Mixit,0.6467,0.3333,0.9600,
Rephaston,Revocit,0.6467,0.3333,0.9600,
Torax,Troxyf,0.6467,0.3333,0.9600,
Torex,Traxyl,0.6467,0.3333,0.9600,
Torex,Troxyf,0.6467,0.3333,0.9600,
Torix,Traxyl,0.6467,0.3333,0.9600,
Torix,Troxyf,0.6467,0.3333,0.9600,
Carticare,Cortan,0.6464,0.4444,0.8483,
Profen,Profrauof,0.6464,0.4444,0.8483,
Tab. CEEVIX,Tab. cifotil plus,0.6461,0.4118,0.8805,
Delfrnz,Telfro max,0.6458,0.4000,0.8917,
Amlrocaf,Anfrocef,0.6458,0.6250,0.6667,
Becobion,Ncotion,0.6458,0.6250,0.6667,
betaloc,Dueblock,0.6458,0.3750,0.9167,
betaloc,Duoblock,0.6458,0.3750,0.9167,
Caficid,Cewfilid,0.6458,0.6250,0.6667,
Calamine,Lumona,0.6458,0.3750,0.9167,
Callin,Neugalin,0.6458,0.3750,0.9167,
cefazid,mefanide,0.6458,0.6250,0.6667,
Cowficid,fusid,0.6458,0.3750,0.9167,
Defalin,Neugalin,0.6458,0.6250,0.6667,
Furocef,Neurocet,0.6458,0.6250,0.6667,
gavilac,Gavinaaf,0.6458,0.6250,0.6667,
hepamore,Heranor,0.6458,0.6250,0.6667,
Lubilay,lulrilax,0.6458,0.6250,0.6667,
Mesacol,Metaomol,0.6458,0.6250,0.6667,
Methomol,Methox,0.6458,0.6250,0.6667,
Nenvopex,Neopem,0.6458,0.6250,0.6667,
Neurocet,Neurolin,0.6458,0.6250,0.6667,
Neurocet,Neuvoxew,0.6458,0.6250,0.6667,
Neurocet,Reset,0.6458,0.3750,0.9167,
Paloven,Phylopen,0.6458,0.6250,0.6667,
coral rd,Micoral gel,0.6457,0.5455,0.7460,
Cap. ESONEX,Cap. zif,0.6456,0.4545,0.8367,
cap. Maxpro,Cap. zif,0.6456,0.4545,0.8367,
Acliz Plus,Flemex Plus,0.6456,0.4545,0.8366,
Texfro max,volirac max,0.6456,0.4545,0.8366,
amdoral,Amlrocaf,0.6456,0.5000,0.7911,
Profinex,Proindof,0.6456,0.5000,0.7911,
Tb. Altaxc,Tb. Anginta,0.6453,0.4545,0.8361,
Algin Plus,Fasid Plus,0.6452,0.6000,0.6905,
Arth-A Max,Toramax,0.6452,0.5000,0.7905,
Cetaclav,Demoxiclav,0.6452,0.5000,0.7905,
Cifaclav,Fimoxyclav,0.6452,0.5000,0.7905,
Demoxiclav,Kefuclav,0.6452,0.5000,0.7905,
Demoxiclav,moxibac,0.6452,0.5000,0.7905,
Demoxiclav,moxilin,0.6452,0.5000,0.7905,
Fimoxyclav,Rofuclav,0.6452,0.5000,0.7905,
herpex,Nervoprx,0.6452,0.5000,0.7905,
Mervax,Nervoprx,0.6452,0.5000,0.7905,
Tab. Neobean,Tb. Anginta,0.6451,0.4167,0.8736,
Anstouit,Aristovit -B,0.6450,0.5000,0.7900,
Calcor-D,Coralgue D,0.6450,0.4000,0.8900,
Caprodycin,criptin,0.6450,0.4000,0.8900,
Dexcin,Dexfacar,0.6450,0.5000,0.7900,
Dexfacar,Dextal,0.6450,0.5000,0.7900,
fexocon,Fexofast,0.6450,0.5000,0.7900,
Fixcef,fixocard,0.6450,0.5000,0.7900,
Fixcel,fixocard,0.6450,0.5000,0.7900,
Montelm,Montinex,0.6450,0.5000,0.7900,
Moxigram,moxilin,0.6450,0.5000,0.7900,
Napa one,Napa Rapid,0.6450,0.5000,0.7900,
Nexcital,Nexmig,0.6450,0.5000,0.7900,
Tab. Beklo,Tab. Rupa,0.6450,0.5000,0.7900,
Tab. Calbo,Tab. Deap,0.6450,0.5000,0.7900,
Tab. Calbo,Tab. Rupa,0.6450,0.5000,0.7900,
Tab. Deap,Tab. Neuro-B,0.6450,0.5000,0.7900,
Tab. Galoa,Tab. Neobean,0.6450,0.5000,0.7900,
Tab. Galoa,Tab. Neuro-B,0.6450,0.5000,0.7900,
Tab. Neobean,Tab. Rupa,0.6450,0.5000,0.7900,
Calcor-Dx,halconl Dx,0.6450,0.6000,0.6899,
Flexi,Valex CR,0.6446,0.3750,0.9143,
Furotil Plus,Raufitfup plus,0.6445,0.5000,0.7890,
?icrogent,progest,0.6444,0.5556,0.7333,
Aropens,Meropenem,0.6444,0.5556,0.7333,
Geotrenol,rectinol,0.6444,0.5556,0.7333,
Kindial-D,Onacal-D,0.6444,0.5556,0.7333,
Meropenem,propenta,0.6444,0.5556,0.7333,
metaconil,Tendonil,0.6444,0.5556,0.7333,
Neurobest,progest,0.6444,0.5556,0.7333,
Calnor,Maxuline-R,0.6444,0.4000,0.8889,
clindacin,Clonapex,0.6444,0.4444,0.8444,
clindacin,Glasin,0.6444,0.4444,0.8444,
clindacin,Glicid,0.6444,0.4444,0.8444,
Decoral,dicaltrol,0.6444,0.4444,0.8444,
merocil,Omeprazole,0.6444,0.4000,0.8889,
Tab. Naprosyn Plus,TAB. PENOULY,0.6444,0.4444,0.8444,
tarlica,turboclav,0.6444,0.4444,0.8444,
Neurolin CR,nintoin sr,0.6442,0.5455,0.7429,
Biocal-Dx,Calboral Dx,0.6439,0.4545,0.8333,
Cor algen-D,coral,0.6439,0.4545,0.8333,
Telfro max,Toramex,0.6438,0.4000,0.8875,
Raufitfup plus,Rausiflex Plus,0.6437,0.6429,0.6444,
Rausiflex Plus,Ravliflex,0.6436,0.5000,0.7871,
Esobest Mups,Pronex Mups,0.6435,0.5833,0.7037,
Cefixim,Ceftriaxone,0.6435,0.4545,0.8324,
liberts,Libott-S JR,0.6435,0.4545,0.8324,
TRD Coutine,Triptin,0.6435,0.4545,0.8324,
TRD Coutine,Tryptin,0.6435,0.4545,0.8324,
Alatrof,Allcaron,0.6433,0.5000,0.7867,
Alatrol,Allcaron,0.6433,0.5000,0.7867,
Allcaron,Alolrol,0.6433,0.5000,0.7867,
amdocal,Aminosol,0.6433,0.5000,0.7867,
amdoral,Aminosol,0.6433,0.5000,0.7867,
Aminosol,Amlocal,0.6433,0.5000,0.7867,
Cefaxine,Ceftron,0.6433,0.5000,0.7867,
Delanix,Delcalen,0.6433,0.5000,0.7867,
Denixil,Tendonil,0.6433,0.5000,0.7867,
Fenix-V,Fentizol,0.6433,0.5000,0.7867,
figfimef,Fixcef,0.6433,0.5000,0.7867,
Napa one,Nopxon,0.6433,0.5000,0.7867,
Pelverin,Plagnin,0.6433,0.5000,0.7867,
Precabil,Prestal,0.6433,0.5000,0.7867,
Precabil,Prestel,0.6433,0.5000,0.7867,
Prestal,propenta,0.6433,0.5000,0.7867,
Pripmmf,Proindof,0.6433,0.5000,0.7867,
Proindof,prosesf,0.6433,0.5000,0.7867,
Pronex,propenta,0.6433,0.5000,0.7867,
Ralripus,relentus,0.6433,0.5000,0.7867,
Rivarox,Rivotril,0.6433,0.5000,0.7867,
telcard,telmacal,0.6433,0.5000,0.7867,
telcard,Telmocal,0.6433,0.5000,0.7867,
vaxitet,vigfimet,0.6433,0.5000,0.7867,
vaxitet,viglimet,0.6433,0.5000,0.7867,
Vorifast,Vorinox,0.6433,0.5000,0.7867,
Vorifast,vorirox,0.6433,0.5000,0.7867,
Acemox,Ascobex,0.6432,0.4286,0.8578,
Delanix,Delfrnz,0.6432,0.4286,0.8578,
Delanix,Delfxz,0.6432,0.4286,0.8578,
Delfxz,Duloxen,0.6432,0.4286,0.8578,
Escolex,Esmax,0.6432,0.4286,0.8578,
Eslilex,Esmax,0.6432,0.4286,0.8578,
Eslilex,Esomax,0.6432,0.4286,0.8578,
Eslilex,esomix,0.6432,0.4286,0.8578,
Eslilex,esonix,0.6432,0.4286,0.8578,
Flamfix,Flubex,0.6432,0.4286,0.8578,
Flamfix,Fluelox,0.6432,0.4286,0.8578,
flemex,Fluclox,0.6432,0.4286,0.8578,
Tab. clacido,Tab. Etorx,0.6431,0.4167,0.8694,
deflaxen,Devixi,0.6431,0.3750,0.9111,
Flexinor,Folison,0.6431,0.3750,0.9111,
Flexinor,Follison,0.6431,0.3750,0.9111,
Lelox,lulrilax,0.6431,0.3750,0.9111,
menoril,Montrlon,0.6431,0.3750,0.9111,
Peridon,prompton,0.6431,0.3750,0.9111,
Rodiflex,Rotalac,0.6431,0.3750,0.9111,
Paracetamol,Purisal,0.6429,0.3636,0.9222,
Aristovil-B,Tab.Aristovif-,0.6429,0.5714,0.7143,
Calbo-D,Klabid,0.6429,0.2857,1.0000,
Calbo-D,Klobid,0.6429,0.2857,1.0000,
Ecosprin Plus,Telecordip plus,0.6429,0.5333,0.7524,
Fasid Plus,Raufitfup plus,0.6429,0.5000,0.7857,
Flenex Dew,Flexi,0.6429,0.4000,0.8857,
Peridon,protein,0.6429,0.2857,1.0000,
Canficid,Comlricid,0.6428,0.5556,0.7300,
Detfacavt,Dexnaat,0.6428,0.5556,0.7300,
Telmicard,Termitan,0.6428,0.5556,0.7300,
Levofloxacin,Levothyroxine,0.6427,0.4615,0.8238,
cap. Dexilend,Cap. zif,0.6426,0.4615,0.8237,
Flexinor,Valex CR,0.6423,0.3750,0.9095,
Fixcef Plus,windel plus,0.6423,0.6364,0.6481,
Metronidazole,Omeprazole,0.6422,0.5385,0.7460,
anustat,Aristovit,0.6422,0.4444,0.8400,
Colistin,Comlricid,0.6422,0.4444,0.8400,
Defcalivo,Detfacavt,0.6422,0.4444,0.8400,
Gerhinal,Gestrenol,0.6422,0.4444,0.8400,
Hepeximin,herpex,0.6422,0.4444,0.8400,
Hepeximin,Hexinor,0.6422,0.4444,0.8400,
Keto,Ketorolac,0.6422,0.4444,0.8400,
Nabu,Nabu pain,0.6422,0.4444,0.8400,
Alect,alix,0.6417,0.4000,0.8833,
Deixl,Dexin,0.6417,0.4000,0.8833,
Dexin,doxva,0.6417,0.4000,0.8833,
Dexin,toxit,0.6417,0.4000,0.8833,
doxva,toxit,0.6417,0.4000,0.8833,
Fexit,Fixal,0.6417,0.4000,0.8833,
Omep,Omeprazole,0.6417,0.4000,0.8833,
Tab Cordca,TAB. OUOCM-D,0.6417,0.4167,0.8667,
Tab. Amitip,TAB. OUOCM-D,0.6417,0.4167,0.8667,
Tab. clacido,Tb. Mccol,0.6417,0.4167,0.8667,
Abicon,Bredicon,0.6417,0.5000,0.7833,
Acemox,Baemax,0.6417,0.5000,0.7833,
Acemox,Neemoxew,0.6417,0.5000,0.7833,
acron,Maxrin,0.6417,0.5000,0.7833,
aeropen,propenta,0.6417,0.5000,0.7833,
Alatol,Clavutil,0.6417,0.5000,0.7833,
Alben,Nalbun-Z,0.6417,0.5000,0.7833,
Albumin,Calamine,0.6417,0.5000,0.7833,
albutein,Nalbun,0.6417,0.5000,0.7833,
alix,prolix,0.6417,0.5000,0.7833,
Allcaron,clarin,0.6417,0.5000,0.7833,
Allcaron,Malucan,0.6417,0.5000,0.7833,
Alrin,Pelverin,0.6417,0.5000,0.7833,
Amilin,Tomdolin,0.6417,0.5000,0.7833,
Aminosol,Dominos,0.6417,0.5000,0.7833,
Aminosol,hansol,0.6417,0.5000,0.7833,
Aminosol,menoril,0.6417,0.5000,0.7833,
Amlocal,telmacal,0.6417,0.5000,0.7833,
Anodof,Proindof,0.6417,0.5000,0.7833,
Ansulin,Neugalin,0.6417,0.5000,0.7833,
Ansulin,Neurolin,0.6417,0.5000,0.7833,
Arlin,Liprolin,0.6417,0.5000,0.7833,
Arlin,trodolin,0.6417,0.5000,0.7833,
Arsiloca,tarlica,0.6417,0.5000,0.7833,
Autazol,Fentizol,0.6417,0.5000,0.7833,
Autazol,Purtisol,0.6417,0.5000,0.7833,
Aximcy,Maxima,0.6417,0.5000,0.7833,
axon,Maxrin,0.6417,0.5000,0.7833,
axon,Nopxon,0.6417,0.5000,0.7833,
Baemax,Esmax,0.6417,0.5000,0.7833,
Baemax,Esomax,0.6417,0.5000,0.7833,
Baemax,flemex,0.6417,0.5000,0.7833,
Baemax,Unomax,0.6417,0.5000,0.7833,
Barmax,N-Max,0.6417,0.5000,0.7833,
Barmax,Torax,0.6417,0.5000,0.7833,
Barmax,zimax,0.6417,0.5000,0.7833,
Baumax,Esmax,0.6417,0.5000,0.7833,
Baumax,Esomax,0.6417,0.5000,0.7833,
Baumax,Unomax,0.6417,0.5000,0.7833,
Beconal,rectinol,0.6417,0.5000,0.7833,
Bilax,Myolax,0.6417,0.5000,0.7833,
Bilax,Wiflex,0.6417,0.5000,0.7833,
Bilista,Colistin,0.6417,0.5000,0.7833,
Biltin,Colistin,0.6417,0.5000,0.7833,
Biltin,voltalin,0.6417,0.5000,0.7833,
Biscor,vbi care,0.6417,0.5000,0.7833,
Bredicon,Peridon,0.6417,0.5000,0.7833,
Brezofil,merocil,0.6417,0.5000,0.7833,
Brezofil,Radifil,0.6417,0.5000,0.7833,
Brodil,trodolin,0.6417,0.5000,0.7833,
Calbon,Nalbun-Z,0.6417,0.5000,0.7833,
Calboral,Decoral,0.6417,0.5000,0.7833,
Calnor,Palonron,0.6417,0.5000,0.7833,
Canficid,cefazid,0.6417,0.5000,0.7833,
Cavinton,visnon,0.6417,0.5000,0.7833,
Cefaclav,fevaliv,0.6417,0.5000,0.7833,
Cefaclav,Roclav,0.6417,0.5000,0.7833,
Cefaclav,tyclav,0.6417,0.5000,0.7833,
Cefaxine,Dexin,0.6417,0.5000,0.7833,
cefazid,Comficid,0.6417,0.5000,0.7833,
cefazid,Respazit,0.6417,0.5000,0.7833,
Cefixime,Devixi,0.6417,0.5000,0.7833,
cefotil,Clavutil,0.6417,0.5000,0.7833,
cefotil,novotril,0.6417,0.5000,0.7833,
cefotil,Rivotril,0.6417,0.5000,0.7833,
Cetaclav,Fuclav,0.6417,0.5000,0.7833,
Cetaclav,Roclav,0.6417,0.5000,0.7833,
Cidex,Gintex,0.6417,0.5000,0.7833,
Cifaclav,Roclav,0.6417,0.5000,0.7833,
Cifaclav,tyclav,0.6417,0.5000,0.7833,
Cildip,Telmidip,0.6417,0.5000,0.7833,
Cinaron,onaseron,0.6417,0.5000,0.7833,
ciprox,Thyrox,0.6417,0.5000,0.7833,
Clacef,Fixcef,0.6417,0.5000,0.7833,
Clacef,Microcef,0.6417,0.5000,0.7833,
clarin,Lestarin,0.6417,0.5000,0.7833,
clarin,Maxrin,0.6417,0.5000,0.7833,
clarin,Pelverin,0.6417,0.5000,0.7833,
Colistin,Follison,0.6417,0.5000,0.7833,
Colistin,Gestin,0.6417,0.5000,0.7833,
Colistin,Linatin,0.6417,0.5000,0.7833,
Coralcal,Rotalac,0.6417,0.5000,0.7833,
Coralcal,Velcal,0.6417,0.5000,0.7833,
corox,Etorix,0.6417,0.5000,0.7833,
corox,Trerox,0.6417,0.5000,0.7833,
Cortan,Norestin,0.6417,0.5000,0.7833,
Cortan,Termitan,0.6417,0.5000,0.7833,
Costan,Histacin,0.6417,0.5000,0.7833,
Costan,Lestarin,0.6417,0.5000,0.7833,
Costan,Norestin,0.6417,0.5000,0.7833,
Defalin,voltalin,0.6417,0.5000,0.7833,
demelon,montelon,0.6417,0.5000,0.7833,
Derolon,Liprolin,0.6417,0.5000,0.7833,
Dexin,Maxrin,0.6417,0.5000,0.7833,
Dexlor,Regler,0.6417,0.5000,0.7833,
dexnaaf,Gavinaaf,0.6417,0.5000,0.7833,
dextac,Nexc,0.6417,0.5000,0.7833,
Dextal,Fixal,0.6417,0.5000,0.7833,
Dextal,Histal,0.6417,0.5000,0.7833,
Dimex,flemex,0.6417,0.5000,0.7833,
Dimex,Limbix,0.6417,0.5000,0.7833,
Dopecgut,Motigut,0.6417,0.5000,0.7833,
Dopecgut,progut,0.6417,0.5000,0.7833,
Dophylin,voltalin,0.6417,0.5000,0.7833,
Duracef,Microcef,0.6417,0.5000,0.7833,
Elodep,Telmidip,0.6417,0.5000,0.7833,
emixef,Mixit,0.6417,0.5000,0.7833,
emixef,Neemoxew,0.6417,0.5000,0.7833,
Esomax,N-Max,0.6417,0.5000,0.7833,
esomix,fimix,0.6417,0.5000,0.7833,
esonix,Fenix,0.6417,0.5000,0.7833,
esonix,Finix,0.6417,0.5000,0.7833,
Esotil,Losectil,0.6417,0.5000,0.7833,
Esotil,Stemetil,0.6417,0.5000,0.7833,
Eylox,Myolax,0.6417,0.5000,0.7833,
faropen,propenta,0.6417,0.5000,0.7833,
Febustat,Histat,0.6417,0.5000,0.7833,
Febustat,Nystat,0.6417,0.5000,0.7833,
fenisen,Panaseng,0.6417,0.5000,0.7833,
Fenodin,Tendonil,0.6417,0.5000,0.7833,
Feropen,propenta,0.6417,0.5000,0.7833,
Feryx,herpex,0.6417,0.5000,0.7833,
Feryx,Mervax,0.6417,0.5000,0.7833,
Feryx,Trerox,0.6417,0.5000,0.7833,
Finix,Gintex,0.6417,0.5000,0.7833,
Fixgut,Mixit,0.6417,0.5000,0.7833,
flacol,telmacal,0.6417,0.5000,0.7833,
flemex,Lelox,0.6417,0.5000,0.7833,
flemex,lytex,0.6417,0.5000,0.7833,
Flubex,lytex,0.6417,0.5000,0.7833,
Furoclav,Proliv,0.6417,0.5000,0.7833,
Furoclav,tyclav,0.6417,0.5000,0.7833,
Furotil,novotril,0.6417,0.5000,0.7833,
Furotil,Purtisol,0.6417,0.5000,0.7833,
Fylox,Myolax,0.6417,0.5000,0.7833,
Gerhinal,Nurnal,0.6417,0.5000,0.7833,
Gerhinal,rechnol,0.6417,0.5000,0.7833,
Gerhinal,Retinol,0.6417,0.5000,0.7833,
Gestin,Histacin,0.6417,0.5000,0.7833,
Geston,Lestarin,0.6417,0.5000,0.7833,
Geston,Norestin,0.6417,0.5000,0.7833,
Gintabac,linatab,0.6417,0.5000,0.7833,
Gintabac,Lindac,0.6417,0.5000,0.7833,
Gintabac,Sidobac,0.6417,0.5000,0.7833,
Gintex,Linax,0.6417,0.5000,0.7833,
Gintex,lytex,0.6417,0.5000,0.7833,
Gintex,Zinax,0.6417,0.5000,0.7833,
Glasin,nalepsin,0.6417,0.5000,0.7833,
Glymed,viglimef,0.6417,0.5000,0.7833,
Greemox,Neemoxew,0.6417,0.5000,0.7833,
herpex,Torex,0.6417,0.5000,0.7833,
Itolcive,Telmiva,0.6417,0.5000,0.7833,
Kalcoral,Velcal,0.6417,0.5000,0.7833,
Kallonl Dx,Salost Dx,0.6417,0.6000,0.6833,
Kefuclav,Roclav,0.6417,0.5000,0.7833,
Kefuclav,tyclav,0.6417,0.5000,0.7833,
Lestarin,Secrin,0.6417,0.5000,0.7833,
Lestarin,Sekorin,0.6417,0.5000,0.7833,
Levofloxacin,Levox,0.6417,0.4167,0.8667,
Levox,Mervax,0.6417,0.5000,0.7833,
Levox,Rivyox,0.6417,0.5000,0.7833,
Lifanta,Vibrenta,0.6417,0.5000,0.7833,
Limbix,zimax,0.6417,0.5000,0.7833,
Liprolin,Profen,0.6417,0.5000,0.7833,
Liprolin,protein,0.6417,0.5000,0.7833,
lytex,myotax,0.6417,0.5000,0.7833,
Maxrin,Secrin,0.6417,0.5000,0.7833,
menoril,novotril,0.6417,0.5000,0.7833,
Merdin,Termitan,0.6417,0.5000,0.7833,
Meropen,propenta,0.6417,0.5000,0.7833,
Mervax,Tevox,0.6417,0.5000,0.7833,
Mervax,Torax,0.6417,0.5000,0.7833,
Microcef,Oricef,0.6417,0.5000,0.7833,
Napryn,onaseron,0.6417,0.5000,0.7833,
Neurolin,trodolin,0.6417,0.5000,0.7833,
Nitrofur,Orofer,0.6417,0.5000,0.7833,
Norestin,Rostil,0.6417,0.5000,0.7833,
Norsol,Purtisol,0.6417,0.5000,0.7833,
novonil,Tendonil,0.6417,0.5000,0.7833,
novotril,Povital,0.6417,0.5000,0.7833,
nutrifil,Radifil,0.6417,0.5000,0.7833,
Omidon,Tomdolin,0.6417,0.5000,0.7833,
Peridon,Termitan,0.6417,0.5000,0.7833,
Priten,Termitan,0.6417,0.5000,0.7833,
Pro Gio,Profenid Gel,0.6417,0.4167,0.8667,
prolix,Torix,0.6417,0.5000,0.7833,
Pronex,Torex,0.6417,0.5000,0.7833,
protein,trodolin,0.6417,0.5000,0.7833,
Purtisol,ratinol,0.6417,0.5000,0.7833,
Purtisol,Retinol,0.6417,0.5000,0.7833,
Purtisol,Ruotinl,0.6417,0.5000,0.7833,
Relvis,Telmivas,0.6417,0.5000,0.7833,
Rivyox,Tevox,0.6417,0.5000,0.7833,
Rofuclav,tyclav,0.6417,0.5000,0.7833,
Roxim,Troxyf,0.6417,0.5000,0.7833,
Tab. Normens,Tab.Neuro,0.6417,0.4167,0.8667,
Thyrox,Trevox,0.6417,0.5000,0.7833,
Unomax,zimax,0.6417,0.5000,0.7833,
Uful Dx,Ulfix,0.6414,0.4286,0.8543,
Pregmos,Pronex Mups,0.6413,0.4545,0.8281,
Barmax,Terbi max,0.6413,0.4444,0.8381,
Lwfilex,Ravliflex,0.6413,0.4444,0.8381,
Calcor-D,coral cal d,0.6410,0.4545,0.8275,
Alc,Allcaron,0.6408,0.3750,0.9067,
Clavutil,Clofenal,0.6408,0.3750,0.9067,
Ferix-V,Furoclav,0.6408,0.3750,0.9067,
Flemorif,Fluma,0.6408,0.3750,0.9067,
Folita,voltalin,0.6408,0.3750,0.9067,
Lestarin,Losita,0.6408,0.3750,0.9067,
Macrobac,Mecor,0.6408,0.3750,0.9067,
Mecor,Microcef,0.6408,0.3750,0.9067,
Mecor,microges,0.6408,0.3750,0.9067,
Nitr,nutrifil,0.6408,0.3750,0.9067,
Norium,normanal,0.6408,0.3750,0.9067,
Tab. Beklo,Tab. Flamex,0.6407,0.4545,0.8269,
Calboral D,calcor,0.6405,0.5000,0.7810,
Calboral D,Calnor,0.6405,0.5000,0.7810,
Tab.Neuro,Tb. Defrol,0.6405,0.5000,0.7810,
valix CR,Volinac,0.6405,0.5000,0.7810,
Calboral Dx,Tb. Calboral-D,0.6402,0.5714,0.7090,
K2cal,Kalcoral,0.6400,0.5000,0.7800,
Drexy,Trerox,0.6400,0.3333,0.9467,
Drexy,Trevox,0.6400,0.3333,0.9467,
Feryx,Frabex,0.6400,0.3333,0.9467,
flemex,Fylox,0.6400,0.3333,0.9467,
flemex,Valex,0.6400,0.3333,0.9467,
Flubex,Fylox,0.6400,0.3333,0.9467,
Flubex,Valex,0.6400,0.3333,0.9467,
Torax,Trevox,0.6400,0.3333,0.9467,
Torix,Trevox,0.6400,0.3333,0.9467,
Traxy,Trerox,0.6400,0.3333,0.9467,
Traxy,Trevox,0.6400,0.3333,0.9467,
Cinaron Plus,Fasid Plus,0.6399,0.5000,0.7798,
Cinaron Plus,Lumana plus,0.6399,0.5000,0.7798,
Cp Dexter,Syp Deslor,0.6399,0.5000,0.7798,
Fasid Plus,linax plus,0.6399,0.5000,0.7798,
Fasid Plus,linux plus,0.6399,0.5000,0.7798,
Furotil Plus,Lumana plus,0.6399,0.5000,0.7798,
lanso max,Telfro max,0.6399,0.5000,0.7798,
lanso max,Tesfro max,0.6399,0.5000,0.7798,
lullonl Dx,Uful Dx,0.6399,0.5000,0.7798,
Lumana plus,plaqriw plus,0.6399,0.5000,0.7798,
Cefrid,Cefuroximee,0.6398,0.4545,0.8250,
Nafro A plm,Naprox plus,0.6394,0.5455,0.7333,
Anodol,Autazol,0.6393,0.4286,0.8500,
Anset,Azosite,0.6393,0.4286,0.8500,
Beconal,bengel,0.6393,0.4286,0.8500,
Bicozin,Biloxe,0.6393,0.4286,0.8500,
Bicozin,Bisnen,0.6393,0.4286,0.8500,
Bilozin,Bisnen,0.6393,0.4286,0.8500,
Bisoren,Brodin,0.6393,0.4286,0.8500,
Bizoran,Brodin,0.6393,0.4286,0.8500,
Bizoran,Bromen,0.6393,0.4286,0.8500,
Decoral,Derolon,0.6393,0.4286,0.8500,
Deixl,Desolon,0.6393,0.4286,0.8500,
Dekalin,Delfian,0.6393,0.4286,0.8500,
Delfian,demelon,0.6393,0.4286,0.8500,
Delfian,Derolon,0.6393,0.4286,0.8500,
Delfian,Desolon,0.6393,0.4286,0.8500,
Delfrnz,deviry,0.6393,0.4286,0.8500,
demelon,Triolon,0.6393,0.4286,0.8500,
Desolon,Dexila,0.6393,0.4286,0.8500,
Desolon,Dexin,0.6393,0.4286,0.8500,
Edeloss,Eylox,0.6393,0.4286,0.8500,
Fasopen,fenisen,0.6393,0.4286,0.8500,
Fatisol,femotol,0.6393,0.4286,0.8500,
Fatisol,Fixal,0.6393,0.4286,0.8500,
feeviu,Fenafir,0.6393,0.4286,0.8500,
femotol,Fremit,0.6393,0.4286,0.8500,
Fenadin,vitabin,0.6393,0.4286,0.8500,
Fenafir,Filofer,0.6393,0.4286,0.8500,
Feropen,Feup,0.6393,0.4286,0.8500,
fevaliv,Fuclav,0.6393,0.4286,0.8500,
Fexo,Frenxil,0.6393,0.4286,0.8500,
Fexo,Frenxit,0.6393,0.4286,0.8500,
flurif,Furocef,0.6393,0.4286,0.8500,
Folison,visnon,0.6393,0.4286,0.8500,
FONA,Volinac,0.6393,0.4286,0.8500,
Garcon,Glarine,0.6393,0.4286,0.8500,
Lantus,Lifanta,0.6393,0.4286,0.8500,
Lantus,Luminus,0.6393,0.4286,0.8500,
Lifanta,Linatin,0.6393,0.4286,0.8500,
Lifanta,Lindac,0.6393,0.4286,0.8500,
Ligazid,Linax,0.6393,0.4286,0.8500,
Linax,Luminus,0.6393,0.4286,0.8500,
M-Kast,m-lucas,0.6393,0.4286,0.8500,
menoril,meur,0.6393,0.4286,0.8500,
Merdir,Montair,0.6393,0.4286,0.8500,
Mig,mofigut,0.6393,0.4286,0.8500,
Mig,Motigut,0.6393,0.4286,0.8500,
migo,mofigut,0.6393,0.4286,0.8500,
migo,Motigut,0.6393,0.4286,0.8500,
Mitpr,Montair,0.6393,0.4286,0.8500,
Mixit,mofigut,0.6393,0.4286,0.8500,
Mixit,Motigut,0.6393,0.4286,0.8500,
mofigut,Momvit,0.6393,0.4286,0.8500,
Nabumef,Namefan,0.6393,0.4286,0.8500,
Nabumef,Namefon,0.6393,0.4286,0.8500,
nabumet,Nameton,0.6393,0.4286,0.8500,
Namefan,Natumef,0.6393,0.4286,0.8500,
Namefon,Natumef,0.6393,0.4286,0.8500,
Namefon,Nervion,0.6393,0.4286,0.8500,
Natumef,Nortum,0.6393,0.4286,0.8500,
Nebanol,novonil,0.6393,0.4286,0.8500,
Nebanol,Nurnal,0.6393,0.4286,0.8500,
neelufh,Nufw,0.6393,0.4286,0.8500,
Nesotem,Nexum,0.6393,0.4286,0.8500,
Nesotem,Nortum,0.6393,0.4286,0.8500,
Newoxew,Nexc,0.6393,0.4286,0.8500,
Newoxew,Nexum,0.6393,0.4286,0.8500,
novonil,Nurnal,0.6393,0.4286,0.8500,
Paloven,Purifen,0.6393,0.4286,0.8500,
Pirulin,Pli,0.6393,0.4286,0.8500,
Radifil,Rostil,0.6393,0.4286,0.8500,
Raditil,Revatol,0.6393,0.4286,0.8500,
Ralee,Rotalac,0.6393,0.4286,0.8500,
ratinol,Reconil,0.6393,0.4286,0.8500,
ratinol,Revatol,0.6393,0.4286,0.8500,
ratinol,Revital,0.6393,0.4286,0.8500,
ratinol,Rostil,0.6393,0.4286,0.8500,
ratnol,Reconil,0.6393,0.4286,0.8500,
Reconil,Ruotinl,0.6393,0.4286,0.8500,
Reelifr,Regular,0.6393,0.4286,0.8500,
Regular,Rolae,0.6393,0.4286,0.8500,
Relvis,Revocit,0.6393,0.4286,0.8500,
Retinol,Rostil,0.6393,0.4286,0.8500,
Reto,Revital,0.6393,0.4286,0.8500,
Reto,ropitor,0.6393,0.4286,0.8500,
Revatol,Rostil,0.6393,0.4286,0.8500,
Revital,Rostil,0.6393,0.4286,0.8500,
Rostil,Rotalac,0.6393,0.4286,0.8500,
Ruotinl,Rupadin,0.6393,0.4286,0.8500,
Sofbian,Zolfin,0.6393,0.4286,0.8500,
tal,tarlica,0.6393,0.4286,0.8500,
Telmiva,temo,0.6393,0.4286,0.8500,
Tenocab,toco,0.6393,0.4286,0.8500,
tomy,Topmate,0.6393,0.4286,0.8500,
Volinac,Vonacab,0.6393,0.4286,0.8500,
Volinac,Vonocab,0.6393,0.4286,0.8500,
Bilax,Libidex,0.6393,0.4286,0.8500,
Bilaxe,Lubilex,0.6393,0.4286,0.8500,
Bilaxe,Lubilox,0.6393,0.4286,0.8500,
Biloxe,Lubilax,0.6393,0.4286,0.8500,
Biloxe,Lubilex,0.6393,0.4286,0.8500,
dulox,lutilax,0.6393,0.4286,0.8500,
Duralax,Rotalac,0.6393,0.4286,0.8500,
Flexi,Lwfilex,0.6393,0.4286,0.8500,
Flux,lufilox,0.6393,0.4286,0.8500,
Flux,Lwfilex,0.6393,0.4286,0.8500,
Fylox,Lwfilex,0.6393,0.4286,0.8500,
Lwfilex,Valex,0.6393,0.4286,0.8500,
ostalal Cex,ostocal,0.6391,0.4545,0.8237,
clindamycin,glinta,0.6390,0.3636,0.9143,
Dexlor,Terxilla-SR,0.6390,0.3636,0.9143,
Cefuroxime,Rofixim,0.6389,0.4000,0.8778,
abicon max,Tb. N- Max,0.6389,0.5000,0.7778,
Acliz Plus,cefotil plus,0.6389,0.5000,0.7778,
Alanol,ALOS,0.6389,0.5000,0.7778,
Alatol,ALOS,0.6389,0.5000,0.7778,
ALOS,Plus,0.6389,0.5000,0.7778,
Arth,artica,0.6389,0.5000,0.7778,
Auolac,nuloc,0.6389,0.5000,0.7778,
Bartrocin,Caprodycin,0.6389,0.5000,0.7778,
Bex,Dexa,0.6389,0.5000,0.7778,
Bex,Fexo,0.6389,0.5000,0.7778,
Bex,Nexe,0.6389,0.5000,0.7778,
Bexitrol,Nexcital,0.6389,0.5000,0.7778,
Bilan,Biloxe,0.6389,0.5000,0.7778,
Bilan,geolan,0.6389,0.5000,0.7778,
Bilaxe,Bilon,0.6389,0.5000,0.7778,
Biloxe,Blood,0.6389,0.5000,0.7778,
Bionic,xinc,0.6389,0.5000,0.7778,
blomen,Blood,0.6389,0.5000,0.7778,
BONID,Panied,0.6389,0.5000,0.7778,
calcor,Callin,0.6389,0.5000,0.7778,
Callin,Xylin,0.6389,0.5000,0.7778,
Caprodycin,Naproxen,0.6389,0.5000,0.7778,
Carva,Cortan,0.6389,0.5000,0.7778,
Ceevit,feeviu,0.6389,0.6667,0.6111,
Cef-B,Cefrid,0.6389,0.5000,0.7778,
Cefim,Cewfilid,0.6389,0.5000,0.7778,
Coragu-D,coral,0.6389,0.5000,0.7778,
Coralex DX,Corulcal-D,0.6389,0.4000,0.8778,
Cosec,Costan,0.6389,0.5000,0.7778,
Cosec,Microsegt,0.6389,0.4444,0.8333,
coxe,Nexe,0.6389,0.5000,0.7778,
coxe,Zox,0.6389,0.5000,0.7778,
CRP,Drop,0.6389,0.5000,0.7778,
Cyclorox,Ultrox,0.6389,0.5000,0.7778,
Deflacort,lecor,0.6389,0.4444,0.8333,
Deflacort,wficore,0.6389,0.4444,0.8333,
Defzacort,wficore,0.6389,0.4444,0.8333,
deviry,Revere,0.6389,0.5000,0.7778,
Dexa,Fexo,0.6389,0.5000,0.7778,
Dexa,Nexe,0.6389,0.5000,0.7778,
Dexa,Rex,0.6389,0.5000,0.7778,
DINOVO,Renova,0.6389,0.5000,0.7778,
docopa,Doxiva,0.6389,0.5000,0.7778,
docopa,doxva,0.6389,0.5000,0.7778,
Dophyllin,Phylopen,0.6389,0.4444,0.8333,
Drop,ERP,0.6389,0.5000,0.7778,
E-cap,Eggcal,0.6389,0.5000,0.7778,
Emep,Emetid,0.6389,0.5000,0.7778,
Escilex,Rasiflex,0.6389,0.5000,0.7778,
Eslilex,lulrilax,0.6389,0.5000,0.7778,
Eslilex,Rasiflex,0.6389,0.5000,0.7778,
Faenor,Fenix,0.6389,0.5000,0.7778,
Fexo,Nexe,0.6389,0.5000,0.7778,
Fexo,Rex,0.6389,0.5000,0.7778,
flacol,Flayd,0.6389,0.5000,0.7778,
Fluma,flurif,0.6389,0.5000,0.7778,
Flux,Flv,0.6389,0.5000,0.7778,
Flv,uliv,0.6389,0.5000,0.7778,
Folita,Follison,0.6389,0.5000,0.7778,
folive,Follison,0.6389,0.5000,0.7778,
folive,uliv,0.6389,0.5000,0.7778,
Furotil Plus,plaqriw plus,0.6389,0.5000,0.7778,
Furotil Plus,Tryptin Plus,0.6389,0.5833,0.6944,
gaviflux,Rodiflex,0.6389,0.5000,0.7778,
geolan,Solon,0.6389,0.5000,0.7778,
Geotoenol,ratinol,0.6389,0.4444,0.8333,
Geotoenol,ratnol,0.6389,0.4444,0.8333,
Geotoenol,Ruotinl,0.6389,0.4444,0.8333,
Geoton,GTN,0.6389,0.5000,0.7778,
Hydronix,Napronex,0.6389,0.5000,0.7778,
Indo,Inxo-A,0.6389,0.5000,0.7778,
K2cal,v-cal-,0.6389,0.5000,0.7778,
Lasix,Losita,0.6389,0.5000,0.7778,
Loba-G,Robac,0.6389,0.5000,0.7778,
Max dol,N-MAX SO,0.6389,0.5000,0.7778,
Max Pro,N-MAX SO,0.6389,0.5000,0.7778,
Metaomol,Metro,0.6389,0.5000,0.7778,
mirata,Torat,0.6389,0.5000,0.7778,
Nasal,Nystat,0.6389,0.5000,0.7778,
Nexe,Rex,0.6389,0.5000,0.7778,
Nexe-mups,Seruh Mups,0.6389,0.5000,0.7778,
Norium,Norsol,0.6389,0.5000,0.7778,
Omep,Ometid,0.6389,0.5000,0.7778,
Omidon,omira,0.6389,0.5000,0.7778,
pregmo,probio,0.6389,0.5000,0.7778,
pregmo,Protio,0.6389,0.5000,0.7778,
Priten,Protio,0.6389,0.5000,0.7778,
probio,Profen,0.6389,0.5000,0.7778,
probio,progut,0.6389,0.5000,0.7778,
Profen,Protio,0.6389,0.5000,0.7778,
Profinex,Rodiflex,0.6389,0.5000,0.7778,
progut,Protio,0.6389,0.5000,0.7778,
Relvis,Rolip,0.6389,0.5000,0.7778,
Rosetn,Rosuva,0.6389,0.5000,0.7778,
Rosetn,rosv,0.6389,0.5000,0.7778,
Rosetn,roswva,0.6389,0.5000,0.7778,
Rostil,Rosuva,0.6389,0.5000,0.7778,
Rostil,rosv,0.6389,0.5000,0.7778,
Rostil,roswva,0.6389,0.5000,0.7778,
Rostil,Roxtal XP,0.6389,0.4444,0.8333,
Salost,Solon,0.6389,0.5000,0.7778,
Seclo,Secrin,0.6389,0.5000,0.7778,
Terbia,Torix,0.6389,0.5000,0.7778,
Vasco,visnon,0.6389,0.5000,0.7778,
visel,visnon,0.6389,0.5000,0.7778,
viset,visnon,0.6389,0.5000,0.7778,
deflaxen,Devixil,0.6386,0.3750,0.9022,
Flexibac,Flubex,0.6386,0.3750,0.9022,
prompton,propenta,0.6386,0.3750,0.9022,
algecal,Algin,0.6385,0.4286,0.8483,
Amlip,Amlocal,0.6385,0.4286,0.8483,
Anodof,Antazol,0.6385,0.4286,0.8483,
ansef,Ansulin,0.6385,0.4286,0.8483,
ansef,anustat,0.6385,0.4286,0.8483,
Anset,Ansulin,0.6385,0.4286,0.8483,
cefotil,Ceftron,0.6385,0.4286,0.8483,
Delfian,Telfast,0.6385,0.4286,0.8483,
Derolon,Duralax,0.6385,0.4286,0.8483,
Dexila,Dexnaof,0.6385,0.4286,0.8483,
Dexila,Doximev,0.6385,0.4286,0.8483,
Dexila,Doxycap,0.6385,0.4286,0.8483,
Dexin,Doxicap,0.6385,0.4286,0.8483,
Dexin,Doximev,0.6385,0.4286,0.8483,
Dexnaat,Doxiva,0.6385,0.4286,0.8483,
Dexnaat,doxva,0.6385,0.4286,0.8483,
Doxicap,toxit,0.6385,0.4286,0.8483,
Doximev,toxit,0.6385,0.4286,0.8483,
Fexit,fexocon,0.6385,0.4286,0.8483,
Itogut,Itoklav,0.6385,0.4286,0.8483,
maxdol,Maxirra,0.6385,0.4286,0.8483,
Maxima,moxilin,0.6385,0.4286,0.8483,
Maxirra,moxibac,0.6385,0.4286,0.8483,
Maxirra,moxilin,0.6385,0.4286,0.8483,
Mixit,moxibac,0.6385,0.4286,0.8483,
Mixit,moxilin,0.6385,0.4286,0.8483,
Pregmos,progut,0.6385,0.4286,0.8483,
Revert,Rivarox,0.6385,0.4286,0.8483,
Rexlife,Roxim,0.6385,0.4286,0.8483,
Zolfin,Zolivox,0.6385,0.4286,0.8483,
Fleme max,Flubex,0.6384,0.4444,0.8324,
Fleme max,Fluelox,0.6384,0.4444,0.8324,
Flubex,Flucloxin,0.6384,0.4444,0.8324,
Cafixim,Cefuroximee,0.6384,0.4545,0.8222,
ceftazidime,Ceftriaxone,0.6384,0.4545,0.8222,
ceftazidime,Cefuroximee,0.6384,0.4545,0.8222,
Micoral gel,Microgest,0.6384,0.4545,0.8222,
Montelukast,Montrlon,0.6384,0.4545,0.8222,
Tab. Anth,Tab. Normen,0.6384,0.4545,0.8222,
Tab. Beklo,Tab. Maxiwa,0.6384,0.4545,0.8222,
Plagrin,plaqriw plus,0.6383,0.4167,0.8600,
Tab. Amitip,Tab. cifotil plus,0.6383,0.4706,0.8061,
Flemex Plus,Lumana plus,0.6378,0.5455,0.7302,
Macrobac,Microgcofi,0.6378,0.4000,0.8756,
Actrafid,Aorifip,0.6375,0.5000,0.7750,
Alcef,Amlrocaf,0.6375,0.5000,0.7750,
Alect,Auolac,0.6375,0.3333,0.9417,
alix,Auolac,0.6375,0.3333,0.9417,
Arlila,Avloclav,0.6375,0.5000,0.7750,
Bexitrol,Bislol,0.6375,0.5000,0.7750,
Biltin,Blood,0.6375,0.3333,0.9417,
celebrex,Cyclorox,0.6375,0.3750,0.9000,
Cotnim,GTN,0.6375,0.3333,0.9417,
deflaxen,dulox,0.6375,0.3750,0.9000,
denvar,Dexfacar,0.6375,0.5000,0.7750,
denvar,DINOVO,0.6375,0.3333,0.9417,
drise,Trizon,0.6375,0.3333,0.9417,
ECG,Eggcal,0.6375,0.3333,0.9417,
ECG,Eggcot,0.6375,0.3333,0.9417,
Emep,Empofi,0.6375,0.3333,0.9417,
Esobest Mups,Exium Mups,0.6375,0.5000,0.7750,
Fexit,Flexibac,0.6375,0.5000,0.7750,
Fexit,Flexinor,0.6375,0.5000,0.7750,
filmef,Fluma,0.6375,0.3333,0.9417,
Filmet,Fluma,0.6375,0.3333,0.9417,
Frenxit,Phenocid,0.6375,0.3750,0.9000,
gasnil,Kacin,0.6375,0.3333,0.9417,
gaviflux,ketoflax,0.6375,0.3750,0.9000,
K-flam,ketoflax,0.6375,0.5000,0.7750,
Linax,lulrilax,0.6375,0.5000,0.7750,
M.kant,magni,0.6375,0.3333,0.9417,
Malucan,Maxsulin,0.6375,0.5000,0.7750,
Merdin,mirata,0.6375,0.3333,0.9417,
Merdir,mirata,0.6375,0.3333,0.9417,
Montinex,Motigut,0.6375,0.5000,0.7750,
N-Max,Neumig,0.6375,0.3333,0.9417,
Naproxen,Neemoxew,0.6375,0.5000,0.7750,
Naproxen,Neurocet,0.6375,0.5000,0.7750,
Naproxen,Neurolin,0.6375,0.5000,0.7750,
Naproxen,Neuvoxew,0.6375,0.5000,0.7750,
Naproxen,Newoxew,0.6375,0.5000,0.7750,
Nebulization,Neugalin,0.6375,0.5000,0.7750,
Neemoxew,Nenvopex,0.6375,0.5000,0.7750,
Nenvopex,Newoxew,0.6375,0.5000,0.7750,
Nifin SR,Nimens,0.6375,0.5000,0.7750,
Paloxi,Pantonix,0.6375,0.5000,0.7750,
Radifil,Rasiflex,0.6375,0.5000,0.7750,
Rafiflo,Rodiflex,0.6375,0.5000,0.7750,
Reset,Rostil,0.6375,0.3333,0.9417,
Rostil,Rozita,0.6375,0.3333,0.9417,
Scluprud,Xolpro,0.6375,0.3750,0.9000,
Tb. N- Max,Telfro max,0.6375,0.5000,0.7750,
Tb. N- Max,Tesfro max,0.6375,0.5000,0.7750,
Naporx,Naprox plus,0.6374,0.3636,0.9111,
Tab Cordca,Tab. Epitra,0.6373,0.4545,0.8200,
Tab. CEEVIX,Tab. Maxiwa,0.6373,0.4545,0.8200,
Tab. Flamex,Tab. Geofoenil,0.6372,0.4286,0.8458,
Tab Cordca,Tab. Galoa,0.6371,0.4000,0.8743,
radiflex,Tab. Flamex,0.6370,0.4545,0.8194,
Fasid Plus,plaqriw plus,0.6369,0.5833,0.6905,
Clonapex,Kallonl Dx,0.6368,0.4000,0.8736,
Cefrid,Ceftriaxone,0.6368,0.4545,0.8190,
Clacef,Clavusef sw,0.6368,0.4545,0.8190,
A-Flux,alafix,0.6367,0.3333,0.9400,
Defcalivo,tyclav,0.6367,0.3333,0.9400,
Deixil,Tnaxyl,0.6367,0.3333,0.9400,
Deixil,Traxyl,0.6367,0.3333,0.9400,
Deixl,Tnaxyl,0.6367,0.3333,0.9400,
Deixl,Traxyl,0.6367,0.3333,0.9400,
Deuxil,Tnaxyl,0.6367,0.3333,0.9400,
Deuxil,Traxyl,0.6367,0.3333,0.9400,
Devixi,Trevox,0.6367,0.3333,0.9400,
doxva,Troxyf,0.6367,0.3333,0.9400,
Flexi,V-plex,0.6367,0.3333,0.9400,
Flux,V-plex,0.6367,0.3333,0.9400,
Fylox,V-plex,0.6367,0.3333,0.9400,
Paloxi,prolix,0.6367,0.3333,0.9400,
Rephaston,Rosetn,0.6367,0.3333,0.9400,
Fexolet M,Folita,0.6365,0.4444,0.8286,
liquid,Liquid to soft,0.6365,0.4286,0.8444,
Esotid,Esotid Mups(zx),0.6364,0.4000,0.8727,
Napronex,Naprosin Plus,0.6361,0.4615,0.8107,
Tab. Maxiwa,Tb. N- Max,0.6360,0.3636,0.9083,
Tab. Arislovit-B,Tab. clacido,0.6360,0.4375,0.8344,
Nafro A plm,Naprosin Plus,0.6359,0.5385,0.7333,
clindamycin,Linatin,0.6358,0.5455,0.7262,
clindamycin,Lindac,0.6358,0.5455,0.7262,
Coraleal,Micoral gel,0.6358,0.5455,0.7262,
Alatrof,Ultrox,0.6357,0.5714,0.7000,
Alatrol,Ultrox,0.6357,0.5714,0.7000,
Calboral D,Calcor-Dx,0.6357,0.5000,0.7714,
Cora DX,Toramax,0.6357,0.5714,0.7000,
Cora DX,Toramex,0.6357,0.5714,0.7000,
Deixl,Demoxiclav,0.6357,0.4000,0.8714,
Doximax,moxibac,0.6357,0.5714,0.7000,
Endurex,Inderen,0.6357,0.5714,0.7000,
Exeptim,Tryptim,0.6357,0.5714,0.7000,
Fenix,Flenex Dew,0.6357,0.4000,0.8714,
Fimoxyclav,Fixal,0.6357,0.4000,0.8714,
hutilax,lnfilax,0.6357,0.5714,0.7000,
hutilax,Optimax,0.6357,0.5714,0.7000,
latilax,Optimax,0.6357,0.5714,0.7000,
lutilax,Optimax,0.6357,0.5714,0.7000,
Roxadex,Toramex,0.6357,0.5714,0.7000,
Ultrox,zithrox,0.6357,0.5714,0.7000,
Fixcef Plus,Rausiflex Plus,0.6356,0.5000,0.7713,
Fxsid Plus,Rausiflex Plus,0.6356,0.5000,0.7713,
Coragen-D,Cortan,0.6356,0.4444,0.8267,
Feursilal,Frulac,0.6356,0.4444,0.8267,
Feursilal,Furotil,0.6356,0.4444,0.8267,
Katomor,Ketorolac,0.6356,0.4444,0.8267,
Merdin,Meropenem,0.6356,0.4444,0.8267,
Meropenem,Mervan,0.6356,0.4444,0.8267,
Tab. Deap,Tablet,0.6356,0.4444,0.8267,
Toradolin,Trizon,0.6356,0.4444,0.8267,
cap. Dexilend,cap. Maxpro,0.6352,0.4615,0.8088,
Cap. ESONEX,cap. Fzsprazo,0.6352,0.4615,0.8088,
Levothyroxine,Levox,0.6352,0.3846,0.8857,
fexocon,Fexofenadine,0.6350,0.4167,0.8533,
Tab. cifotil,Tab. Deap,0.6350,0.4167,0.8533,
Tab. Galoa,TAB. OUOCM-D,0.6350,0.4167,0.8533,
Exlilex,Ravliflex,0.6349,0.5556,0.7143,
Tab Cordca,Tab. Etorx,0.6347,0.4000,0.8694,
Bartrocin,Brodil,0.6347,0.4444,0.8250,
Bilax,Biocal-Dx,0.6347,0.4444,0.8250,
calcor,coral cal,0.6347,0.4444,0.8250,
Decoral,Deflacort,0.6347,0.4444,0.8250,
Defalin,Deflacort,0.6347,0.4444,0.8250,
Denoxidov,Dexin,0.6347,0.4444,0.8250,
Empofi,Emprelina,0.6347,0.4444,0.8250,
M-Kast,Medragust,0.6347,0.4444,0.8250,
Max dol,Maxrin D,0.6347,0.3750,0.8944,
prelics CR,Valex CR,0.6345,0.4000,0.8690,
Bilau,Bildent,0.6343,0.4286,0.8400,
Bildent,Billi,0.6343,0.4286,0.8400,
Bilfast,Billi,0.6343,0.4286,0.8400,
Billi,Biltant,0.6343,0.4286,0.8400,
Carulcal D,kindical D,0.6343,0.5000,0.7686,
Cef-,Cefixim,0.6343,0.4286,0.8400,
Cef-,Ceftron,0.6343,0.4286,0.8400,
Delfxz,Devixil,0.6343,0.4286,0.8400,
Esipram,Exeptim,0.6343,0.4286,0.8400,
Fenix-V,Frenxil,0.6343,0.4286,0.8400,
Fenix-V,Frenxit,0.6343,0.4286,0.8400,
Fimoxyl,Frenxil,0.6343,0.4286,0.8400,
Neso,nislofs,0.6343,0.4286,0.8400,
Plagnin,Pli,0.6343,0.4286,0.8400,
Plagrin,Pli,0.6343,0.4286,0.8400,
Ralee,Relenfn,0.6343,0.4286,0.8400,
Toramax,Tory,0.6343,0.4286,0.8400,
Toramex,Tory,0.6343,0.4286,0.8400,
Ultrox,Utromeg,0.6343,0.4286,0.8400,
Xylio,Zolivox,0.6343,0.4286,0.8400,
Fixgul,fixocard,0.6342,0.3750,0.8933,
Delcalen,telmacal,0.6342,0.3750,0.8933,
Delcalen,Telmocal,0.6342,0.3750,0.8933,
Macrobac,megaba,0.6342,0.3750,0.8933,
Palonron,Plagnin,0.6342,0.3750,0.8933,
Proindof,propenta,0.6342,0.3750,0.8933,
Revere,Rivotril,0.6342,0.3750,0.8933,
Termitan,Torat,0.6342,0.3750,0.8933,
ucof,ucrafate,0.6342,0.3750,0.8933,
Lumana plus,windel plus,0.6340,0.4545,0.8135,
coral cal d,Fossical D,0.6338,0.5455,0.7222,
Barmax,Biscor max,0.6338,0.5000,0.7675,
Tesfro max,Toramax,0.6338,0.5000,0.7675,
Arth,Arth-A Max,0.6333,0.4000,0.8667,
Carulcal D,coral,0.6333,0.4000,0.8667,
Fasid Plus,fusid,0.6333,0.4000,0.8667,
Kinate,kindical D,0.6333,0.4000,0.8667,
A-Flux,Flexi,0.6333,0.3333,0.9333,
A-Flux,Fylox,0.6333,0.3333,0.9333,
A-Flux,Valex,0.6333,0.3333,0.9333,
Acemox,zimax,0.6333,0.3333,0.9333,
Actrapid,Napa Rapid,0.6333,0.6000,0.6667,
Adovas,Atoz,0.6333,0.3333,0.9333,
Afix,Afrin,0.6333,0.6000,0.6667,
Afix,Lasix,0.6333,0.6000,0.6667,
Afrin,Algin,0.6333,0.6000,0.6667,
Afrin,Anlin,0.6333,0.6000,0.6667,
Afrin,atlin,0.6333,0.6000,0.6667,
Aislof max,Esomax,0.6333,0.5000,0.7667,
Aislof max,nislofs,0.6333,0.5000,0.7667,
alafix,Levox,0.6333,0.3333,0.9333,
Alanol,Algin Plus,0.6333,0.4000,0.8667,
Alben,Alcef,0.6333,0.6000,0.6667,
Alben,Alcet,0.6333,0.6000,0.6667,
Alcef,alix,0.6333,0.4000,0.8667,
Alcet,alix,0.6333,0.4000,0.8667,
Algin,alix,0.6333,0.6000,0.6667,
alix,Alrin,0.6333,0.6000,0.6667,
alix,Amlip,0.6333,0.6000,0.6667,
alix,Anlin,0.6333,0.6000,0.6667,
alix,Arlin,0.6333,0.6000,0.6667,
alix,atlin,0.6333,0.6000,0.6667,
Amlip,Anlin,0.6333,0.6000,0.6667,
Amlip,Arlin,0.6333,0.6000,0.6667,
Amlip,atlin,0.6333,0.6000,0.6667,
Asthma,Asynta max,0.6333,0.5000,0.7667,
Bilan,blomen,0.6333,0.3333,0.9333,
Bilax,zimax,0.6333,0.6000,0.6667,
Bilax,Zinax,0.6333,0.6000,0.6667,
Biscor max,Bisoren,0.6333,0.5000,0.7667,
Biscor max,Bizoran,0.6333,0.5000,0.7667,
budicort,Deflacort,0.6333,0.4444,0.8222,
budicort,Defzacort,0.6333,0.4444,0.8222,
Calboral,dicaltrol,0.6333,0.4444,0.8222,
Callin,Glasin,0.6333,0.3333,0.9333,
candifast,Telfast,0.6333,0.4444,0.8222,
Caprodycin,Vancomycin,0.6333,0.6000,0.6667,
Ceftron,Gestrenol,0.6333,0.4444,0.8222,
Cetaclav,turboclav,0.6333,0.4444,0.8222,
Cheort-Dx,Reef-Dx,0.6333,0.4444,0.8222,
Cinaron Plus,windel plus,0.6333,0.5833,0.6833,
Comlricid,Oclazid,0.6333,0.4444,0.8222,
Cotson,GTN,0.6333,0.3333,0.9333,
D-Rise,Drexy,0.6333,0.3333,0.9333,
D-Rise,Torix,0.6333,0.3333,0.9333,
Defcalivo,Fuclav,0.6333,0.3333,0.9333,
Denoxidov,Fenix-V,0.6333,0.4444,0.8222,
Dexamethason,Dexcin,0.6333,0.3333,0.9333,
Dexin,Fexit,0.6333,0.6000,0.6667,
Diet,Quiet,0.6333,0.6000,0.6667,
Entecavir,Indever,0.6333,0.4444,0.8222,
Esmax,Tesfro max,0.6333,0.5000,0.7667,
esomix,Tesfro max,0.6333,0.5000,0.7667,
esomix,zimax,0.6333,0.3333,0.9333,
esonix,Zinax,0.6333,0.3333,0.9333,
Etorix,Traxy,0.6333,0.3333,0.9333,
Fenix,FONA,0.6333,0.4000,0.8667,
Fexofast,Fexolet M,0.6333,0.4444,0.8222,
filmef,Flv,0.6333,0.3333,0.9333,
filmef,folive,0.6333,0.3333,0.9333,
Filmet,Flayd,0.6333,0.3333,0.9333,
Filmet,Folita,0.6333,0.3333,0.9333,
filnet,Flayd,0.6333,0.3333,0.9333,
filnet,Folita,0.6333,0.3333,0.9333,
Filwef,Flv,0.6333,0.3333,0.9333,
Filwef,folive,0.6333,0.3333,0.9333,
Finix,FONA,0.6333,0.4000,0.8667,
Fixal,v-cal-,0.6333,0.3333,0.9333,
Flayd,Flugat,0.6333,0.3333,0.9333,
Flugat,Folita,0.6333,0.3333,0.9333,
flurif,Flv,0.6333,0.3333,0.9333,
Fossical D,ossica,0.6333,0.6000,0.6667,
Fylox,K-flex,0.6333,0.3333,0.9333,
Fylox,Wiflex,0.6333,0.3333,0.9333,
Gestrenol,Lestarin,0.6333,0.4444,0.8222,
Itoklav,turboclav,0.6333,0.4444,0.8222,
Ketorolac,tarlica,0.6333,0.3333,0.9333,
Ketorolac,Trilock,0.6333,0.3333,0.9333,
Lelox,Levofloxacin,0.6333,0.4167,0.8500,
Lelox,Tevox,0.6333,0.6000,0.6667,
Linax,zimax,0.6333,0.6000,0.6667,
mefhomof,Merthomol,0.6333,0.6667,0.6000,
Microgcofi,Microgest,0.6333,0.6000,0.6667,
Mig,Mixit,0.6333,0.4000,0.8667,
migo,Mixit,0.6333,0.4000,0.8667,
Napa Rapid,napro,0.6333,0.4000,0.8667,
Omeprazole,omira,0.6333,0.4000,0.8667,
Paloxi,Plus,0.6333,0.3333,0.9333,
prolix,Relaxo,0.6333,0.3333,0.9333,
Pronex,Rynuxo,0.6333,0.3333,0.9333,
Remmo,Reto,0.6333,0.6000,0.6667,
Remmo,temo,0.6333,0.6000,0.6667,
Rofuclav,turboclav,0.6333,0.4444,0.8222,
Rohie,Rolae,0.6333,0.6000,0.6667,
Rosu,Tosou,0.6333,0.6000,0.6667,
Roxim,toxit,0.6333,0.6000,0.6667,
Sergel,xyril,0.6333,0.3333,0.9333,
Sergel,xyrl,0.6333,0.3333,0.9333,
Seruh Mups,Syrup,0.6333,0.4000,0.8667,
Seruh Mups,zerup,0.6333,0.4000,0.8667,
Tab. Anth,Tab. Calbo,0.6333,0.6000,0.6667,
Tab. Etorx,Tablet,0.6333,0.5000,0.7667,
Terbi max,turboclav,0.6333,0.4444,0.8222,
toco,Tosou,0.6333,0.6000,0.6667,
toco,toxit,0.6333,0.4000,0.8667,
Tory,Traxy,0.6333,0.4000,0.8667,
Tory,Trypt,0.6333,0.4000,0.8667,
Acliz Plus,Ecosprin Plus,0.6331,0.5385,0.7278,
Cafixim,cap. Folzim,0.6330,0.4545,0.8114,
Tab. Amitip,Telmidip,0.6330,0.4545,0.8114,
Acliz Plus,Naprosin Plus,0.6327,0.5385,0.7269,
cefotil plus,Naprosin Plus,0.6327,0.5385,0.7269,
ciprox,Cyclorox,0.6325,0.5000,0.7650,
deflaxen,Doxoven,0.6325,0.3750,0.8900,
Ecosprin,Etorix,0.6325,0.5000,0.7650,
Fexofast,Vorifast,0.6325,0.5000,0.7650,
Kefuclav,ketoflax,0.6325,0.5000,0.7650,
Naproxen,Neruopex,0.6325,0.3750,0.8900,
radiflex,Reef-Dx,0.6325,0.3750,0.8900,
Reef-Dx,Rodiflex,0.6325,0.3750,0.8900,
Flenex Dew,Frenxit,0.6321,0.4000,0.8643,
Amino Plm,Lumana plus,0.6320,0.4545,0.8095,
coral,Micoral gel,0.6320,0.4545,0.8095,
Glyset vita,Losita,0.6320,0.4545,0.8095,
Neurolin CR,Neurou,0.6320,0.4545,0.8095,
Actrapid,Trypt,0.6319,0.3750,0.8889,
aeropen,Naproxen,0.6319,0.6250,0.6389,
Aropen,Naproxen,0.6319,0.6250,0.6389,
Avloclav,Roclav,0.6319,0.6250,0.6389,
Avloclav,Velcal,0.6319,0.3750,0.8889,
Cyclorox,Escolex,0.6319,0.3750,0.8889,
deflaxen,Flexi,0.6319,0.3750,0.8889,
deflaxen,Flux,0.6319,0.3750,0.8889,
deflaxen,ketoflax,0.6319,0.3750,0.8889,
dulox,radiflex,0.6319,0.3750,0.8889,
dulox,Rodiflex,0.6319,0.3750,0.8889,
Endurex,Nutridex,0.6319,0.3750,0.8889,
faropen,Naproxen,0.6319,0.6250,0.6389,
Fenix,Profinex,0.6319,0.3750,0.8889,
Flexi,radiflex,0.6319,0.3750,0.8889,
Flexi,Rodiflex,0.6319,0.3750,0.8889,
Flux,radiflex,0.6319,0.3750,0.8889,
Flux,Rodiflex,0.6319,0.3750,0.8889,
Hydronix,Torix,0.6319,0.3750,0.8889,
ketoflax,radiflex,0.6319,0.3750,0.8889,
ketoflax,Rodiflex,0.6319,0.3750,0.8889,
lansomax,zimax,0.6319,0.3750,0.8889,
Naproxen,Pregan,0.6319,0.3750,0.8889,
Nutridex,Torex,0.6319,0.3750,0.8889,
Nutridex,Torix,0.6319,0.3750,0.8889,
Rodiflex,Valex,0.6319,0.3750,0.8889,
Tab. Etorx,Tb. Altaxc,0.6319,0.4000,0.8639,
flemex,Voligel Max,0.6318,0.3636,0.9000,
Fluelox,Voligel Max,0.6318,0.3636,0.9000,
Fusil Plm,Rausiflex Plus,0.6317,0.5000,0.7635,
Tab. Naprox,Tb. Altaxc,0.6317,0.4545,0.8088,
Profenid Gel,Proindof,0.6317,0.4167,0.8467,
Fxsid Plus,Medi Plus,0.6315,0.6000,0.6630,
Montair,Montelukast,0.6314,0.4545,0.8083,
Montelukast,Montene,0.6314,0.4545,0.8083,
lanso max,Unomax,0.6313,0.5556,0.7071,
Tab. cifotil,Tab. Flamex,0.6312,0.4167,0.8458,
Tab. Maxiwa,Tab. Normens,0.6312,0.4167,0.8458,
Abicon,Beconal,0.6310,0.4286,0.8333,
Alfane,Delfian,0.6310,0.4286,0.8333,
Alfane,Lifanta,0.6310,0.4286,0.8333,
Amilin,demelon,0.6310,0.4286,0.8333,
Ansilou,hansol,0.6310,0.4286,0.8333,
Aorifip,rofnp,0.6310,0.4286,0.8333,
Arlin,Derolon,0.6310,0.4286,0.8333,
Arlin,Triolon,0.6310,0.4286,0.8333,
artica,Ferti-Q,0.6310,0.4286,0.8333,
Asynta,Syndopa,0.6310,0.4286,0.8333,
atlin,Defalin,0.6310,0.4286,0.8333,
atlin,Dekalin,0.6310,0.4286,0.8333,
atlin,Delfian,0.6310,0.4286,0.8333,
atlin,Tonlino,0.6310,0.4286,0.8333,
Autazol,Fatisol,0.6310,0.4286,0.8333,
Azosite,Salost,0.6310,0.4286,0.8333,
Beconal,Nebanol,0.6310,0.4286,0.8333,
betaloc,tal,0.6310,0.4286,0.8333,
Bilista,Salost,0.6310,0.4286,0.8333,
Bilozin,Glasin,0.6310,0.4286,0.8333,
Bisoren,Cinaron,0.6310,0.4286,0.8333,
Bisoren,Sekorin,0.6310,0.4286,0.8333,
Bizoran,Cinaron,0.6310,0.4286,0.8333,
Bizoran,Sekorin,0.6310,0.4286,0.8333,
Brodil,Radifil,0.6310,0.4286,0.8333,
Brodil,Raditil,0.6310,0.4286,0.8333,
Brodil,Ruotinl,0.6310,0.4286,0.8333,
Brodin,Peridon,0.6310,0.4286,0.8333,
Brodin,Ruotinl,0.6310,0.4286,0.8333,
Brodin,Rupadin,0.6310,0.4286,0.8333,
Capsule,pase,0.6310,0.4286,0.8333,
cefotil,Revatol,0.6310,0.4286,0.8333,
cefotil,Revital,0.6310,0.4286,0.8333,
cefotil,Rostil,0.6310,0.4286,0.8333,
Cinaron,Napryn,0.6310,0.4286,0.8333,
Cinaron,visnon,0.6310,0.4286,0.8333,
clarin,Dekalin,0.6310,0.4286,0.8333,
clarin,Sekorin,0.6310,0.4286,0.8333,
Cortan,Roseton,0.6310,0.4286,0.8333,
Dekalin,Glasin,0.6310,0.4286,0.8333,
denvar,Fenafir,0.6310,0.4286,0.8333,
Derolon,Pirulin,0.6310,0.4286,0.8333,
Derolon,Rolae,0.6310,0.4286,0.8333,
Dominos,Nimens,0.6310,0.4286,0.8333,
dulox,Edeloss,0.6310,0.4286,0.8333,
Econate,K-one,0.6310,0.4286,0.8333,
Ezylife,Xylio,0.6310,0.4286,0.8333,
Fatisol,Tosou,0.6310,0.4286,0.8333,
femotol,Revital,0.6310,0.4286,0.8333,
Fenodin,Linatin,0.6310,0.4286,0.8333,
Fenodin,Unatin,0.6310,0.4286,0.8333,
Fexit,Revocit,0.6310,0.4286,0.8333,
filmef,Nafumef,0.6310,0.4286,0.8333,
Filofer,Nuvifer,0.6310,0.4286,0.8333,
Folison,Glasin,0.6310,0.4286,0.8333,
FONA,Lifanta,0.6310,0.4286,0.8333,
Frenxil,Rex,0.6310,0.4286,0.8333,
Frenxit,Rex,0.6310,0.4286,0.8333,
Frulac,gavilac,0.6310,0.4286,0.8333,
Frulac,Rotalac,0.6310,0.4286,0.8333,
Frulac,Trilock,0.6310,0.4286,0.8333,
Furotil,Raditil,0.6310,0.4286,0.8333,
gasnil,Reconil,0.6310,0.4286,0.8333,
gavilac,Volinac,0.6310,0.4286,0.8333,
Gerfon,Purifen,0.6310,0.4286,0.8333,
Gerlon,Pirulin,0.6310,0.4286,0.8333,
Gerlon,Triolon,0.6310,0.4286,0.8333,
Gestin,Roseton,0.6310,0.4286,0.8333,
glanine,lanolin,0.6310,0.4286,0.8333,
Glarine,Secrin,0.6310,0.4286,0.8333,
glinta,Linatin,0.6310,0.4286,0.8333,
Hastaol,Rostil,0.6310,0.4286,0.8333,
Histal,Sindala,0.6310,0.4286,0.8333,
Katomor,temo,0.6310,0.4286,0.8333,
Katomor,tomy,0.6310,0.4286,0.8333,
lanolin,Tonlino,0.6310,0.4286,0.8333,
Lerozol,Norsol,0.6310,0.4286,0.8333,
Linatin,Sandin,0.6310,0.4286,0.8333,
Lopiren,Napryn,0.6310,0.4286,0.8333,
Lopiren,Priten,0.6310,0.4286,0.8333,
Lopiren,Purifen,0.6310,0.4286,0.8333,
Luminus,Nimens,0.6310,0.4286,0.8333,
Meffo,Namefan,0.6310,0.4286,0.8333,
Meffo,Namefon,0.6310,0.4286,0.8333,
menoril,Normal,0.6310,0.4286,0.8333,
menoril,Norsol,0.6310,0.4286,0.8333,
Merdin,Rupadin,0.6310,0.4286,0.8333,
merocil,Rostil,0.6310,0.4286,0.8333,
Mervan,Namefan,0.6310,0.4286,0.8333,
Motigut,toxit,0.6310,0.4286,0.8333,
Nafumef,Vidamef,0.6310,0.4286,0.8333,
Nameton,Omidon,0.6310,0.4286,0.8333,
Nameton,Unatin,0.6310,0.4286,0.8333,
Natumef,Vidamef,0.6310,0.4286,0.8333,
Norsol,Purisal,0.6310,0.4286,0.8333,
Peridon,Retinol,0.6310,0.4286,0.8333,
Povital,Revatol,0.6310,0.4286,0.8333,
progut,Rifagut,0.6310,0.4286,0.8333,
protein,Roseton,0.6310,0.4286,0.8333,
protein,Ruotinl,0.6310,0.4286,0.8333,
Rolae,Triolon,0.6310,0.4286,0.8333,
Roseton,uriset,0.6310,0.4286,0.8333,
Rotalac,tal,0.6310,0.4286,0.8333,
Tab Cordca,Tb. Calboral-D,0.6310,0.3571,0.9048,
Tab. Geofoenil,Tab. Normens,0.6310,0.5714,0.6905,
cefotil plus,Telecordip plus,0.6306,0.5333,0.7278,
Tab. Anth,Tab. Neobean,0.6306,0.4167,0.8444,
Tab. Anth,Tab. Neuro-B,0.6306,0.4167,0.8444,
Tab. Calbo,TAB. PENOULY,0.6306,0.4167,0.8444,
Actilac,Auolac,0.6302,0.5714,0.6889,
Adora,amdocal,0.6302,0.5714,0.6889,
Aropens,Faropew,0.6302,0.5714,0.6889,
Azibact,Kibac,0.6302,0.5714,0.6889,
Bilan,Bilfast,0.6302,0.5714,0.6889,
Bilfast,Vifas,0.6302,0.5714,0.6889,
Ceftron,Metro,0.6302,0.5714,0.6889,
criptin,RUPIN,0.6302,0.5714,0.6889,
D-cap,Doxicap,0.6302,0.5714,0.6889,
D-cap,Doxycap,0.6302,0.5714,0.6889,
Delfraf,Sefra,0.6302,0.5714,0.6889,
deviry,Devixil,0.6302,0.5714,0.6889,
folive,Zolhivm,0.6302,0.5714,0.6889,
folive,Zolivox,0.6302,0.5714,0.6889,
hulilax,Lubilay,0.6302,0.5714,0.6889,
Indo,Prindof,0.6302,0.5714,0.6889,
latilax,Lubilay,0.6302,0.5714,0.6889,
Lubilay,lufilox,0.6302,0.5714,0.6889,
magni,Plagnin,0.6302,0.5714,0.6889,
Medroxy,merrobe,0.6302,0.5714,0.6889,
Rofip,Rofixim,0.6302,0.5714,0.6889,
RUPIN,Triptin,0.6302,0.5714,0.6889,
RUPIN,Tryptin,0.6302,0.5714,0.6889,
Toramax,Torat,0.6302,0.5714,0.6889,
Toramex,Torat,0.6302,0.5714,0.6889,
halconl Dx,Salost Dx,0.6301,0.6000,0.6602,
coral cal d,coral-dx,0.6301,0.4545,0.8056,
Acliz Plus,Fixcef Plus,0.6301,0.4545,0.8056,
cap. Maxpro,Max Pro,0.6301,0.4545,0.8056,
Cefuroximee,Roxim,0.6301,0.4545,0.8056,
Paloven,Phylopen-Ds,0.6301,0.4545,0.8056,
Actilac,Angilock,0.6300,0.5000,0.7600,
Actilac,Arsiloca,0.6300,0.5000,0.7600,
Algend,Algin Plus,0.6300,0.4000,0.8600,
Algend,Algin Sorg,0.6300,0.4000,0.8600,
Allcaron,Ascoson,0.6300,0.5000,0.7600,
Amlocal,Arsiloca,0.6300,0.5000,0.7600,
aneobex,Anfrocef,0.6300,0.5000,0.7600,
Bildent,Bilfastl,0.6300,0.5000,0.7600,
Bredicon,budicort,0.6300,0.5000,0.7600,
Cafixim,Comficid,0.6300,0.5000,0.7600,
Cavinton,Colistin,0.6300,0.5000,0.7600,
Cavinton,Creston,0.6300,0.5000,0.7600,
Cavinton,criptin,0.6300,0.5000,0.7600,
Cavinton,Gavitfx,0.6300,0.5000,0.7600,
Ceftron,Cefuroxime,0.6300,0.5000,0.7600,
Cora DX,Coralcal,0.6300,0.5000,0.7600,
Coragen-D,Corulcal-D,0.6300,0.5000,0.7600,
Delanix,Temlonil,0.6300,0.5000,0.7600,
Delcalen,Dexcin,0.6300,0.5000,0.7600,
Delcalen,Dextal,0.6300,0.5000,0.7600,
Deslong,Temlonil,0.6300,0.5000,0.7600,
Ecosprin,Ecoxib,0.6300,0.5000,0.7600,
Ecoxib,esomix,0.6300,0.5000,0.7600,
Ecoxib,esonix,0.6300,0.5000,0.7600,
Ecoxib,Etorix,0.6300,0.5000,0.7600,
Emezrd,Enjard,0.6300,0.5000,0.7600,
Esomax,Etorix,0.6300,0.5000,0.7600,
figfimef,vildamef,0.6300,0.5000,0.7600,
flemex,Frabex,0.6300,0.5000,0.7600,
gaviflux,Gavitfep,0.6300,0.5000,0.7600,
Hemofix,Hermoquf,0.6300,0.5000,0.7600,
Mervax,Myolax,0.6300,0.5000,0.7600,
Mervax,myotax,0.6300,0.5000,0.7600,
montelon,moxilin,0.6300,0.5000,0.7600,
Nabu pain,Nebulization,0.6300,0.5000,0.7600,
nalepsin,Norestin,0.6300,0.5000,0.7600,
Napa one,Naproxen,0.6300,0.5000,0.7600,
Nexemig,Nexum Mups,0.6300,0.4000,0.8600,
Nexmig,Nexum Mups,0.6300,0.4000,0.8600,
Omastin,onaseron,0.6300,0.5000,0.7600,
Profinex,propenta,0.6300,0.5000,0.7600,
Proindof,prompton,0.6300,0.5000,0.7600,
radiflex,Raditril,0.6300,0.5000,0.7600,
Telmidip,Termitan,0.6300,0.5000,0.7600,
Tnaxyl,Troxyf,0.6300,0.5000,0.7600,
viglimef,vildamet,0.6300,0.5000,0.7600,
viglimet,vildamef,0.6300,0.5000,0.7600,
Tab. Deap,Tab. Menoral,0.6298,0.5833,0.6762,
Napa extra,Tab. Epitra,0.6293,0.5455,0.7131,
aeropen,Neruopex,0.6292,0.6250,0.6333,
aeropen,Neuroxen,0.6292,0.6250,0.6333,
Angilock,Trilock,0.6292,0.6250,0.6333,
Anset,Asynta,0.6292,0.3333,0.9250,
Ansulin,Maxsulin R,0.6292,0.6000,0.6583,
Baumax,Bex,0.6292,0.3333,0.9250,
Bex,Bexitrol,0.6292,0.3750,0.8833,
Bex,Bilaxe,0.6292,0.3333,0.9250,
Bex,Biloxe,0.6292,0.3333,0.9250,
Brezofil,Reconil,0.6292,0.6250,0.6333,
Caficid,Cantilid,0.6292,0.6250,0.6333,
Canficid,Cewfilid,0.6292,0.6250,0.6333,
