name_a,name_b,score,ortho_sim,phon_sim,manual_review_ok
Baclofen,Baclon,0.8517,0.7500,0.9533,
Flexibac,Flexilax,0.8298,0.7500,0.9095,
Azithrocin,Zithrin,0.7944,0.7000,0.8889,
Ketoral,Ketozol,0.7905,0.7143,0.8667,
Montene,Montex,0.7813,0.7143,0.8483,
Ace,Aceta,0.7556,0.6000,0.9111,
Atrizin,Etizin,0.7488,0.7143,0.7833,
Backtone,Baclon,0.7458,0.6250,0.8667,
Montair,Montene,0.7274,0.5714,0.8833,
Odmon,Opton,0.7250,0.6000,0.8500,
Baclon,Beklo,0.7208,0.5000,0.9417,
Canazole,Conaz,0.7208,0.5000,0.9417,
Exium,Nexum,0.7167,0.6000,0.8333,
Montair,Montex,0.7099,0.5714,0.8483,
Fexo,Fexofast,0.6917,0.5000,0.8833,
Esoral,Ketoral,0.6905,0.7143,0.6667,
Ketocon,Ketozol,0.6905,0.7143,0.6667,
Ketoral,Ketotab,0.6905,0.7143,0.6667,
Conaz,Monas,0.6889,0.6000,0.7778,
Dancel,Denixil,0.6876,0.4286,0.9467,
Fixal,Flugal,0.6750,0.5000,0.8500,
Monas,Montair,0.6746,0.5714,0.7778,
Maxima,Maxpro,0.6742,0.5000,0.8483,
Nexcap,Nexum,0.6742,0.5000,0.8483,
Fexo,Fixal,0.6708,0.4000,0.9417,
Amodis,Axodin,0.6694,0.6667,0.6722,
Filmet,Flamyd,0.6667,0.3333,1.0000,
Backtone,Baclofen,0.6633,0.5000,0.8267,
Baclofen,Bicozin,0.6633,0.5000,0.8267,
Fexofast,Telfast,0.6625,0.6250,0.7000,
Bacaid,Backtone,0.6583,0.3750,0.9417,
Odmon,Tamen,0.6583,0.4000,0.9167,
Baclon,Bicozin,0.6476,0.4286,0.8667,
Azithrocin,Azyth,0.6417,0.4000,0.8833,
Baclofen,Beklo,0.6408,0.3750,0.9067,
Azyth,Rozith,0.6389,0.5000,0.7778,
Bacaid,Baclon,0.6389,0.5000,0.7778,
Flexilax,Flugal,0.6375,0.3750,0.9000,
Atrizin,Azithrocin,0.6325,0.5000,0.7650,
Etizin,Metsina,0.6310,0.4286,0.8333,
M-Kast,Monas,0.6250,0.5000,0.7500,
Backtone,Bicozin,0.6208,0.3750,0.8667,
Ketocon,Ketoral,0.6190,0.5714,0.6667,
Ketocon,Ketotab,0.6190,0.5714,0.6667,
Ketotab,Ketozol,0.6190,0.5714,0.6667,
Omastin,Opton,0.6168,0.4286,0.8050,
Rivotril,Tridosil,0.6167,0.5000,0.7333,
Canazole,Ketozol,0.6125,0.3750,0.8500,
Fexo,Flexibac,0.6125,0.3750,0.8500,
Aceta,Azyth,0.6111,0.4000,0.8222,
Amodis,Monas,0.6111,0.5000,0.7222,
Lumona,Odmon,0.6111,0.5000,0.7222,
Axodin,Bicozin,0.6060,0.4286,0.7833,
Denixil,Fixal,0.6060,0.4286,0.7833,
Omastin,Romycin,0.6060,0.4286,0.7833,
Metro,Montair,0.6054,0.2857,0.9250,
Canazole,Dancel,0.6042,0.3750,0.8333,
Canazole,Nidazyl,0.6042,0.3750,0.8333,
Bacaid,Bicozin,0.6032,0.4286,0.7778,
Metro,Metsina,0.6032,0.4286,0.7778,
Monas,Montene,0.6032,0.4286,0.7778,
Fexo,Flexilax,0.6018,0.3750,0.8286,
Dancel,Nidazyl,0.6012,0.2857,0.9167,
Canazole,Candinil,0.6008,0.3750,0.8267,
Fexofast,Fixal,0.6000,0.3750,0.8250,
Fixal,Flexibac,0.6000,0.3750,0.8250,
Flexibac,Flugal,0.6000,0.3750,0.8250,
Bacaid,Bacmax,0.5944,0.5000,0.6889,
Monas,Montex,0.5944,0.5000,0.6889,
Atrizin,Axodin,0.5943,0.4286,0.7600,
Denixil,Dinafex,0.5895,0.2857,0.8933,
Lucan-R,Lumona,0.5893,0.4286,0.7500,
Fixal,Flexilax,0.5857,0.3750,0.7964,
Esoral,Sergel,0.5833,0.3333,0.8333,
Exium,Maxima,0.5833,0.3333,0.8333,
Maxima,Nexum,0.5833,0.3333,0.8333,
Dinafex,Montex,0.5810,0.4286,0.7333,
Candinil,Fenadin,0.5792,0.3750,0.7833,
Ketoral,Rivotril,0.5792,0.3750,0.7833,
Nidazyl,Tridosil,0.5792,0.3750,0.7833,
Napa,Napa Extend,0.5781,0.3636,0.7926,
Backtone,Beklo,0.5764,0.3750,0.7778,
Ketoral,Metro,0.5754,0.4286,0.7222,
Fixal,Vifas,0.5750,0.4000,0.7500,
Fexofast,Flexilax,0.5732,0.3750,0.7714,
Esonix,Etizin,0.5692,0.3333,0.8050,
Metsina,Montene,0.5679,0.2857,0.8500,
Baclon,Bacmax,0.5667,0.5000,0.6333,
Candinil,Rhinil,0.5667,0.5000,0.6333,
Esonix,Esoral,0.5667,0.5000,0.6333,
Tridosil,Trilock,0.5667,0.5000,0.6333,
Axodin,Azithrocin,0.5650,0.4000,0.7300,
Fexofast,M-Kast,0.5625,0.3750,0.7500,
Fexofast,Vifas,0.5625,0.3750,0.7500,
Fexo,Nexum,0.5611,0.4000,0.7222,
Ketozol,Nidazyl,0.5595,0.2857,0.8333,
Alatrol,Metro,0.5587,0.4286,0.6889,
Diflu,Dinafex,0.5587,0.4286,0.6889,
Telfast,Vifas,0.5587,0.4286,0.6889,
Ace,Azyth,0.5556,0.2000,0.9111,
Lumona,Tamen,0.5556,0.3333,0.7778,
Ritch,Rozith,0.5556,0.5000,0.6111,
Alatrol,Rivotril,0.5542,0.3750,0.7333,
Atrizin,Tridosil,0.5542,0.3750,0.7333,
Axodin,Candinil,0.5542,0.3750,0.7333,
Candinil,Denixil,0.5500,0.5000,0.6000,
Bicozin,Disopan,0.5476,0.4286,0.6667,
Bicozin,Etizin,0.5476,0.4286,0.6667,
Esoral,Ketozol,0.5476,0.4286,0.6667,
Etizin,Fenadin,0.5476,0.4286,0.6667,
Etizin,Ketocon,0.5476,0.4286,0.6667,
Etizin,Ketozol,0.5476,0.4286,0.6667,
Fixal,Nidazyl,0.5476,0.4286,0.6667,
Ketocon,Opton,0.5476,0.4286,0.6667,
Maxima,Metsina,0.5476,0.4286,0.6667,
Montene,Opton,0.5476,0.4286,0.6667,
Progut,Provair,0.5476,0.4286,0.6667,
Amodis,Atrizin,0.5454,0.2857,0.8050,
Odmon,Omastin,0.5454,0.2857,0.8050,
Ace,Dancel,0.5417,0.5000,0.5833,
Backtone,Ketocon,0.5417,0.2500,0.8333,
Canazole,Fixal,0.5417,0.2500,0.8333,
Dancel,Tamen,0.5417,0.3333,0.7500,
Flexibac,Nexcap,0.5375,0.3750,0.7000,
Alatrol,Ketoral,0.5345,0.2857,0.7833,
Denixil,Ketozol,0.5345,0.2857,0.7833,
Denixil,Nexum,0.5345,0.2857,0.7833,
M-Kast,Omastin,0.5345,0.2857,0.7833,
Metsina,Omastin,0.5345,0.2857,0.7833,
Montene,Omastin,0.5345,0.2857,0.7833,
Esonix,Montex,0.5333,0.3333,0.7333,
Bacaid,Baclofen,0.5319,0.3750,0.6889,
Atrizin,Bicozin,0.5310,0.4286,0.6333,
Axodin,Fenadin,0.5310,0.4286,0.6333,
Dancel,Dinafex,0.5310,0.4286,0.6333,
Denixil,Etizin,0.5310,0.4286,0.6333,
Denixil,Rhinil,0.5310,0.4286,0.6333,
M-Kast,Telfast,0.5310,0.4286,0.6333,
Etizin,Tamen,0.5278,0.3333,0.7222,
Flexilax,Nexcap,0.5256,0.3750,0.6762,
M-Kast,Maxima,0.5250,0.1667,0.8833,
Aceta,Axodin,0.5233,0.1667,0.8800,
Backtone,Montene,0.5208,0.3750,0.6667,
Backtone,Opton,0.5208,0.3750,0.6667,
Canazole,Nizoder,0.5208,0.3750,0.6667,
Fexofast,Flexibac,0.5208,0.3750,0.6667,
Metro,Montene,0.5179,0.2857,0.7500,
Metsina,Monas,0.5179,0.2857,0.7500,
Nidazyl,Nizoder,0.5179,0.2857,0.7500,
Romycin,Rozith,0.5179,0.2857,0.7500,
Axodin,Backtone,0.5167,0.2500,0.7833,
Canazole,Denixil,0.5167,0.2500,0.7833,
Candinil,Montene,0.5167,0.2500,0.7833,
Candinil,Nidazyl,0.5167,0.2500,0.7833,
Cetisoft,Telfast,0.5167,0.2500,0.7833,
Ketoral,Tridosil,0.5167,0.2500,0.7833,
Ketozol,Tridosil,0.5167,0.2500,0.7833,
Provair,Rivotril,0.5167,0.2500,0.7833,
Ace,Azithrocin,0.5111,0.2000,0.8222,
Fexo,Maxpro,0.5111,0.3333,0.6889,
Fexo,Nexcap,0.5111,0.3333,0.6889,
Metro,Montex,0.5111,0.3333,0.6889,
Axodin,Omastin,0.5095,0.2857,0.7333,
Denixil,Esonix,0.5095,0.2857,0.7333,
M-Kast,Maxpro,0.5075,0.1667,0.8483,
Ritch,Trilock,0.5060,0.4286,0.5833,
Azithrocin,Bicozin,0.5056,0.4000,0.6111,
Maxpro,Metro,0.5056,0.5000,0.5111,
Denixil,Tridosil,0.5050,0.2500,0.7600,
Backtone,Bacmax,0.5042,0.3750,0.6333,
Candinil,Dancel,0.5042,0.3750,0.6333,
Cetisoft,Etizin,0.5042,0.3750,0.6333,
Cetisoft,Ketozol,0.5042,0.3750,0.6333,
Cetisoft,Metsina,0.5042,0.3750,0.6333,
Esoral,Rivotril,0.5042,0.3750,0.6333,
Rhinil,Rivotril,0.5042,0.3750,0.6333,
Rhinil,Tridosil,0.5042,0.3750,0.6333,
Azyth,Zithrin,0.5040,0.2857,0.7222,
Beklo,Ketozol,0.5040,0.2857,0.7222,
Bicozin,Conaz,0.5040,0.2857,0.7222,
Conaz,Lucan-R,0.5040,0.2857,0.7222,
Conaz,Nidazyl,0.5040,0.2857,0.7222,
Fexo,Ketozol,0.5040,0.2857,0.7222,
Ketocon,Tamen,0.5040,0.2857,0.7222,
Lumona,Metsina,0.5040,0.2857,0.7222,
Lumona,Montair,0.5040,0.2857,0.7222,
Montene,Tamen,0.5040,0.2857,0.7222,
Provair,Renova,0.5040,0.2857,0.7222,
Romycin,Tamen,0.5040,0.2857,0.7222,
Rozith,Zithrin,0.5040,0.2857,0.7222,
Esoral,Fixal,0.5000,0.3333,0.6667,
Etizin,Exium,0.5000,0.3333,0.6667,
Flamyd,Flugal,0.5000,0.3333,0.6667,
Leptic,Opton,0.5000,0.3333,0.6667,
Denixil,Nidazyl,0.4964,0.1429,0.8500,
Cetisoft,Fexofast,0.4944,0.2500,0.7389,
Bacaid,Beklo,0.4944,0.1667,0.8222,
Ace,Axodin,0.4933,0.1667,0.8200,
Exium,Flexibac,0.4931,0.3750,0.6111,
Flexibac,Leptic,0.4931,0.3750,0.6111,
Flexibac,Maxima,0.4931,0.3750,0.6111,
Alatrol,Azithrocin,0.4889,0.4000,0.5778,
Amodis,Metsina,0.4881,0.1429,0.8333,
Dancel,Ketozol,0.4881,0.1429,0.8333,
Disopan,Etizin,0.4881,0.1429,0.8333,
Disopan,Metsina,0.4881,0.1429,0.8333,
Fenadin,Montene,0.4881,0.1429,0.8333,
Fixal,Ketozol,0.4881,0.1429,0.8333,
Metsina,Romycin,0.4881,0.1429,0.8333,
Montair,Nizoder,0.4881,0.1429,0.8333,
Atrizin,Candinil,0.4875,0.3750,0.6000,
Axodin,Baclofen,0.4875,0.3750,0.6000,
Baclofen,Bacmax,0.4875,0.3750,0.6000,
Candinil,Tridosil,0.4875,0.3750,0.6000,
Aceta,Alatrol,0.4873,0.2857,0.6889,
Denixil,Fexo,0.4873,0.2857,0.6889,
Dinafex,Tamen,0.4873,0.2857,0.6889,
Monas,Omastin,0.4873,0.2857,0.6889,
Canazole,Monas,0.4861,0.2500,0.7222,
Exium,Flexilax,0.4851,0.3750,0.5952,
Flexilax,Maxima,0.4851,0.3750,0.5952,
Napa Extend,Nexum,0.4836,0.2727,0.6944,
Axodin,Etizin,0.4833,0.3333,0.6333,
Azithrocin,Rozith,0.4833,0.3000,0.6667,
Bacmax,Maxima,0.4833,0.3333,0.6333,
Exium,Nexcap,0.4833,0.3333,0.6333,
Fixal,Nexcap,0.4833,0.3333,0.6333,
Amodis,Omastin,0.4790,0.2857,0.6722,
Conaz,Montair,0.4782,0.4286,0.5278,
Ketocon,Metro,0.4782,0.4286,0.5278,
Ketozol,Metro,0.4782,0.4286,0.5278,
Beklo,Fexo,0.4778,0.4000,0.5556,
Diflu,Vifas,0.4778,0.4000,0.5556,
Monas,Vifas,0.4778,0.4000,0.5556,
Fexofast,Nexcap,0.4764,0.3750,0.5778,
Amodis,Montair,0.4762,0.2857,0.6667,
Amodis,Romycin,0.4762,0.2857,0.6667,
Baclon,Ketocon,0.4762,0.2857,0.6667,
Bicozin,Ketocon,0.4762,0.2857,0.6667,
Bicozin,Ketozol,0.4762,0.2857,0.6667,
Bicozin,Romycin,0.4762,0.2857,0.6667,
Disopan,Ketocon,0.4762,0.2857,0.6667,
Disopan,Odmon,0.4762,0.2857,0.6667,
Disopan,Opton,0.4762,0.2857,0.6667,
Disopan,Zithrin,0.4762,0.2857,0.6667,
Etizin,Romycin,0.4762,0.2857,0.6667,
Fenadin,Flamyd,0.4762,0.2857,0.6667,
Fenadin,Ketocon,0.4762,0.2857,0.6667,
Fenadin,Metsina,0.4762,0.2857,0.6667,
Fenadin,Montair,0.4762,0.2857,0.6667,
Fixal,Ketoral,0.4762,0.2857,0.6667,
Flugal,Lucan-R,0.4762,0.2857,0.6667,
Ketocon,Leptic,0.4762,0.2857,0.6667,
Ketocon,Metsina,0.4762,0.2857,0.6667,
Ketocon,Odmon,0.4762,0.2857,0.6667,
Ketoral,Sergel,0.4762,0.2857,0.6667,
Ketozol,Metsina,0.4762,0.2857,0.6667,
M-Kast,Montair,0.4762,0.2857,0.6667,
Metsina,Montair,0.4762,0.2857,0.6667,
Metsina,Opton,0.4762,0.2857,0.6667,
Montene,Odmon,0.4762,0.2857,0.6667,
Odmon,Romycin,0.4762,0.2857,0.6667,
Rhinil,Romycin,0.4762,0.2857,0.6667,
Axodin,Fexofast,0.4750,0.2500,0.7000,
Amodis,Montex,0.4750,0.1667,0.7833,
Metsina,Tamen,0.4742,0.1429,0.8056,
Ritch,Rivotril,0.4708,0.3750,0.5667,
Aceta,Cetisoft,0.4694,0.2500,0.6889,
Bacaid,Candinil,0.4694,0.2500,0.6889,
Candinil,Conaz,0.4694,0.2500,0.6889,
Metro,Rivotril,0.4694,0.2500,0.6889,
Renova,Rivotril,0.4694,0.2500,0.6889,
Napa Extend,Nexcap,0.4688,0.2727,0.6648,
Candinil,Ketoral,0.4650,0.1250,0.8050,
Candinil,Ketozol,0.4650,0.1250,0.8050,
Dancel,Tridosil,0.4650,0.1250,0.8050,
Axodin,Napa Extend,0.4650,0.1818,0.7481,
Bicozin,Zithrin,0.4643,0.4286,0.5000,
Disopan,Esoral,0.4643,0.4286,0.5000,
Etizin,Zithrin,0.4643,0.4286,0.5000,
Montair,Provair,0.4643,0.4286,0.5000,
Atrizin,Metsina,0.4631,0.1429,0.7833,
Denixil,Flexilax,0.4631,0.2500,0.6762,
Diflu,Telfast,0.4614,0.1429,0.7800,
Conaz,Fixal,0.4611,0.2000,0.7222,
Conaz,Nexcap,0.4611,0.1667,0.7556,
Diflu,Fixal,0.4611,0.2000,0.7222,
Exium,Fexo,0.4611,0.2000,0.7222,
Beklo,Bicozin,0.4603,0.1429,0.7778,
Alatrol,Esoral,0.4595,0.2857,0.6333,
Alatrol,Flamyd,0.4595,0.2857,0.6333,
Alatrol,Flugal,0.4595,0.2857,0.6333,
Alatrol,Ketozol,0.4595,0.2857,0.6333,
Atrizin,Fenadin,0.4595,0.2857,0.6333,
Atrizin,Romycin,0.4595,0.2857,0.6333,
Atrizin,Trilock,0.4595,0.2857,0.6333,
Atrizin,Zithrin,0.4595,0.2857,0.6333,
Axodin,Disopan,0.4595,0.2857,0.6333,
Axodin,Ketocon,0.4595,0.2857,0.6333,
Axodin,Metsina,0.4595,0.2857,0.6333,
Axodin,Nizoder,0.4595,0.2857,0.6333,
Axodin,Romycin,0.4595,0.2857,0.6333,
Bacmax,Bicozin,0.4595,0.2857,0.6333,
Bicozin,Esonix,0.4595,0.2857,0.6333,
Bicozin,Omastin,0.4595,0.2857,0.6333,
Denixil,Exium,0.4595,0.2857,0.6333,
Denixil,Ketoral,0.4595,0.2857,0.6333,
Disopan,Esonix,0.4595,0.2857,0.6333,
Esonix,Metsina,0.4595,0.2857,0.6333,
Etizin,Omastin,0.4595,0.2857,0.6333,
Fenadin,Omastin,0.4595,0.2857,0.6333,
Filmet,Telfast,0.4595,0.2857,0.6333,
Ketocon,Nexcap,0.4595,0.2857,0.6333,
Maxima,Omastin,0.4595,0.2857,0.6333,
Montair,Omastin,0.4595,0.2857,0.6333,
Dinafex,Napa Extend,0.4586,0.2727,0.6444,
Napa Extend,Omastin,0.4586,0.2727,0.6444,
Rhinil,Ritch,0.4583,0.3333,0.5833,
Aceta,Amodis,0.4583,0.1667,0.7500,
Backtone,Odmon,0.4583,0.2500,0.6667,
Baclon,Canazole,0.4583,0.2500,0.6667,
Conaz,Fexofast,0.4583,0.2500,0.6667,
Dancel,Diflu,0.4583,0.1667,0.7500,
Fexo,Flugal,0.4583,0.1667,0.7500,
Flexibac,Vifas,0.4583,0.2500,0.6667,
Maxima,Monas,0.4583,0.1667,0.7500,
Renova,Rhinil,0.4583,0.1667,0.7500,
Denixil,Fenadin,0.4560,0.4286,0.4833,
Amodis,Azithrocin,0.4556,0.3000,0.6111,
Azithrocin,Disopan,0.4556,0.3000,0.6111,
Azithrocin,Etizin,0.4556,0.3000,0.6111,
Azithrocin,Romycin,0.4556,0.3000,0.6111,
Backtone,Candinil,0.4542,0.1250,0.7833,
Alatrol,Atrizin,0.4514,0.1429,0.7600,
Aceta,Backtone,0.4514,0.3750,0.5278,
Flexilax,Vifas,0.4504,0.2500,0.6508,
Maxpro,Nexcap,0.4500,0.1667,0.7333,
Napa,Nexcap,0.4500,0.3333,0.5667,
Conaz,Ketozol,0.4464,0.1429,0.7500,
Diflu,Trilock,0.4464,0.1429,0.7500,
Disopan,Tamen,0.4464,0.1429,0.7500,
Aceta,Bacaid,0.4444,0.3333,0.5556,
Amodis,M-Kast,0.4444,0.1667,0.7222,
Amodis,Metro,0.4444,0.1667,0.7222,
Bacaid,M-Kast,0.4444,0.1667,0.7222,
Conaz,Dancel,0.4444,0.1667,0.7222,
Conaz,M-Kast,0.4444,0.1667,0.7222,
Dancel,Monas,0.4444,0.1667,0.7222,
Diflu,Filmet,0.4444,0.1667,0.7222,
Diflu,Flugal,0.4444,0.1667,0.7222,
Fexo,Maxima,0.4444,0.1667,0.7222,
Flamyd,Lumona,0.4444,0.1667,0.7222,
Cetisoft,Metro,0.4431,0.3750,0.5111,
Atrizin,Denixil,0.4429,0.2857,0.6000,
Atrizin,Omastin,0.4429,0.2857,0.6000,
Maxpro,Omastin,0.4429,0.2857,0.6000,
Montex,Omastin,0.4429,0.2857,0.6000,
Amodis,Tridosil,0.4417,0.2500,0.6333,
Backtone,Omastin,0.4417,0.2500,0.6333,
Baclofen,Canazole,0.4417,0.2500,0.6333,
Baclofen,Ketocon,0.4417,0.2500,0.6333,
Baclon,Candinil,0.4417,0.2500,0.6333,
Canazole,Maxpro,0.4417,0.2500,0.6333,
Candinil,Etizin,0.4417,0.2500,0.6333,
Candinil,Fixal,0.4417,0.2500,0.6333,
Candinil,Metsina,0.4417,0.2500,0.6333,
Candinil,Montair,0.4417,0.2500,0.6333,
Cetisoft,M-Kast,0.4417,0.2500,0.6333,
Esoral,Tridosil,0.4417,0.2500,0.6333,
Etizin,Tridosil,0.4417,0.2500,0.6333,
Fixal,Rivotril,0.4417,0.2500,0.6333,
Fixal,Tridosil,0.4417,0.2500,0.6333,
Ketozol,Rivotril,0.4417,0.2500,0.6333,
Montair,Rivotril,0.4417,0.2500,0.6333,
Nidazyl,Rivotril,0.4417,0.2500,0.6333,
Nizoder,Rivotril,0.4417,0.2500,0.6333,
Progut,Tridosil,0.4417,0.2500,0.6333,
Romycin,Tridosil,0.4417,0.2500,0.6333,
Exium,Napa Extend,0.4381,0.1818,0.6944,
M-Kast,Napa Extend,0.4381,0.1818,0.6944,
Napa Extend,Progut,0.4381,0.1818,0.6944,
Denixil,Montex,0.4381,0.1429,0.7333,
Denixil,Nexcap,0.4381,0.1429,0.7333,
Dinafex,Esonix,0.4381,0.1429,0.7333,
Backtone,Canazole,0.4375,0.3750,0.5000,
Fexofast,Monas,0.4375,0.3750,0.5000,
Fexofast,Renova,0.4375,0.3750,0.5000,
Azithrocin,Ketocon,0.4361,0.4000,0.4722,
Disopan,Napa,0.4345,0.2857,0.5833,
Fenadin,Napa,0.4345,0.2857,0.5833,
Montair,Napa,0.4345,0.2857,0.5833,
Napa,Nidazyl,0.4345,0.2857,0.5833,
Ritch,Romycin,0.4345,0.2857,0.5833,
Aceta,Azithrocin,0.4333,0.2000,0.6667,
Fixal,Nexum,0.4333,0.2000,0.6667,
Beklo,Ketoral,0.4325,0.1429,0.7222,
Bicozin,Fexo,0.4325,0.1429,0.7222,
Conaz,Nizoder,0.4325,0.1429,0.7222,
Diflu,Nidazyl,0.4325,0.1429,0.7222,
Lumona,Montene,0.4325,0.1429,0.7222,
Lumona,Romycin,0.4325,0.1429,0.7222,
Metro,Trilock,0.4325,0.1429,0.7222,
Monas,Nidazyl,0.4325,0.1429,0.7222,
Monas,Nizoder,0.4325,0.1429,0.7222,
Monas,Romycin,0.4325,0.1429,0.7222,
Montair,Tamen,0.4325,0.1429,0.7222,
Aceta,Dancel,0.4306,0.3333,0.5278,
Aceta,Maxima,0.4306,0.3333,0.5278,
Baclon,Tamen,0.4306,0.3333,0.5278,
Conaz,Esoral,0.4306,0.3333,0.5278,
Esoral,Monas,0.4306,0.3333,0.5278,
Filmet,Tamen,0.4306,0.3333,0.5278,
Flamyd,Tamen,0.4306,0.3333,0.5278,
Leptic,Metro,0.4306,0.3333,0.5278,
Lumona,Opton,0.4306,0.3333,0.5278,
M-Kast,Vifas,0.4306,0.3333,0.5278,
Progut,Rozith,0.4306,0.3333,0.5278,
Exium,Fexofast,0.4306,0.2500,0.6111,
Fexofast,Filmet,0.4306,0.2500,0.6111,
Fexofast,Flugal,0.4306,0.2500,0.6111,
Fexofast,Ketozol,0.4306,0.2500,0.6111,
Fexofast,Maxima,0.4306,0.2500,0.6111,
Fexofast,Nexum,0.4306,0.2500,0.6111,
Fexofast,Progut,0.4306,0.2500,0.6111,
Flamyd,Flexibac,0.4306,0.2500,0.6111,
Flexibac,Ketotab,0.4306,0.2500,0.6111,
Flexibac,Nexum,0.4306,0.2500,0.6111,
Alatrol,Canazole,0.4292,0.3750,0.4833,
Bicozin,Tridosil,0.4292,0.3750,0.4833,
Cetisoft,Ketocon,0.4292,0.3750,0.4833,
Rivotril,Zithrin,0.4292,0.3750,0.4833,
Conaz,Esonix,0.4278,0.3333,0.5222,
Esonix,Monas,0.4278,0.3333,0.5222,
Axodin,Azyth,0.4278,0.1667,0.6889,
Axodin,Bacaid,0.4278,0.1667,0.6889,
Axodin,Conaz,0.4278,0.1667,0.6889,
Axodin,Fexo,0.4278,0.1667,0.6889,
Bacmax,Beklo,0.4278,0.1667,0.6889,
Lumona,Montex,0.4278,0.1667,0.6889,
Maxpro,Monas,0.4278,0.1667,0.6889,
Monas,Nexcap,0.4278,0.1667,0.6889,
Montex,Tamen,0.4278,0.1667,0.6889,
Dinafex,Napa,0.4262,0.2857,0.5667,
Alatrol,Candinil,0.4250,0.2500,0.6000,
Candinil,Omastin,0.4250,0.2500,0.6000,
Candinil,Rivotril,0.4250,0.2500,0.6000,
Cetisoft,Denixil,0.4250,0.2500,0.6000,
Telfast,Tridosil,0.4250,0.2500,0.6000,
Beklo,Canazole,0.4236,0.1250,0.7222,
Canazole,Fexo,0.4236,0.1250,0.7222,
Canazole,Nexum,0.4236,0.1250,0.7222,
Esoral,Fexofast,0.4236,0.3750,0.4722,
Fexofast,Ketoral,0.4236,0.3750,0.4722,
Fexofast,Ketotab,0.4236,0.3750,0.4722,
Canazole,Napa Extend,0.4234,0.2727,0.5741,
Filmet,Flexilax,0.4226,0.2500,0.5952,
Flamyd,Flexilax,0.4226,0.2500,0.5952,
Flexilax,Leptic,0.4226,0.2500,0.5952,
Flexilax,Nexum,0.4226,0.2500,0.5952,
Bacmax,Tamen,0.4222,0.3333,0.5111,
Conaz,Montex,0.4222,0.3333,0.5111,
Aceta,Metsina,0.4206,0.2857,0.5556,
Esonix,Fexofast,0.4194,0.2500,0.5889,
Ace,Canazole,0.4167,0.2500,0.5833,
Baclon,Odmon,0.4167,0.3333,0.5000,
Baclon,Opton,0.4167,0.3333,0.5000,
Canazole,Napa,0.4167,0.2500,0.5833,
Dancel,Sergel,0.4167,0.3333,0.5000,
Esoral,Flugal,0.4167,0.3333,0.5000,
Etizin,Rhinil,0.4167,0.3333,0.5000,
Filmet,Fixal,0.4167,0.3333,0.5000,
Fixal,Rhinil,0.4167,0.3333,0.5000,
Flugal,Sergel,0.4167,0.3333,0.5000,
Ketoral,Trilock,0.4167,0.0000,0.8333,
Amodis,Etizin,0.4167,0.1667,0.6667,
Amodis,Flamyd,0.4167,0.1667,0.6667,
Amodis,Maxima,0.4167,0.1667,0.6667,
Dancel,Esoral,0.4167,0.1667,0.6667,
Dancel,Fixal,0.4167,0.1667,0.6667,
Dancel,Rhinil,0.4167,0.1667,0.6667,
Esoral,Etizin,0.4167,0.1667,0.6667,
Esoral,Exium,0.4167,0.1667,0.6667,
Etizin,Odmon,0.4167,0.1667,0.6667,
Etizin,Opton,0.4167,0.1667,0.6667,
Filmet,Flugal,0.4167,0.1667,0.6667,
Fixal,M-Kast,0.4167,0.1667,0.6667,
Fixal,Maxima,0.4167,0.1667,0.6667,
M-Kast,Progut,0.4167,0.1667,0.6667,
Opton,Progut,0.4167,0.1667,0.6667,
Rhinil,Sergel,0.4167,0.1667,0.6667,
Aceta,Atrizin,0.4159,0.1429,0.6889,
Aceta,Omastin,0.4159,0.1429,0.6889,
Atrizin,Metro,0.4159,0.1429,0.6889,
Conaz,Denixil,0.4159,0.1429,0.6889,
Denixil,Monas,0.4159,0.1429,0.6889,
Dinafex,Renova,0.4159,0.1429,0.6889,
Denixil,Flexibac,0.4139,0.2500,0.5778,
Fexofast,Omastin,0.4139,0.2500,0.5778,
Montex,Napa Extend,0.4131,0.1818,0.6444,
Dinafex,Fexofast,0.4125,0.1250,0.7000,
Amodis,Esonix,0.4083,0.3333,0.4833,
Axodin,Odmon,0.4083,0.3333,0.4833,
Dancel,Montex,0.4083,0.3333,0.4833,
Esonix,Rhinil,0.4083,0.3333,0.4833,
Montex,Opton,0.4083,0.3333,0.4833,
Ritch,Tridosil,0.4083,0.2500,0.5667,
Bacmax,Flexilax,0.4075,0.2500,0.5651,
Esonix,Flexilax,0.4075,0.2500,0.5651,
Metro,Tridosil,0.4069,0.1250,0.6889,
Aceta,Ketoral,0.4067,0.2857,0.5278,
Aceta,Ketotab,0.4067,0.2857,0.5278,
Aceta,Montair,0.4067,0.2857,0.5278,
Azyth,Nidazyl,0.4067,0.2857,0.5278,
Bacaid,Fenadin,0.4067,0.2857,0.5278,
Bacaid,Lucan-R,0.4067,0.2857,0.5278,
Bacaid,Montair,0.4067,0.2857,0.5278,
Beklo,Ketocon,0.4067,0.2857,0.5278,
Beklo,Trilock,0.4067,0.2857,0.5278,
Bicozin,Rozith,0.4067,0.2857,0.5278,
Conaz,Disopan,0.4067,0.2857,0.5278,
Conaz,Fenadin,0.4067,0.2857,0.5278,
Conaz,Ketoral,0.4067,0.2857,0.5278,
Conaz,Ketotab,0.4067,0.2857,0.5278,
Conaz,Montene,0.4067,0.2857,0.5278,
Diflu,Disopan,0.4067,0.2857,0.5278,
Disopan,Lumona,0.4067,0.2857,0.5278,
Disopan,Monas,0.4067,0.2857,0.5278,
Disopan,Vifas,0.4067,0.2857,0.5278,
Fenadin,Fexo,0.4067,0.2857,0.5278,
Fenadin,Monas,0.4067,0.2857,0.5278,
Fenadin,Renova,0.4067,0.2857,0.5278,
Fenadin,Tamen,0.4067,0.2857,0.5278,
Fexo,Ketocon,0.4067,0.2857,0.5278,
Fexo,Ketoral,0.4067,0.2857,0.5278,
Fexo,Ketotab,0.4067,0.2857,0.5278,
Ketotab,Metro,0.4067,0.2857,0.5278,
Metro,Zithrin,0.4067,0.2857,0.5278,
Nidazyl,Vifas,0.4067,0.2857,0.5278,
Provair,Rozith,0.4067,0.2857,0.5278,
Renova,Trilock,0.4067,0.2857,0.5278,
Tamen,Zithrin,0.4067,0.2857,0.5278,
Baclofen,Napa Extend,0.4067,0.2727,0.5407,
Fexo,Napa Extend,0.4057,0.1818,0.6296,
Azithrocin,Metsina,0.4056,0.2000,0.6111,
Azithrocin,Nizoder,0.4056,0.2000,0.6111,
Amodis,Ketozol,0.4048,0.1429,0.6667,
Amodis,Montene,0.4048,0.1429,0.6667,
Baclon,Ketozol,0.4048,0.1429,0.6667,
Baclon,Lucan-R,0.4048,0.1429,0.6667,
Bicozin,Fixal,0.4048,0.1429,0.6667,
Bicozin,Lucan-R,0.4048,0.1429,0.6667,
Bicozin,Metsina,0.4048,0.1429,0.6667,
Dancel,Disopan,0.4048,0.1429,0.6667,
Dancel,Ketoral,0.4048,0.1429,0.6667,
Dancel,Nizoder,0.4048,0.1429,0.6667,
Disopan,Ketozol,0.4048,0.1429,0.6667,
Disopan,Nidazyl,0.4048,0.1429,0.6667,
Disopan,Romycin,0.4048,0.1429,0.6667,
Esoral,Nidazyl,0.4048,0.1429,0.6667,
Esoral,Nizoder,0.4048,0.1429,0.6667,
Esoral,Zithrin,0.4048,0.1429,0.6667,
Etizin,Montene,0.4048,0.1429,0.6667,
Etizin,Nidazyl,0.4048,0.1429,0.6667,
Exium,Ketozol,0.4048,0.1429,0.6667,
Fenadin,Filmet,0.4048,0.1429,0.6667,
Fenadin,Nidazyl,0.4048,0.1429,0.6667,
Fenadin,Nizoder,0.4048,0.1429,0.6667,
Fenadin,Odmon,0.4048,0.1429,0.6667,
Fenadin,Opton,0.4048,0.1429,0.6667,
Ketocon,Trilock,0.4048,0.1429,0.6667,
Ketoral,Nidazyl,0.4048,0.1429,0.6667,
Ketoral,Nizoder,0.4048,0.1429,0.6667,
Ketozol,Nexum,0.4048,0.1429,0.6667,
Lucan-R,Montair,0.4048,0.1429,0.6667,
M-Kast,Metsina,0.4048,0.1429,0.6667,
M-Kast,Montene,0.4048,0.1429,0.6667,
Maxima,Romycin,0.4048,0.1429,0.6667,
Metsina,Odmon,0.4048,0.1429,0.6667,
Montene,Romycin,0.4048,0.1429,0.6667,
Nexum,Nidazyl,0.4048,0.1429,0.6667,
Nexum,Nizoder,0.4048,0.1429,0.6667,
Nizoder,Zithrin,0.4048,0.1429,0.6667,
Progut,Trilock,0.4048,0.1429,0.6667,
Rhinil,Trilock,0.4048,0.1429,0.6667,
Conaz,Nexum,0.4028,0.0000,0.8056,
Candinil,Ketocon,0.4025,0.0000,0.8050,
Dinafex,Flexilax,0.4006,0.1250,0.6762,
Axodin,Esonix,0.4000,0.3333,0.4667,
Azithrocin,Metro,0.4000,0.3000,0.5000,
Axodin,Baclon,0.4000,0.1667,0.6333,
Axodin,Exium,0.4000,0.1667,0.6333,
Axodin,Maxima,0.4000,0.1667,0.6333,
Axodin,Opton,0.4000,0.1667,0.6333,
Axodin,Progut,0.4000,0.1667,0.6333,
Dancel,Nexcap,0.4000,0.1667,0.6333,
Esonix,Exium,0.4000,0.1667,0.6333,
Exium,Maxpro,0.4000,0.1667,0.6333,
Fexo,Vifas,0.4000,0.0000,0.8000,
Fixal,Maxpro,0.4000,0.1667,0.6333,
Leptic,Montex,0.4000,0.1667,0.6333,
M-Kast,Montex,0.4000,0.1667,0.6333,
Maxima,Nexcap,0.4000,0.1667,0.6333,
Maxpro,Nexum,0.4000,0.1667,0.6333,
Canazole,Nexcap,0.3986,0.1250,0.6722,
Alatrol,Azyth,0.3984,0.2857,0.5111,
Atrizin,Tamen,0.3984,0.2857,0.5111,
Bacaid,Omastin,0.3984,0.2857,0.5111,
Conaz,Dinafex,0.3984,0.2857,0.5111,
Denixil,Diflu,0.3984,0.2857,0.5111,
Denixil,Renova,0.3984,0.2857,0.5111,
Dinafex,Monas,0.3984,0.2857,0.5111,
Dinafex,Vifas,0.3984,0.2857,0.5111,
Metro,Omastin,0.3984,0.2857,0.5111,
Monas,Telfast,0.3984,0.2857,0.5111,
Omastin,Tamen,0.3984,0.2857,0.5111,
Backtone,Etizin,0.3958,0.1250,0.6667,
Backtone,Fenadin,0.3958,0.1250,0.6667,
Backtone,Ketoral,0.3958,0.1250,0.6667,
Backtone,Ketotab,0.3958,0.1250,0.6667,
Backtone,Ketozol,0.3958,0.1250,0.6667,
Backtone,Lucan-R,0.3958,0.1250,0.6667,
Backtone,M-Kast,0.3958,0.1250,0.6667,
Backtone,Metsina,0.3958,0.1250,0.6667,
Bicozin,Canazole,0.3958,0.1250,0.6667,
Canazole,Esoral,0.3958,0.1250,0.6667,
Canazole,Ketoral,0.3958,0.1250,0.6667,
Canazole,Lucan-R,0.3958,0.1250,0.6667,
Canazole,M-Kast,0.3958,0.1250,0.6667,
Canazole,Maxima,0.3958,0.1250,0.6667,
Canazole,Rhinil,0.3958,0.1250,0.6667,
Conaz,Flexibac,0.3958,0.1250,0.6667,
Diflu,Flexibac,0.3958,0.1250,0.6667,
Amodis,Bicozin,0.3929,0.2857,0.5000,
Amodis,Fenadin,0.3929,0.2857,0.5000,
Amodis,Nizoder,0.3929,0.2857,0.5000,
Baclon,Trilock,0.3929,0.2857,0.5000,
Bicozin,Fenadin,0.3929,0.2857,0.5000,
Bicozin,Nidazyl,0.3929,0.2857,0.5000,
Bicozin,Nizoder,0.3929,0.2857,0.5000,
Bicozin,Odmon,0.3929,0.2857,0.5000,
Bicozin,Opton,0.3929,0.2857,0.5000,
Dancel,Montene,0.3929,0.2857,0.5000,
Disopan,Fixal,0.3929,0.2857,0.5000,
Disopan,Ketoral,0.3929,0.2857,0.5000,
Disopan,Ketotab,0.3929,0.2857,0.5000,
Disopan,Nizoder,0.3929,0.2857,0.5000,
Esoral,Metsina,0.3929,0.2857,0.5000,
Esoral,Provair,0.3929,0.2857,0.5000,
Etizin,Ketoral,0.3929,0.2857,0.5000,
Etizin,Ketotab,0.3929,0.2857,0.5000,
Exium,Metsina,0.3929,0.2857,0.5000,
Fenadin,Fixal,0.3929,0.2857,0.5000,
Fenadin,Leptic,0.3929,0.2857,0.5000,
Fenadin,Romycin,0.3929,0.2857,0.5000,
Fenadin,Zithrin,0.3929,0.2857,0.5000,
Filmet,Nizoder,0.3929,0.2857,0.5000,
Filmet,Trilock,0.3929,0.2857,0.5000,
Flugal,Ketoral,0.3929,0.2857,0.5000,
Ketocon,Romycin,0.3929,0.2857,0.5000,
Ketocon,Zithrin,0.3929,0.2857,0.5000,
Ketoral,Metsina,0.3929,0.2857,0.5000,
Ketoral,Opton,0.3929,0.2857,0.5000,
Ketoral,Zithrin,0.3929,0.2857,0.5000,
Ketotab,Leptic,0.3929,0.2857,0.5000,
Ketotab,Metsina,0.3929,0.2857,0.5000,
Ketotab,Opton,0.3929,0.2857,0.5000,
Ketozol,Opton,0.3929,0.2857,0.5000,
Ketozol,Sergel,0.3929,0.2857,0.5000,
Leptic,Metsina,0.3929,0.2857,0.5000,
Leptic,Montair,0.3929,0.2857,0.5000,
Metsina,Zithrin,0.3929,0.2857,0.5000,
Montair,Opton,0.3929,0.2857,0.5000,
Montair,Romycin,0.3929,0.2857,0.5000,
Opton,Romycin,0.3929,0.2857,0.5000,
Opton,Zithrin,0.3929,0.2857,0.5000,
Provair,Rhinil,0.3929,0.2857,0.5000,
Provair,Romycin,0.3929,0.2857,0.5000,
Romycin,Zithrin,0.3929,0.2857,0.5000,
Axodin,M-Kast,0.3917,0.0000,0.7833,
Napa,Nexum,0.3917,0.2000,0.5833,
Azithrocin,Cetisoft,0.3889,0.2000,0.5778,
Azithrocin,Esonix,0.3889,0.2000,0.5778,
Azithrocin,Maxpro,0.3889,0.2000,0.5778,
Azithrocin,Omastin,0.3889,0.2000,0.5778,
Azyth,Canazole,0.3889,0.2500,0.5278,
Bacaid,Canazole,0.3889,0.2500,0.5278,
Backtone,Conaz,0.3889,0.2500,0.5278,
Backtone,Lumona,0.3889,0.2500,0.5278,
Backtone,Tamen,0.3889,0.2500,0.5278,
Canazole,Renova,0.3889,0.2500,0.5278,
Renova,Ritch,0.3889,0.1667,0.6111,
Alatrol,Amodis,0.3881,0.1429,0.6333,
Alatrol,Leptic,0.3881,0.1429,0.6333,
Alatrol,Montair,0.3881,0.1429,0.6333,
Alatrol,Nidazyl,0.3881,0.1429,0.6333,
Atrizin,Disopan,0.3881,0.1429,0.6333,
Atrizin,Ketocon,0.3881,0.1429,0.6333,
Atrizin,Ketozol,0.3881,0.1429,0.6333,
Atrizin,Montair,0.3881,0.1429,0.6333,
Atrizin,Nidazyl,0.3881,0.1429,0.6333,
Atrizin,Odmon,0.3881,0.1429,0.6333,
Atrizin,Opton,0.3881,0.1429,0.6333,
Axodin,Ketotab,0.3881,0.1429,0.6333,
Axodin,Ketozol,0.3881,0.1429,0.6333,
Axodin,Montene,0.3881,0.1429,0.6333,
Bicozin,Denixil,0.3881,0.1429,0.6333,
Denixil,Flugal,0.3881,0.1429,0.6333,
Denixil,Ketocon,0.3881,0.1429,0.6333,
Denixil,Maxima,0.3881,0.1429,0.6333,
Denixil,Metsina,0.3881,0.1429,0.6333,
Disopan,Maxpro,0.3881,0.1429,0.6333,
Disopan,Omastin,0.3881,0.1429,0.6333,
Esonix,Romycin,0.3881,0.1429,0.6333,
Esonix,Zithrin,0.3881,0.1429,0.6333,
Etizin,Telfast,0.3881,0.1429,0.6333,
Fenadin,Montex,0.3881,0.1429,0.6333,
Flamyd,Omastin,0.3881,0.1429,0.6333,
Flamyd,Telfast,0.3881,0.1429,0.6333,
Ketozol,Maxpro,0.3881,0.1429,0.6333,
Ketozol,Nexcap,0.3881,0.1429,0.6333,
Ketozol,Telfast,0.3881,0.1429,0.6333,
Lucan-R,Maxpro,0.3881,0.1429,0.6333,
Maxpro,Metsina,0.3881,0.1429,0.6333,
Maxpro,Montair,0.3881,0.1429,0.6333,
Metsina,Montex,0.3881,0.1429,0.6333,
Metsina,Telfast,0.3881,0.1429,0.6333,
Montex,Nizoder,0.3881,0.1429,0.6333,
Nexcap,Nidazyl,0.3881,0.1429,0.6333,
Nexcap,Nizoder,0.3881,0.1429,0.6333,
Telfast,Trilock,0.3881,0.1429,0.6333,
Conaz,Flexilax,0.3879,0.1250,0.6508,
Diflu,Flexilax,0.3879,0.1250,0.6508,
Azithrocin,Opton,0.3861,0.3000,0.4722,
Azithrocin,Trilock,0.3861,0.3000,0.4722,
Alatrol,Baclon,0.3845,0.2857,0.4833,
Alatrol,Dancel,0.3845,0.2857,0.4833,
Alatrol,Opton,0.3845,0.2857,0.4833,
Axodin,Zithrin,0.3845,0.2857,0.4833,
Baclon,Omastin,0.3845,0.2857,0.4833,
Denixil,Esoral,0.3845,0.2857,0.4833,
Denixil,Leptic,0.3845,0.2857,0.4833,
Denixil,Montair,0.3845,0.2857,0.4833,
Denixil,Sergel,0.3845,0.2857,0.4833,
Dinafex,Disopan,0.3845,0.2857,0.4833,
Dinafex,Fenadin,0.3845,0.2857,0.4833,
Dinafex,Nizoder,0.3845,0.2857,0.4833,
Esonix,Fenadin,0.3845,0.2857,0.4833,
Esonix,Ketozol,0.3845,0.2857,0.4833,
Esonix,Montair,0.3845,0.2857,0.4833,
Ketoral,Nexcap,0.3845,0.2857,0.4833,
Ketotab,Nexcap,0.3845,0.2857,0.4833,
Leptic,Omastin,0.3845,0.2857,0.4833,
Omastin,Zithrin,0.3845,0.2857,0.4833,
Axodin,Maxpro,0.3833,0.1667,0.6000,
Bacmax,Esonix,0.3833,0.1667,0.6000,
Bacmax,Montex,0.3833,0.1667,0.6000,
Bacmax,Nexcap,0.3833,0.1667,0.6000,
Flexibac,Ketozol,0.3819,0.1250,0.6389,
Baclofen,Conaz,0.3806,0.2500,0.5111,
Candinil,Tamen,0.3806,0.2500,0.5111,
Cetisoft,Fexo,0.3806,0.2500,0.5111,
Cetisoft,Renova,0.3806,0.2500,0.5111,
Renova,Tridosil,0.3806,0.2500,0.5111,
Rivotril,Rozith,0.3806,0.2500,0.5111,
Rozith,Tridosil,0.3806,0.2500,0.5111,
Tridosil,Vifas,0.3806,0.2500,0.5111,
Dinafex,Telfast,0.3800,0.0000,0.7600,
Amodis,Cetisoft,0.3792,0.1250,0.6333,
Atrizin,Backtone,0.3792,0.1250,0.6333,
Axodin,Canazole,0.3792,0.1250,0.6333,
Baclofen,Ketoral,0.3792,0.1250,0.6333,
Baclofen,Ketozol,0.3792,0.1250,0.6333,
Bicozin,Candinil,0.3792,0.1250,0.6333,
Candinil,Lucan-R,0.3792,0.1250,0.6333,
Candinil,Odmon,0.3792,0.1250,0.6333,
Candinil,Opton,0.3792,0.1250,0.6333,
Cetisoft,Nizoder,0.3792,0.1250,0.6333,
Fenadin,Rivotril,0.3792,0.1250,0.6333,
Filmet,Rivotril,0.3792,0.1250,0.6333,
Flugal,Rivotril,0.3792,0.1250,0.6333,
Ketotab,Tridosil,0.3792,0.1250,0.6333,
Metsina,Tridosil,0.3792,0.1250,0.6333,
Progut,Rivotril,0.3792,0.1250,0.6333,
Rivotril,Sergel,0.3792,0.1250,0.6333,
Sergel,Tridosil,0.3792,0.1250,0.6333,
Dancel,Napa Extend,0.3779,0.1818,0.5741,
Leptic,Napa Extend,0.3779,0.1818,0.5741,
Maxima,Napa Extend,0.3779,0.1818,0.5741,
Napa Extend,Nidazyl,0.3779,0.1818,0.5741,
Esonix,Napa Extend,0.3779,0.0909,0.6648,
Beklo,Diflu,0.3778,0.2000,0.5556,
Conaz,Vifas,0.3778,0.2000,0.5556,
Metro,Monas,0.3778,0.2000,0.5556,
Bacaid,Napa Extend,0.3771,0.2727,0.4815,
Napa Extend,Tamen,0.3771,0.2727,0.4815,
Alatrol,Maxpro,0.3762,0.2857,0.4667,
Dinafex,Nidazyl,0.3762,0.2857,0.4667,
Esonix,Ketocon,0.3762,0.2857,0.4667,
Nexcap,Telfast,0.3762,0.2857,0.4667,
Ace,Amodis,0.3750,0.1667,0.5833,
Ace,M-Kast,0.3750,0.1667,0.5833,
Ace,Maxima,0.3750,0.1667,0.5833,
Ace,Sergel,0.3750,0.1667,0.5833,
Aceta,Flexibac,0.3750,0.2500,0.5000,
Canazole,Fenadin,0.3750,0.2500,0.5000,
Canazole,Montene,0.3750,0.2500,0.5000,
Dancel,Napa,0.3750,0.1667,0.5833,
Flexibac,Lumona,0.3750,0.2500,0.5000,
Flexibac,Renova,0.3750,0.2500,0.5000,
Leptic,Napa,0.3750,0.1667,0.5833,
Progut,Ritch,0.3750,0.1667,0.5833,
Alatrol,Axodin,0.3714,0.1429,0.6000,
Axodin,Denixil,0.3714,0.1429,0.6000,
Bacmax,Dinafex,0.3714,0.1429,0.6000,
Denixil,Telfast,0.3714,0.1429,0.6000,
Omastin,Telfast,0.3714,0.1429,0.6000,
Aceta,Flexilax,0.3710,0.2500,0.4921,
Flexilax,Lumona,0.3710,0.2500,0.4921,
Flexilax,Renova,0.3710,0.2500,0.4921,
Flexilax,Ketozol,0.3700,0.1250,0.6151,
Bicozin,Fexofast,0.3681,0.1250,0.6111,
Fexofast,Flamyd,0.3681,0.1250,0.6111,
Filmet,Flexibac,0.3681,0.1250,0.6111,
Flexibac,Lucan-R,0.3681,0.1250,0.6111,
Flexibac,Trilock,0.3681,0.1250,0.6111,
Denixil,Napa Extend,0.3677,0.0909,0.6444,
Beklo,Flexilax,0.3671,0.2500,0.4841,
Alatrol,Backtone,0.3667,0.2500,0.4833,
Amodis,Candinil,0.3667,0.2500,0.4833,
Amodis,Rivotril,0.3667,0.2500,0.4833,
Backtone,Maxpro,0.3667,0.2500,0.4833,
Baclofen,Dancel,0.3667,0.2500,0.4833,
Baclofen,Disopan,0.3667,0.2500,0.4833,
Baclofen,Filmet,0.3667,0.2500,0.4833,
Baclofen,Odmon,0.3667,0.2500,0.4833,
Baclofen,Opton,0.3667,0.2500,0.4833,
Baclofen,Trilock,0.3667,0.2500,0.4833,
Canazole,Cetisoft,0.3667,0.2500,0.4833,
Canazole,Dinafex,0.3667,0.2500,0.4833,
Candinil,Maxima,0.3667,0.2500,0.4833,
Cetisoft,Esoral,0.3667,0.2500,0.4833,
Cetisoft,Exium,0.3667,0.2500,0.4833,
Cetisoft,Filmet,0.3667,0.2500,0.4833,
Cetisoft,Ketoral,0.3667,0.2500,0.4833,
Cetisoft,Ketotab,0.3667,0.2500,0.4833,
Cetisoft,Leptic,0.3667,0.2500,0.4833,
Cetisoft,Opton,0.3667,0.2500,0.4833,
Cetisoft,Trilock,0.3667,0.2500,0.4833,
Disopan,Tridosil,0.3667,0.2500,0.4833,
Ketotab,Rivotril,0.3667,0.2500,0.4833,
Leptic,Rivotril,0.3667,0.2500,0.4833,
Nizoder,Tridosil,0.3667,0.2500,0.4833,
Provair,Tridosil,0.3667,0.2500,0.4833,
Rivotril,Romycin,0.3667,0.2500,0.4833,
Rivotril,Trilock,0.3667,0.2500,0.4833,
Tridosil,Zithrin,0.3667,0.2500,0.4833,
Ace,Maxpro,0.3667,0.1667,0.5667,
Ace,Nexcap,0.3667,0.1667,0.5667,
Montex,Napa,0.3667,0.1667,0.5667,
Beklo,Nexum,0.3639,0.2000,0.5278,
Fixal,Monas,0.3639,0.2000,0.5278,
Metro,Opton,0.3639,0.2000,0.5278,
Opton,Tamen,0.3639,0.2000,0.5278,
Montene,Napa Extend,0.3632,0.2727,0.4537,
Ace,Bicozin,0.3631,0.1429,0.5833,
Ace,Nidazyl,0.3631,0.1429,0.5833,
Ace,Nizoder,0.3631,0.1429,0.5833,
Ace,Romycin,0.3631,0.1429,0.5833,
Montene,Napa,0.3631,0.1429,0.5833,
Napa,Nizoder,0.3631,0.1429,0.5833,
Napa,Provair,0.3631,0.1429,0.5833,
Provair,Ritch,0.3631,0.1429,0.5833,
Alatrol,Tridosil,0.3625,0.1250,0.6000,
Atrizin,Cetisoft,0.3625,0.1250,0.6000,
Atrizin,Rivotril,0.3625,0.1250,0.6000,
Baclofen,Candinil,0.3625,0.1250,0.6000,
Baclofen,Telfast,0.3625,0.1250,0.6000,
Candinil,Montex,0.3625,0.1250,0.6000,
Cetisoft,Dinafex,0.3625,0.1250,0.6000,
Cetisoft,Omastin,0.3625,0.1250,0.6000,
Cetisoft,Tridosil,0.3625,0.1250,0.6000,
Dinafex,Tridosil,0.3625,0.1250,0.6000,
Atrizin,Napa Extend,0.3613,0.1818,0.5407,
Bacmax,Napa Extend,0.3613,0.1818,0.5407,
Aceta,M-Kast,0.3611,0.0000,0.7222,
Aceta,Nizoder,0.3611,0.0000,0.7222,
Bacaid,Ketocon,0.3611,0.0000,0.7222,
Bacaid,Ketoral,0.3611,0.0000,0.7222,
Bacaid,Ketotab,0.3611,0.0000,0.7222,
Bacaid,Ketozol,0.3611,0.0000,0.7222,
Bacaid,Progut,0.3611,0.0000,0.7222,
Beklo,Fixal,0.3611,0.0000,0.7222,
Conaz,Exium,0.3611,0.0000,0.7222,
Conaz,Maxima,0.3611,0.0000,0.7222,
Diflu,Flamyd,0.3611,0.0000,0.7222,
Diflu,Ketoral,0.3611,0.0000,0.7222,
Diflu,Ketozol,0.3611,0.0000,0.7222,
Fexo,M-Kast,0.3611,0.0000,0.7222,
Filmet,Lumona,0.3611,0.0000,0.7222,
Leptic,Progut,0.3611,0.0000,0.7222,
Metro,Nizoder,0.3611,0.0000,0.7222,
Monas,Nexum,0.3611,0.0000,0.7222,
Aceta,Rozith,0.3611,0.1667,0.5556,
Amodis,Fexofast,0.3611,0.2500,0.4722,
Conaz,Renova,0.3611,0.1667,0.5556,
Disopan,Fexofast,0.3611,0.2500,0.4722,
Etizin,Flexibac,0.3611,0.2500,0.4722,
Fenadin,Fexofast,0.3611,0.2500,0.4722,
Fenadin,Flexibac,0.3611,0.2500,0.4722,
Fexofast,Ketocon,0.3611,0.2500,0.4722,
Fexofast,Provair,0.3611,0.2500,0.4722,
Flexibac,Metsina,0.3611,0.2500,0.4722,
Monas,Renova,0.3611,0.1667,0.5556,
Renova,Rozith,0.3611,0.1667,0.5556,
Conaz,Napa Extend,0.3603,0.0909,0.6296,
Monas,Napa Extend,0.3603,0.0909,0.6296,
Flexilax,Lucan-R,0.3601,0.1250,0.5952,
Flexilax,Trilock,0.3601,0.1250,0.5952,
Atrizin,Baclofen,0.3583,0.2500,0.4667,
Axodin,Rivotril,0.3583,0.2500,0.4667,
Baclofen,Dinafex,0.3583,0.2500,0.4667,
Candinil,Esonix,0.3583,0.2500,0.4667,
Cetisoft,Disopan,0.3583,0.2500,0.4667,
Cetisoft,Esonix,0.3583,0.2500,0.4667,
Denixil,Rivotril,0.3583,0.2500,0.4667,
Esonix,Tridosil,0.3583,0.2500,0.4667,
Omastin,Rivotril,0.3583,0.2500,0.4667,
Maxpro,Napa Extend,0.3576,0.1818,0.5333,
Etizin,Flexilax,0.3571,0.2500,0.4643,
Fenadin,Flexilax,0.3571,0.2500,0.4643,
Flexilax,Ketotab,0.3571,0.2500,0.4643,
Flexilax,Metsina,0.3571,0.2500,0.4643,
Flexilax,Rhinil,0.3571,0.2500,0.4643,
Bacmax,Flexibac,0.3569,0.1250,0.5889,
Flexibac,Telfast,0.3569,0.1250,0.5889,
Azithrocin,Tridosil,0.3556,0.3000,0.4111,
Azithrocin,Esoral,0.3556,0.1000,0.6111,
Azithrocin,Sergel,0.3556,0.1000,0.6111,
Ace,Alatrol,0.3548,0.1429,0.5667,
Ace,Atrizin,0.3548,0.1429,0.5667,
Ace,Omastin,0.3548,0.1429,0.5667,
Denixil,Napa,0.3548,0.1429,0.5667,
Axodin,Flexibac,0.3514,0.1250,0.5778,
Baclofen,Fexofast,0.3514,0.1250,0.5778,
Bacmax,Fexofast,0.3514,0.1250,0.5778,
Denixil,Fexofast,0.3514,0.1250,0.5778,
Fexofast,Maxpro,0.3514,0.1250,0.5778,
Fexofast,Montex,0.3514,0.1250,0.5778,
Flexibac,Maxpro,0.3514,0.1250,0.5778,
Fexofast,Napa Extend,0.3510,0.0909,0.6111,
Flexibac,Napa Extend,0.3502,0.1818,0.5185,
Dinafex,Flexibac,0.3500,0.0000,0.7000,
Aceta,Ketozol,0.3492,0.1429,0.5556,
Aceta,Esoral,0.3472,0.1667,0.5278,
Aceta,Filmet,0.3472,0.1667,0.5278,
Aceta,Leptic,0.3472,0.1667,0.5278,
Amodis,Azyth,0.3472,0.1667,0.5278,
Amodis,Bacaid,0.3472,0.1667,0.5278,
Amodis,Conaz,0.3472,0.1667,0.5278,
Amodis,Lumona,0.3472,0.1667,0.5278,
Amodis,Tamen,0.3472,0.1667,0.5278,
Amodis,Vifas,0.3472,0.1667,0.5278,
Azyth,Dancel,0.3472,0.1667,0.5278,
Azyth,Maxima,0.3472,0.1667,0.5278,
Bacaid,Etizin,0.3472,0.1667,0.5278,
Bacaid,Fixal,0.3472,0.1667,0.5278,
Bacaid,Flamyd,0.3472,0.1667,0.5278,
Bacaid,Leptic,0.3472,0.1667,0.5278,
Bacaid,Maxima,0.3472,0.1667,0.5278,
Baclon,Conaz,0.3472,0.1667,0.5278,
Baclon,Diflu,0.3472,0.1667,0.5278,
Baclon,Fexo,0.3472,0.1667,0.5278,
Baclon,Lumona,0.3472,0.1667,0.5278,
Beklo,M-Kast,0.3472,0.1667,0.5278,
Beklo,Sergel,0.3472,0.1667,0.5278,
Conaz,Rhinil,0.3472,0.1667,0.5278,
Dancel,Renova,0.3472,0.1667,0.5278,
Diflu,Etizin,0.3472,0.1667,0.5278,
Diflu,Rhinil,0.3472,0.1667,0.5278,
Esoral,Fexo,0.3472,0.1667,0.5278,
Esoral,Flexibac,0.3472,0.2500,0.4444,
Esoral,Metro,0.3472,0.1667,0.5278,
Esoral,Vifas,0.3472,0.1667,0.5278,
Etizin,Metro,0.3472,0.1667,0.5278,
Etizin,Rozith,0.3472,0.1667,0.5278,
Etizin,Vifas,0.3472,0.1667,0.5278,
Exium,Rozith,0.3472,0.1667,0.5278,
Fexo,Filmet,0.3472,0.1667,0.5278,
Fexo,Flamyd,0.3472,0.1667,0.5278,
Filmet,Vifas,0.3472,0.1667,0.5278,
Flexibac,Ketoral,0.3472,0.2500,0.4444,
Flugal,Lumona,0.3472,0.1667,0.5278,
Flugal,Vifas,0.3472,0.1667,0.5278,
Leptic,Lumona,0.3472,0.1667,0.5278,
Lumona,Maxima,0.3472,0.1667,0.5278,
M-Kast,Metro,0.3472,0.1667,0.5278,
Maxima,Metro,0.3472,0.1667,0.5278,
Maxima,Rozith,0.3472,0.1667,0.5278,
Maxima,Tamen,0.3472,0.1667,0.5278,
Maxima,Vifas,0.3472,0.1667,0.5278,
Metro,Sergel,0.3472,0.1667,0.5278,
Monas,Rhinil,0.3472,0.1667,0.5278,
Nexum,Renova,0.3472,0.1667,0.5278,
Renova,Sergel,0.3472,0.1667,0.5278,
Rhinil,Rozith,0.3472,0.1667,0.5278,
Ace,Cetisoft,0.3458,0.1250,0.5667,
Candinil,Napa,0.3458,0.1250,0.5667,
Flexilax,Telfast,0.3450,0.1250,0.5651,
Conaz,Maxpro,0.3444,0.0000,0.6889,
Denixil,Tamen,0.3444,0.0000,0.6889,
Alatrol,Flexilax,0.3435,0.1250,0.5619,
Axodin,Flexilax,0.3435,0.1250,0.5619,
Candinil,Flexilax,0.3435,0.1250,0.5619,
Flexilax,Maxpro,0.3435,0.1250,0.5619,
Flexilax,Montex,0.3435,0.1250,0.5619,
Flexilax,Napa Extend,0.3422,0.1818,0.5026,
Axodin,Tridosil,0.3417,0.2500,0.4333,
Ace,Fexofast,0.3403,0.1250,0.5556,
Ace,Flexibac,0.3403,0.1250,0.5556,
Backtone,Napa Extend,0.3401,0.2727,0.4074,
Napa Extend,Opton,0.3401,0.2727,0.4074,
Esoral,Flexilax,0.3393,0.2500,0.4286,
Flexilax,Ketoral,0.3393,0.2500,0.4286,
Aceta,Maxpro,0.3389,0.1667,0.5111,
Aceta,Montex,0.3389,0.1667,0.5111,
Aceta,Nexcap,0.3389,0.1667,0.5111,
Axodin,Monas,0.3389,0.1667,0.5111,
Axodin,Rozith,0.3389,0.1667,0.5111,
Azyth,Maxpro,0.3389,0.1667,0.5111,
Bacaid,Maxpro,0.3389,0.1667,0.5111,
Bacaid,Nexcap,0.3389,0.1667,0.5111,
Bacmax,Conaz,0.3389,0.1667,0.5111,
Beklo,Maxpro,0.3389,0.1667,0.5111,
Beklo,Nexcap,0.3389,0.1667,0.5111,
Esonix,Fexo,0.3389,0.1667,0.5111,
Esonix,Lumona,0.3389,0.1667,0.5111,
Esonix,Renova,0.3389,0.1667,0.5111,
Esonix,Rozith,0.3389,0.1667,0.5111,
Maxpro,Tamen,0.3389,0.1667,0.5111,
Montex,Renova,0.3389,0.1667,0.5111,
Nexcap,Renova,0.3389,0.1667,0.5111,
Nexcap,Vifas,0.3389,0.1667,0.5111,
Bicozin,Napa Extend,0.3371,0.0909,0.5833,
Etizin,Napa Extend,0.3371,0.0909,0.5833,
Ace,Flexilax,0.3363,0.1250,0.5476,
Azithrocin,Backtone,0.3361,0.2000,0.4722,
Azithrocin,Baclon,0.3361,0.2000,0.4722,
Azithrocin,Fenadin,0.3361,0.2000,0.4722,
Azithrocin,Ketoral,0.3361,0.2000,0.4722,
Azithrocin,Ketozol,0.3361,0.2000,0.4722,
Azithrocin,Montair,0.3361,0.2000,0.4722,
Azithrocin,Odmon,0.3361,0.2000,0.4722,
Azithrocin,Progut,0.3361,0.2000,0.4722,
Azithrocin,Provair,0.3361,0.2000,0.4722,
Aceta,Bicozin,0.3353,0.1429,0.5278,
Aceta,Disopan,0.3353,0.1429,0.5278,
Aceta,Fenadin,0.3353,0.1429,0.5278,
Aceta,Ketocon,0.3353,0.1429,0.5278,
Aceta,Montene,0.3353,0.1429,0.5278,
Azyth,Nizoder,0.3353,0.1429,0.5278,
Azyth,Romycin,0.3353,0.1429,0.5278,
Bacaid,Metsina,0.3353,0.1429,0.5278,
Bacaid,Nidazyl,0.3353,0.1429,0.5278,
Beklo,Ketotab,0.3353,0.1429,0.5278,
Bicozin,Lumona,0.3353,0.1429,0.5278,
Bicozin,Monas,0.3353,0.1429,0.5278,
Bicozin,Tamen,0.3353,0.1429,0.5278,
Bicozin,Vifas,0.3353,0.1429,0.5278,
Conaz,Ketocon,0.3353,0.1429,0.5278,
Conaz,Metsina,0.3353,0.1429,0.5278,
Conaz,Romycin,0.3353,0.1429,0.5278,
Disopan,Fexo,0.3353,0.1429,0.5278,
Fenadin,Metro,0.3353,0.1429,0.5278,
Fenadin,Vifas,0.3353,0.1429,0.5278,
Fexo,Metsina,0.3353,0.1429,0.5278,
Fexo,Nizoder,0.3353,0.1429,0.5278,
Ketocon,Lumona,0.3353,0.1429,0.5278,
Ketoral,Tamen,0.3353,0.1429,0.5278,
Ketotab,Tamen,0.3353,0.1429,0.5278,
Ketozol,Monas,0.3353,0.1429,0.5278,
Ketozol,Rozith,0.3353,0.1429,0.5278,
Ketozol,Tamen,0.3353,0.1429,0.5278,
Lucan-R,Monas,0.3353,0.1429,0.5278,
Lucan-R,Tamen,0.3353,0.1429,0.5278,
Metro,Romycin,0.3353,0.1429,0.5278,
Metsina,Rozith,0.3353,0.1429,0.5278,
Metsina,Vifas,0.3353,0.1429,0.5278,
Montair,Renova,0.3353,0.1429,0.5278,
Montene,Renova,0.3353,0.1429,0.5278,
Nidazyl,Tamen,0.3353,0.1429,0.5278,
Nizoder,Renova,0.3353,0.1429,0.5278,
Nizoder,Rozith,0.3353,0.1429,0.5278,
Nizoder,Vifas,0.3353,0.1429,0.5278,
Provair,Vifas,0.3353,0.1429,0.5278,
Renova,Romycin,0.3353,0.1429,0.5278,
Rozith,Trilock,0.3353,0.1429,0.5278,
Tamen,Trilock,0.3353,0.1429,0.5278,
Amodis,Filmet,0.3333,0.0000,0.6667,
Amodis,Leptic,0.3333,0.1667,0.5000,
Amodis,Nidazyl,0.3333,0.0000,0.6667,
Amodis,Odmon,0.3333,0.1667,0.5000,
Amodis,Progut,0.3333,0.1667,0.5000,
Backtone,Progut,0.3333,0.0000,0.6667,
Baclon,Dancel,0.3333,0.1667,0.5000,
Baclon,Etizin,0.3333,0.1667,0.5000,
Baclon,Fixal,0.3333,0.0000,0.6667,
Baclon,Ketoral,0.3333,0.0000,0.6667,
Baclon,Maxima,0.3333,0.1667,0.5000,
Bicozin,Exium,0.3333,0.0000,0.6667,
Bicozin,M-Kast,0.3333,0.0000,0.6667,
Bicozin,Maxima,0.3333,0.0000,0.6667,
Bicozin,Nexum,0.3333,0.0000,0.6667,
Canazole,Exium,0.3333,0.0000,0.6667,
Dancel,Etizin,0.3333,0.0000,0.6667,
Dancel,Flugal,0.3333,0.1667,0.5000,
Dancel,Maxima,0.3333,0.1667,0.5000,
Dancel,Metsina,0.3333,0.0000,0.6667,
Dancel,Nexum,0.3333,0.0000,0.6667,
Dancel,Trilock,0.3333,0.0000,0.6667,
Esoral,Progut,0.3333,0.1667,0.5000,
Esoral,Rhinil,0.3333,0.1667,0.5000,
Esoral,Trilock,0.3333,0.0000,0.6667,
Etizin,Fixal,0.3333,0.1667,0.5000,
Etizin,Leptic,0.3333,0.1667,0.5000,
Exium,Filmet,0.3333,0.1667,0.5000,
Exium,Fixal,0.3333,0.0000,0.6667,
Exium,M-Kast,0.3333,0.0000,0.6667,
Exium,Progut,0.3333,0.1667,0.5000,
Filmet,Leptic,0.3333,0.0000,0.6667,
Filmet,M-Kast,0.3333,0.1667,0.5000,
Filmet,Odmon,0.3333,0.1667,0.5000,
Filmet,Progut,0.3333,0.1667,0.5000,
Fixal,Flamyd,0.3333,0.1667,0.5000,
Fixal,Sergel,0.3333,0.1667,0.5000,
Flamyd,Leptic,0.3333,0.0000,0.6667,
Flamyd,Odmon,0.3333,0.1667,0.5000,
Flugal,Leptic,0.3333,0.0000,0.6667,
Flugal,Progut,0.3333,0.1667,0.5000,
Flugal,Rhinil,0.3333,0.1667,0.5000,
Flugal,Trilock,0.3333,0.0000,0.6667,
Ketocon,Lucan-R,0.3333,0.0000,0.6667,
Ketocon,Montene,0.3333,0.0000,0.6667,
Ketoral,Lucan-R,0.3333,0.0000,0.6667,
Ketoral,Montair,0.3333,0.0000,0.6667,
Ketotab,M-Kast,0.3333,0.0000,0.6667,
Ketozol,M-Kast,0.3333,0.0000,0.6667,
Ketozol,Maxima,0.3333,0.0000,0.6667,
Ketozol,Trilock,0.3333,0.0000,0.6667,
M-Kast,Nexum,0.3333,0.0000,0.6667,
M-Kast,Nizoder,0.3333,0.0000,0.6667,
M-Kast,Romycin,0.3333,0.0000,0.6667,
Metsina,Nidazyl,0.3333,0.0000,0.6667,
Montair,Nidazyl,0.3333,0.0000,0.6667,
Montene,Nidazyl,0.3333,0.0000,0.6667,
Montene,Nizoder,0.3333,0.0000,0.6667,
Nexum,Progut,0.3333,0.1667,0.5000,
Nidazyl,Trilock,0.3333,0.0000,0.6667,
Progut,Sergel,0.3333,0.1667,0.5000,
Sergel,Trilock,0.3333,0.0000,0.6667,
Sergel,Zithrin,0.3333,0.0000,0.6667,
Fixal,Napa Extend,0.3325,0.0909,0.5741,
Azithrocin,Baclofen,0.3278,0.2000,0.4556,
Azithrocin,Rivotril,0.3278,0.2000,0.4556,
Alatrol,Bacaid,0.3270,0.1429,0.5111,
Alatrol,Beklo,0.3270,0.1429,0.5111,
Alatrol,Lumona,0.3270,0.1429,0.5111,
Atrizin,Azyth,0.3270,0.1429,0.5111,
Atrizin,Bacaid,0.3270,0.1429,0.5111,
Atrizin,Conaz,0.3270,0.1429,0.5111,
Atrizin,Diflu,0.3270,0.1429,0.5111,
Atrizin,Vifas,0.3270,0.1429,0.5111,
Azyth,Omastin,0.3270,0.1429,0.5111,
Bacaid,Denixil,0.3270,0.1429,0.5111,
Beklo,Denixil,0.3270,0.1429,0.5111,
Beklo,Telfast,0.3270,0.1429,0.5111,
Conaz,Omastin,0.3270,0.1429,0.5111,
Conaz,Telfast,0.3270,0.1429,0.5111,
Denixil,Metro,0.3270,0.1429,0.5111,
Denixil,Vifas,0.3270,0.1429,0.5111,
Fexo,Telfast,0.3270,0.1429,0.5111,
Metro,Telfast,0.3270,0.1429,0.5111,
Omastin,Rozith,0.3270,0.1429,0.5111,
Omastin,Vifas,0.3270,0.1429,0.5111,
Renova,Telfast,0.3270,0.1429,0.5111,
Tamen,Telfast,0.3270,0.1429,0.5111,
Aceta,Canazole,0.3264,0.1250,0.5278,
Backtone,Fexo,0.3264,0.1250,0.5278,
Backtone,Metro,0.3264,0.1250,0.5278,
Canazole,Diflu,0.3264,0.1250,0.5278,
Canazole,Lumona,0.3264,0.1250,0.5278,
Canazole,Rozith,0.3264,0.1250,0.5278,
Canazole,Tamen,0.3264,0.1250,0.5278,
Canazole,Vifas,0.3264,0.1250,0.5278,
Axodin,Esoral,0.3250,0.1667,0.4833,
Axodin,Leptic,0.3250,0.1667,0.4833,
Baclon,Maxpro,0.3250,0.1667,0.4833,
Bacmax,Filmet,0.3250,0.1667,0.4833,
Bacmax,Fixal,0.3250,0.1667,0.4833,
Bacmax,Flamyd,0.3250,0.1667,0.4833,
Bacmax,Flugal,0.3250,0.1667,0.4833,
Bacmax,Odmon,0.3250,0.1667,0.4833,
Dancel,Maxpro,0.3250,0.1667,0.4833,
Esonix,Leptic,0.3250,0.1667,0.4833,
Esonix,Odmon,0.3250,0.1667,0.4833,
Esonix,Opton,0.3250,0.1667,0.4833,
Esonix,Progut,0.3250,0.1667,0.4833,
Esoral,Nexcap,0.3250,0.1667,0.4833,
Filmet,Montex,0.3250,0.1667,0.4833,
Flugal,Nexcap,0.3250,0.1667,0.4833,
Leptic,Nexcap,0.3250,0.1667,0.4833,
Maxima,Montex,0.3250,0.1667,0.4833,
Montex,Nexum,0.3250,0.1667,0.4833,
Montex,Odmon,0.3250,0.1667,0.4833,
Amodis,Ketocon,0.3214,0.1429,0.5000,
Amodis,Ketoral,0.3214,0.1429,0.5000,
Amodis,Ketotab,0.3214,0.1429,0.5000,
Baclon,Disopan,0.3214,0.1429,0.5000,
Baclon,Fenadin,0.3214,0.1429,0.5000,
Baclon,Metsina,0.3214,0.1429,0.5000,
Baclon,Montene,0.3214,0.1429,0.5000,
Baclon,Romycin,0.3214,0.1429,0.5000,
Baclon,Zithrin,0.3214,0.1429,0.5000,
Bicozin,Esoral,0.3214,0.1429,0.5000,
Bicozin,Ketoral,0.3214,0.1429,0.5000,
Bicozin,Ketotab,0.3214,0.1429,0.5000,
Bicozin,Progut,0.3214,0.1429,0.5000,
Bicozin,Rhinil,0.3214,0.1429,0.5000,
Dancel,Fenadin,0.3214,0.1429,0.5000,
Dancel,Ketocon,0.3214,0.1429,0.5000,
Dancel,Lucan-R,0.3214,0.1429,0.5000,
Dancel,Montair,0.3214,0.1429,0.5000,
Dancel,Romycin,0.3214,0.1429,0.5000,
Disopan,Fenadin,0.3214,0.1429,0.5000,
Disopan,Maxima,0.3214,0.1429,0.5000,
Disopan,Trilock,0.3214,0.1429,0.5000,
Esoral,Montair,0.3214,0.1429,0.5000,
Etizin,Montair,0.3214,0.1429,0.5000,
Etizin,Nizoder,0.3214,0.1429,0.5000,
Etizin,Trilock,0.3214,0.1429,0.5000,
Exium,Ketocon,0.3214,0.1429,0.5000,
Exium,Ketoral,0.3214,0.1429,0.5000,
Exium,Ketotab,0.3214,0.1429,0.5000,
Fenadin,Flugal,0.3214,0.1429,0.5000,
Fenadin,Ketoral,0.3214,0.1429,0.5000,
Fenadin,Ketotab,0.3214,0.1429,0.5000,
Fenadin,Ketozol,0.3214,0.1429,0.5000,
Fenadin,Lucan-R,0.3214,0.1429,0.5000,
Fenadin,M-Kast,0.3214,0.1429,0.5000,
Fenadin,Nexum,0.3214,0.1429,0.5000,
Fenadin,Rhinil,0.3214,0.1429,0.5000,
Filmet,Montene,0.3214,0.1429,0.5000,
Fixal,Ketotab,0.3214,0.1429,0.5000,
Fixal,Lucan-R,0.3214,0.1429,0.5000,
Fixal,Metsina,0.3214,0.1429,0.5000,
Fixal,Nizoder,0.3214,0.1429,0.5000,
Fixal,Trilock,0.3214,0.1429,0.5000,
Flamyd,Lucan-R,0.3214,0.1429,0.5000,
Flamyd,Romycin,0.3214,0.1429,0.5000,
Flugal,Ketozol,0.3214,0.1429,0.5000,
Flugal,Nidazyl,0.3214,0.1429,0.5000,
Ketocon,Nexum,0.3214,0.1429,0.5000,
Ketocon,Nizoder,0.3214,0.1429,0.5000,
Ketocon,Progut,0.3214,0.1429,0.5000,
Ketoral,Leptic,0.3214,0.1429,0.5000,
Ketoral,Maxima,0.3214,0.1429,0.5000,
Ketoral,Nexum,0.3214,0.1429,0.5000,
Ketoral,Odmon,0.3214,0.1429,0.5000,
Ketoral,Progut,0.3214,0.1429,0.5000,
Ketoral,Provair,0.3214,0.1429,0.5000,
Ketoral,Rhinil,0.3214,0.1429,0.5000,
Ketotab,Maxima,0.3214,0.1429,0.5000,
Ketotab,Montair,0.3214,0.1429,0.5000,
Ketotab,Nexum,0.3214,0.1429,0.5000,
Ketotab,Nizoder,0.3214,0.1429,0.5000,
Ketotab,Odmon,0.3214,0.1429,0.5000,
Ketotab,Progut,0.3214,0.1429,0.5000,
Ketozol,Leptic,0.3214,0.1429,0.5000,
Ketozol,Nizoder,0.3214,0.1429,0.5000,
Ketozol,Odmon,0.3214,0.1429,0.5000,
Ketozol,Rhinil,0.3214,0.1429,0.5000,
Leptic,Lucan-R,0.3214,0.1429,0.5000,
Leptic,Montene,0.3214,0.1429,0.5000,
Leptic,Provair,0.3214,0.1429,0.5000,
Leptic,Trilock,0.3214,0.1429,0.5000,
Lucan-R,M-Kast,0.3214,0.1429,0.5000,
Lucan-R,Nizoder,0.3214,0.1429,0.5000,
Lucan-R,Odmon,0.3214,0.1429,0.5000,
Lucan-R,Opton,0.3214,0.1429,0.5000,
Lucan-R,Provair,0.3214,0.1429,0.5000,
Lucan-R,Rhinil,0.3214,0.1429,0.5000,
M-Kast,Nidazyl,0.3214,0.1429,0.5000,
Maxima,Montair,0.3214,0.1429,0.5000,
Maxima,Montene,0.3214,0.1429,0.5000,
Metsina,Nexum,0.3214,0.1429,0.5000,
Metsina,Rhinil,0.3214,0.1429,0.5000,
Montair,Nexum,0.3214,0.1429,0.5000,
Montair,Odmon,0.3214,0.1429,0.5000,
Montair,Rhinil,0.3214,0.1429,0.5000,
Montair,Zithrin,0.3214,0.1429,0.5000,
Montene,Nexum,0.3214,0.1429,0.5000,
Nidazyl,Odmon,0.3214,0.1429,0.5000,
Nidazyl,Rhinil,0.3214,0.1429,0.5000,
Nidazyl,Sergel,0.3214,0.1429,0.5000,
Nizoder,Odmon,0.3214,0.1429,0.5000,
Nizoder,Opton,0.3214,0.1429,0.5000,
Nizoder,Progut,0.3214,0.1429,0.5000,
Nizoder,Provair,0.3214,0.1429,0.5000,
Nizoder,Sergel,0.3214,0.1429,0.5000,
Odmon,Trilock,0.3214,0.1429,0.5000,
Odmon,Zithrin,0.3214,0.1429,0.5000,
Opton,Provair,0.3214,0.1429,0.5000,
Progut,Romycin,0.3214,0.1429,0.5000,
Provair,Trilock,0.3214,0.1429,0.5000,
Provair,Zithrin,0.3214,0.1429,0.5000,
Rhinil,Zithrin,0.3214,0.1429,0.5000,
Romycin,Trilock,0.3214,0.1429,0.5000,
Canazole,Flexibac,0.3194,0.0000,0.6389,
Aceta,Candinil,0.3181,0.1250,0.5111,
Aceta,Rivotril,0.3181,0.1250,0.5111,
Bacaid,Rivotril,0.3181,0.1250,0.5111,
Bacaid,Tridosil,0.3181,0.1250,0.5111,
Baclofen,Diflu,0.3181,0.1250,0.5111,
Baclofen,Fexo,0.3181,0.1250,0.5111,
Baclofen,Renova,0.3181,0.1250,0.5111,
Candinil,Lumona,0.3181,0.1250,0.5111,
Candinil,Monas,0.3181,0.1250,0.5111,
Candinil,Renova,0.3181,0.1250,0.5111,
Cetisoft,Conaz,0.3181,0.1250,0.5111,
Cetisoft,Diflu,0.3181,0.1250,0.5111,
Cetisoft,Monas,0.3181,0.1250,0.5111,
Cetisoft,Rozith,0.3181,0.1250,0.5111,
Cetisoft,Tamen,0.3181,0.1250,0.5111,
Cetisoft,Vifas,0.3181,0.1250,0.5111,
Conaz,Tridosil,0.3181,0.1250,0.5111,
Diflu,Rivotril,0.3181,0.1250,0.5111,
Diflu,Tridosil,0.3181,0.1250,0.5111,
Fexo,Rivotril,0.3181,0.1250,0.5111,
Fexo,Tridosil,0.3181,0.1250,0.5111,
Monas,Tridosil,0.3181,0.1250,0.5111,
Rivotril,Vifas,0.3181,0.1250,0.5111,
Tamen,Tridosil,0.3181,0.1250,0.5111,
Fenadin,Napa Extend,0.3178,0.1818,0.4537,
Filmet,Napa Extend,0.3178,0.1818,0.4537,
Flamyd,Napa Extend,0.3178,0.1818,0.4537,
Napa Extend,Nizoder,0.3178,0.1818,0.4537,
Alatrol,Filmet,0.3167,0.0000,0.6333,
Alatrol,Lucan-R,0.3167,0.0000,0.6333,
Alatrol,Nizoder,0.3167,0.0000,0.6333,
Amodis,Bacmax,0.3167,0.0000,0.6333,
Amodis,Maxpro,0.3167,0.0000,0.6333,
Atrizin,Dancel,0.3167,0.0000,0.6333,
Atrizin,Ketoral,0.3167,0.0000,0.6333,
Atrizin,Montene,0.3167,0.0000,0.6333,
Atrizin,Nizoder,0.3167,0.0000,0.6333,
Axodin,Fixal,0.3167,0.0000,0.6333,
Axodin,Nexum,0.3167,0.0000,0.6333,
Baclofen,Fixal,0.3167,0.0000,0.6333,
Bacmax,Exium,0.3167,0.0000,0.6333,
Bacmax,Ketocon,0.3167,0.0000,0.6333,
Bacmax,Maxpro,0.3167,0.1667,0.4667,
Bacmax,Nexum,0.3167,0.0000,0.6333,
Bicozin,Maxpro,0.3167,0.0000,0.6333,
Bicozin,Nexcap,0.3167,0.0000,0.6333,
Canazole,Tridosil,0.3167,0.0000,0.6333,
Candinil,Ketotab,0.3167,0.0000,0.6333,
Candinil,M-Kast,0.3167,0.0000,0.6333,
Candinil,Nizoder,0.3167,0.0000,0.6333,
Cetisoft,Dancel,0.3167,0.0000,0.6333,
Cetisoft,Nidazyl,0.3167,0.0000,0.6333,
Dancel,Telfast,0.3167,0.0000,0.6333,
Denixil,M-Kast,0.3167,0.0000,0.6333,
Denixil,Trilock,0.3167,0.0000,0.6333,
Dinafex,Ketocon,0.3167,0.0000,0.6333,
Dinafex,Trilock,0.3167,0.0000,0.6333,
Filmet,Omastin,0.3167,0.0000,0.6333,
Flamyd,Rivotril,0.3167,0.0000,0.6333,
Ketocon,Montex,0.3167,0.0000,0.6333,
M-Kast,Nexcap,0.3167,0.0000,0.6333,
Maxpro,Montex,0.3167,0.1667,0.4667,
Maxpro,Nizoder,0.3167,0.0000,0.6333,
Maxpro,Romycin,0.3167,0.0000,0.6333,
Montex,Nidazyl,0.3167,0.0000,0.6333,
Nidazyl,Telfast,0.3167,0.0000,0.6333,
Nizoder,Omastin,0.3167,0.0000,0.6333,
Cetisoft,Napa Extend,0.3158,0.0909,0.5407,
Napa Extend,Telfast,0.3158,0.0909,0.5407,
Alatrol,Fixal,0.3131,0.1429,0.4833,
Alatrol,Ketocon,0.3131,0.1429,0.4833,
Alatrol,Montene,0.3131,0.1429,0.4833,
Alatrol,Odmon,0.3131,0.1429,0.4833,
Alatrol,Rhinil,0.3131,0.1429,0.4833,
Alatrol,Sergel,0.3131,0.1429,0.4833,
Alatrol,Zithrin,0.3131,0.1429,0.4833,
Amodis,Denixil,0.3131,0.1429,0.4833,
Amodis,Telfast,0.3131,0.1429,0.4833,
Atrizin,Baclon,0.3131,0.1429,0.4833,
Atrizin,Exium,0.3131,0.1429,0.4833,
Atrizin,Fixal,0.3131,0.1429,0.4833,
Atrizin,Leptic,0.3131,0.1429,0.4833,
Atrizin,Maxima,0.3131,0.1429,0.4833,
Atrizin,Progut,0.3131,0.1429,0.4833,
Atrizin,Provair,0.3131,0.1429,0.4833,
Atrizin,Sergel,0.3131,0.1429,0.4833,
Axodin,Ketoral,0.3131,0.1429,0.4833,
Axodin,Montair,0.3131,0.1429,0.4833,
Bacmax,Ketoral,0.3131,0.1429,0.4833,
Bacmax,Ketotab,0.3131,0.1429,0.4833,
Bacmax,Lucan-R,0.3131,0.1429,0.4833,
Dancel,Omastin,0.3131,0.1429,0.4833,
Denixil,Disopan,0.3131,0.1429,0.4833,
Denixil,Ketotab,0.3131,0.1429,0.4833,
Denixil,Montene,0.3131,0.1429,0.4833,
Denixil,Romycin,0.3131,0.1429,0.4833,
Dinafex,Lucan-R,0.3131,0.1429,0.4833,
Dinafex,Montair,0.3131,0.1429,0.4833,
Dinafex,Montene,0.3131,0.1429,0.4833,
Dinafex,Nexum,0.3131,0.1429,0.4833,
Dinafex,Rhinil,0.3131,0.1429,0.4833,
Disopan,Nexcap,0.3131,0.1429,0.4833,
Esonix,Lucan-R,0.3131,0.1429,0.4833,
Esonix,Montene,0.3131,0.1429,0.4833,
Esonix,Nizoder,0.3131,0.1429,0.4833,
Exium,Telfast,0.3131,0.1429,0.4833,
Fenadin,Nexcap,0.3131,0.1429,0.4833,
Fixal,Telfast,0.3131,0.1429,0.4833,
Flugal,Telfast,0.3131,0.1429,0.4833,
Ketocon,Maxpro,0.3131,0.1429,0.4833,
Ketocon,Omastin,0.3131,0.1429,0.4833,
Ketocon,Telfast,0.3131,0.1429,0.4833,
Ketoral,Maxpro,0.3131,0.1429,0.4833,
Ketoral,Telfast,0.3131,0.1429,0.4833,
Ketotab,Montex,0.3131,0.1429,0.4833,
Ketotab,Omastin,0.3131,0.1429,0.4833,
Ketotab,Telfast,0.3131,0.1429,0.4833,
Leptic,Telfast,0.3131,0.1429,0.4833,
Lucan-R,Nexcap,0.3131,0.1429,0.4833,
Maxpro,Montene,0.3131,0.1429,0.4833,
Metsina,Nexcap,0.3131,0.1429,0.4833,
Montair,Nexcap,0.3131,0.1429,0.4833,
Montex,Romycin,0.3131,0.1429,0.4833,
Nexcap,Romycin,0.3131,0.1429,0.4833,
Nexum,Telfast,0.3131,0.1429,0.4833,
Progut,Telfast,0.3131,0.1429,0.4833,
Provair,Telfast,0.3131,0.1429,0.4833,
Aceta,Fexofast,0.3125,0.1250,0.5000,
Amodis,Backtone,0.3125,0.1250,0.5000,
Amodis,Canazole,0.3125,0.1250,0.5000,
Bacaid,Fexofast,0.3125,0.1250,0.5000,
Bacaid,Flexibac,0.3125,0.1250,0.5000,
Backtone,Disopan,0.3125,0.1250,0.5000,
Backtone,Leptic,0.3125,0.1250,0.5000,
Backtone,Maxima,0.3125,0.1250,0.5000,
Backtone,Montair,0.3125,0.1250,0.5000,
Backtone,Nizoder,0.3125,0.1250,0.5000,
Backtone,Romycin,0.3125,0.1250,0.5000,
Backtone,Zithrin,0.3125,0.1250,0.5000,
Beklo,Fexofast,0.3125,0.1250,0.5000,
Beklo,Flexibac,0.3125,0.1250,0.5000,
Canazole,Etizin,0.3125,0.1250,0.5000,
Canazole,Flugal,0.3125,0.1250,0.5000,
Canazole,Ketocon,0.3125,0.1250,0.5000,
Canazole,Montair,0.3125,0.1250,0.5000,
Canazole,Sergel,0.3125,0.1250,0.5000,
Canazole,Trilock,0.3125,0.1250,0.5000,
Diflu,Fexofast,0.3125,0.1250,0.5000,
Fexofast,Rozith,0.3125,0.1250,0.5000,
Flexibac,Monas,0.3125,0.1250,0.5000,
Flexibac,Rozith,0.3125,0.1250,0.5000,
Bacaid,Flexilax,0.3085,0.1250,0.4921,
Flexilax,Monas,0.3085,0.1250,0.4921,
Flexilax,Rozith,0.3085,0.1250,0.4921,
Canazole,Flexilax,0.3075,0.0000,0.6151,
Ace,Rozith,0.3056,0.0000,0.6111,
Bicozin,Flexibac,0.3056,0.0000,0.6111,
Canazole,Fexofast,0.3056,0.0000,0.6111,
Flexibac,M-Kast,0.3056,0.0000,0.6111,
Alatrol,Denixil,0.3048,0.1429,0.4667,
Alatrol,Montex,0.3048,0.1429,0.4667,
Alatrol,Omastin,0.3048,0.1429,0.4667,
Atrizin,Esonix,0.3048,0.1429,0.4667,
Bacmax,Omastin,0.3048,0.1429,0.4667,
Bacmax,Telfast,0.3048,0.1429,0.4667,
Denixil,Omastin,0.3048,0.1429,0.4667,
Esonix,Omastin,0.3048,0.1429,0.4667,
Esonix,Telfast,0.3048,0.1429,0.4667,
Azithrocin,Napa Extend,0.3047,0.0909,0.5185,
Atrizin,Canazole,0.3042,0.1250,0.4833,
Backtone,Cetisoft,0.3042,0.1250,0.4833,
Backtone,Esonix,0.3042,0.1250,0.4833,
Backtone,Montex,0.3042,0.1250,0.4833,
Backtone,Rivotril,0.3042,0.1250,0.4833,
Baclofen,Esoral,0.3042,0.1250,0.4833,
Baclofen,Etizin,0.3042,0.1250,0.4833,
Baclofen,Fenadin,0.3042,0.1250,0.4833,
Baclofen,Flamyd,0.3042,0.1250,0.4833,
Baclofen,Ketotab,0.3042,0.1250,0.4833,
Baclofen,Lucan-R,0.3042,0.1250,0.4833,
Baclofen,Maxima,0.3042,0.1250,0.4833,
Baclofen,Montene,0.3042,0.1250,0.4833,
Baclofen,Progut,0.3042,0.1250,0.4833,
Baclofen,Romycin,0.3042,0.1250,0.4833,
Baclofen,Sergel,0.3042,0.1250,0.4833,
Baclofen,Zithrin,0.3042,0.1250,0.4833,
Bacmax,Canazole,0.3042,0.1250,0.4833,
Bicozin,Cetisoft,0.3042,0.1250,0.4833,
Canazole,Montex,0.3042,0.1250,0.4833,
Canazole,Omastin,0.3042,0.1250,0.4833,
Candinil,Esoral,0.3042,0.1250,0.4833,
Candinil,Exium,0.3042,0.1250,0.4833,
Candinil,Flugal,0.3042,0.1250,0.4833,
Candinil,Leptic,0.3042,0.1250,0.4833,
Candinil,Romycin,0.3042,0.1250,0.4833,
Candinil,Sergel,0.3042,0.1250,0.4833,
Candinil,Zithrin,0.3042,0.1250,0.4833,
Cetisoft,Fenadin,0.3042,0.1250,0.4833,
Cetisoft,Fixal,0.3042,0.1250,0.4833,
Cetisoft,Maxima,0.3042,0.1250,0.4833,
Cetisoft,Nexum,0.3042,0.1250,0.4833,
Cetisoft,Odmon,0.3042,0.1250,0.4833,
Cetisoft,Progut,0.3042,0.1250,0.4833,
Cetisoft,Sergel,0.3042,0.1250,0.4833,
Cetisoft,Zithrin,0.3042,0.1250,0.4833,
Dancel,Rivotril,0.3042,0.1250,0.4833,
Etizin,Rivotril,0.3042,0.1250,0.4833,
Exium,Tridosil,0.3042,0.1250,0.4833,
Fenadin,Tridosil,0.3042,0.1250,0.4833,
Filmet,Tridosil,0.3042,0.1250,0.4833,
Flugal,Tridosil,0.3042,0.1250,0.4833,
Ketocon,Rivotril,0.3042,0.1250,0.4833,
Ketocon,Tridosil,0.3042,0.1250,0.4833,
Leptic,Tridosil,0.3042,0.1250,0.4833,
Metsina,Rivotril,0.3042,0.1250,0.4833,
Montair,Tridosil,0.3042,0.1250,0.4833,
Montene,Rivotril,0.3042,0.1250,0.4833,
Odmon,Rivotril,0.3042,0.1250,0.4833,
Odmon,Tridosil,0.3042,0.1250,0.4833,
Opton,Rivotril,0.3042,0.1250,0.4833,
Opton,Tridosil,0.3042,0.1250,0.4833,
Atrizin,Dinafex,0.3000,0.0000,0.6000,
Atrizin,Montex,0.3000,0.0000,0.6000,
Atrizin,Telfast,0.3000,0.0000,0.6000,
Axodin,Cetisoft,0.3000,0.0000,0.6000,
Axodin,Nexcap,0.3000,0.0000,0.6000,
Axodin,Telfast,0.3000,0.0000,0.6000,
Azithrocin,Conaz,0.3000,0.1000,0.5000,
Azithrocin,Fexo,0.3000,0.1000,0.5000,
Azithrocin,Monas,0.3000,0.1000,0.5000,
Azithrocin,Vifas,0.3000,0.1000,0.5000,
Bacmax,Denixil,0.3000,0.0000,0.6000,
Denixil,Maxpro,0.3000,0.0000,0.6000,
Dinafex,Nexcap,0.3000,0.0000,0.6000,
Esonix,Nexcap,0.3000,0.0000,0.6000,
Montex,Nexcap,0.3000,0.0000,0.6000,
Montex,Tridosil,0.3000,0.0000,0.6000,
Amodis,Flexibac,0.2986,0.1250,0.4722,
Disopan,Flexibac,0.2986,0.1250,0.4722,
Etizin,Fexofast,0.2986,0.1250,0.4722,
Fexofast,Leptic,0.2986,0.1250,0.4722,
Fexofast,Metsina,0.2986,0.1250,0.4722,
Fexofast,Nizoder,0.2986,0.1250,0.4722,
Fexofast,Sergel,0.2986,0.1250,0.4722,
Flexibac,Ketocon,0.2986,0.1250,0.4722,
Flexibac,Rhinil,0.2986,0.1250,0.4722,
Flexibac,Sergel,0.2986,0.1250,0.4722,
Bicozin,Flexilax,0.2976,0.0000,0.5952,
Flexilax,M-Kast,0.2976,0.0000,0.5952,
Alatrol,Baclofen,0.2958,0.1250,0.4667,
Alatrol,Cetisoft,0.2958,0.1250,0.4667,
Baclofen,Cetisoft,0.2958,0.1250,0.4667,
Baclofen,Flugal,0.2958,0.1250,0.4667,
Baclofen,Maxpro,0.2958,0.1250,0.4667,
Baclofen,Omastin,0.2958,0.1250,0.4667,
Bacmax,Candinil,0.2958,0.1250,0.4667,
Candinil,Cetisoft,0.2958,0.1250,0.4667,
Candinil,Dinafex,0.2958,0.1250,0.4667,
Candinil,Maxpro,0.2958,0.1250,0.4667,
Candinil,Nexum,0.2958,0.1250,0.4667,
Cetisoft,Maxpro,0.2958,0.1250,0.4667,
Cetisoft,Nexcap,0.2958,0.1250,0.4667,
Dinafex,Rivotril,0.2958,0.1250,0.4667,
M-Kast,Tridosil,0.2958,0.1250,0.4667,
Maxpro,Rivotril,0.2958,0.1250,0.4667,
Montex,Rivotril,0.2958,0.1250,0.4667,
Amodis,Flexilax,0.2946,0.1250,0.4643,
Disopan,Flexilax,0.2946,0.1250,0.4643,
Flexilax,Ketocon,0.2946,0.1250,0.4643,
Flexilax,Sergel,0.2946,0.1250,0.4643,
Baclon,Napa Extend,0.2946,0.1818,0.4074,
Metsina,Napa Extend,0.2946,0.1818,0.4074,
Ace,Disopan,0.2917,0.0000,0.5833,
Ace,Esoral,0.2917,0.0000,0.5833,
Ace,Etizin,0.2917,0.0000,0.5833,
Ace,Exium,0.2917,0.0000,0.5833,
Ace,Fixal,0.2917,0.0000,0.5833,
Ace,Ketozol,0.2917,0.0000,0.5833,
Ace,Metsina,0.2917,0.0000,0.5833,
Ace,Nexum,0.2917,0.0000,0.5833,
Ace,Zithrin,0.2917,0.0000,0.5833,
Napa,Opton,0.2917,0.0000,0.5833,
Napa,Progut,0.2917,0.0000,0.5833,
Ritch,Sergel,0.2917,0.0000,0.5833,
Alatrol,Flexibac,0.2903,0.1250,0.4556,
Atrizin,Flexibac,0.2903,0.1250,0.4556,
Candinil,Flexibac,0.2903,0.1250,0.4556,
Cetisoft,Flexibac,0.2903,0.1250,0.4556,
Fexofast,Rivotril,0.2903,0.1250,0.4556,
Flexibac,Montex,0.2889,0.0000,0.5778,
Atrizin,Flexilax,0.2863,0.1250,0.4476,
Cetisoft,Flexilax,0.2863,0.1250,0.4476,
Beklo,Napa Extend,0.2862,0.0909,0.4815,
Lumona,Napa Extend,0.2862,0.0909,0.4815,
Napa Extend,Renova,0.2862,0.0909,0.4815,
Napa Extend,Vifas,0.2862,0.0909,0.4815,
Azithrocin,Canazole,0.2861,0.1000,0.4722,
Azithrocin,Dancel,0.2861,0.1000,0.4722,
Azithrocin,Exium,0.2861,0.1000,0.4722,
Azithrocin,Fixal,0.2861,0.1000,0.4722,
Azithrocin,Maxima,0.2861,0.1000,0.4722,
Azithrocin,Montene,0.2861,0.1000,0.4722,
Azithrocin,Nidazyl,0.2861,0.1000,0.4722,
Ace,Esonix,0.2833,0.0000,0.5667,
Flexilax,Rivotril,0.2810,0.0000,0.5619,
Flexilax,Tridosil,0.2810,0.0000,0.5619,
Candinil,Nexcap,0.2792,0.1250,0.4333,
Omastin,Tridosil,0.2792,0.1250,0.4333,
Azithrocin,Candinil,0.2778,0.1000,0.4556,
Azithrocin,Denixil,0.2778,0.1000,0.4556,
Azithrocin,Dinafex,0.2778,0.1000,0.4556,
Azithrocin,Montex,0.2778,0.1000,0.4556,
Azithrocin,Nexcap,0.2778,0.1000,0.4556,
Azithrocin,Telfast,0.2778,0.1000,0.4556,
Aceta,Etizin,0.2778,0.0000,0.5556,
Aceta,Nidazyl,0.2778,0.0000,0.5556,
Azithrocin,Fexofast,0.2778,0.0000,0.5556,
Bacaid,Fexo,0.2778,0.0000,0.5556,
Beklo,Flugal,0.2778,0.0000,0.5556,
Conaz,Fexo,0.2778,0.0000,0.5556,
Diflu,Tamen,0.2778,0.0000,0.5556,
Fexo,Monas,0.2778,0.0000,0.5556,
Rozith,Sergel,0.2778,0.0000,0.5556,
Baclon,Flexilax,0.2768,0.1250,0.4286,
Dancel,Flexilax,0.2768,0.1250,0.4286,
Amodis,Napa Extend,0.2723,0.0909,0.4537,
Esoral,Napa Extend,0.2723,0.0909,0.4537,
Ketozol,Napa Extend,0.2723,0.0909,0.4537,
Montair,Napa Extend,0.2723,0.0909,0.4537,
Napa Extend,Odmon,0.2723,0.0909,0.4537,
Napa Extend,Provair,0.2723,0.0909,0.4537,
Napa Extend,Zithrin,0.2723,0.0909,0.4537,
Azithrocin,Flexibac,0.2722,0.1000,0.4444,
Azithrocin,Flexilax,0.2698,0.0000,0.5397,
Esonix,Flexibac,0.2681,0.1250,0.4111,
Candinil,Napa Extend,0.2640,0.0909,0.4370,
Aceta,Exium,0.2639,0.0000,0.5278,
Aceta,Fixal,0.2639,0.0000,0.5278,
Aceta,Flamyd,0.2639,0.0000,0.5278,
Aceta,Nexum,0.2639,0.0000,0.5278,
Aceta,Odmon,0.2639,0.0000,0.5278,
Aceta,Opton,0.2639,0.0000,0.5278,
Aceta,Progut,0.2639,0.0000,0.5278,
Aceta,Romycin,0.2639,0.0000,0.5278,
Aceta,Sergel,0.2639,0.0000,0.5278,
Aceta,Zithrin,0.2639,0.0000,0.5278,
Amodis,Fexo,0.2639,0.0000,0.5278,
Azyth,Bicozin,0.2639,0.0000,0.5278,
Azyth,Disopan,0.2639,0.0000,0.5278,
Azyth,Esoral,0.2639,0.0000,0.5278,
Azyth,Etizin,0.2639,0.0000,0.5278,
Azyth,Exium,0.2639,0.0000,0.5278,
Azyth,Fixal,0.2639,0.0000,0.5278,
Azyth,Ketozol,0.2639,0.0000,0.5278,
Azyth,M-Kast,0.2639,0.0000,0.5278,
Azyth,Metsina,0.2639,0.0000,0.5278,
Azyth,Nexum,0.2639,0.0000,0.5278,
Azyth,Sergel,0.2639,0.0000,0.5278,
Bacaid,Exium,0.2639,0.0000,0.5278,
Bacaid,Filmet,0.2639,0.0000,0.5278,
Bacaid,Flugal,0.2639,0.0000,0.5278,
Bacaid,Montene,0.2639,0.0000,0.5278,
Bacaid,Nexum,0.2639,0.0000,0.5278,
Bacaid,Nizoder,0.2639,0.0000,0.5278,
Bacaid,Odmon,0.2639,0.0000,0.5278,
Bacaid,Opton,0.2639,0.0000,0.5278,
Beklo,Dancel,0.2639,0.0000,0.5278,
Beklo,Esoral,0.2639,0.0000,0.5278,
Beklo,Exium,0.2639,0.0000,0.5278,
Beklo,Filmet,0.2639,0.0000,0.5278,
Beklo,Flamyd,0.2639,0.0000,0.5278,
Beklo,Lucan-R,0.2639,0.0000,0.5278,
Beklo,Maxima,0.2639,0.0000,0.5278,
Beklo,Nidazyl,0.2639,0.0000,0.5278,
Beklo,Progut,0.2639,0.0000,0.5278,
Beklo,Rhinil,0.2639,0.0000,0.5278,
Conaz,Etizin,0.2639,0.0000,0.5278,
Dancel,Fexo,0.2639,0.0000,0.5278,
Dancel,Lumona,0.2639,0.0000,0.5278,
Dancel,Metro,0.2639,0.0000,0.5278,
Dancel,Rozith,0.2639,0.0000,0.5278,
Dancel,Vifas,0.2639,0.0000,0.5278,
Diflu,Esoral,0.2639,0.0000,0.5278,
Diflu,Fenadin,0.2639,0.0000,0.5278,
Diflu,Ketocon,0.2639,0.0000,0.5278,
Diflu,Ketotab,0.2639,0.0000,0.5278,
Diflu,Metsina,0.2639,0.0000,0.5278,
Diflu,Odmon,0.2639,0.0000,0.5278,
Diflu,Provair,0.2639,0.0000,0.5278,
Diflu,Sergel,0.2639,0.0000,0.5278,
Disopan,Metro,0.2639,0.0000,0.5278,
Disopan,Rozith,0.2639,0.0000,0.5278,
Esoral,Rozith,0.2639,0.0000,0.5278,
Etizin,Fexo,0.2639,0.0000,0.5278,
Etizin,Lumona,0.2639,0.0000,0.5278,
Etizin,Monas,0.2639,0.0000,0.5278,
Exium,Monas,0.2639,0.0000,0.5278,
Exium,Vifas,0.2639,0.0000,0.5278,
Fenadin,Lumona,0.2639,0.0000,0.5278,
Fexo,Lucan-R,0.2639,0.0000,0.5278,
Fexo,Nidazyl,0.2639,0.0000,0.5278,
Fexo,Progut,0.2639,0.0000,0.5278,
Fexo,Romycin,0.2639,0.0000,0.5278,
Fixal,Rozith,0.2639,0.0000,0.5278,
Flamyd,Vifas,0.2639,0.0000,0.5278,
Ketozol,Vifas,0.2639,0.0000,0.5278,
Lucan-R,Metro,0.2639,0.0000,0.5278,
Lucan-R,Renova,0.2639,0.0000,0.5278,
Lumona,M-Kast,0.2639,0.0000,0.5278,
Lumona,Rhinil,0.2639,0.0000,0.5278,
Lumona,Zithrin,0.2639,0.0000,0.5278,
M-Kast,Rozith,0.2639,0.0000,0.5278,
M-Kast,Tamen,0.2639,0.0000,0.5278,
Metro,Nidazyl,0.2639,0.0000,0.5278,
Metro,Odmon,0.2639,0.0000,0.5278,
Metro,Progut,0.2639,0.0000,0.5278,
Metro,Provair,0.2639,0.0000,0.5278,
Nexum,Rozith,0.2639,0.0000,0.5278,
Nexum,Vifas,0.2639,0.0000,0.5278,
Nidazyl,Renova,0.2639,0.0000,0.5278,
Nidazyl,Rozith,0.2639,0.0000,0.5278,
Progut,Renova,0.2639,0.0000,0.5278,
Rhinil,Tamen,0.2639,0.0000,0.5278,
Romycin,Vifas,0.2639,0.0000,0.5278,
Aceta,Esonix,0.2556,0.0000,0.5111,
Aceta,Tridosil,0.2556,0.0000,0.5111,
Alatrol,Diflu,0.2556,0.0000,0.5111,
Atrizin,Fexo,0.2556,0.0000,0.5111,
Atrizin,Monas,0.2556,0.0000,0.5111,
Axodin,Beklo,0.2556,0.0000,0.5111,
Axodin,Vifas,0.2556,0.0000,0.5111,
Azyth,Cetisoft,0.2556,0.0000,0.5111,
Azyth,Esonix,0.2556,0.0000,0.5111,
Azyth,Nexcap,0.2556,0.0000,0.5111,
Bacaid,Cetisoft,0.2556,0.0000,0.5111,
Bacaid,Montex,0.2556,0.0000,0.5111,
Bacmax,Fexo,0.2556,0.0000,0.5111,
Bacmax,Lumona,0.2556,0.0000,0.5111,
Beklo,Candinil,0.2556,0.0000,0.5111,
Candinil,Fexo,0.2556,0.0000,0.5111,
Candinil,Metro,0.2556,0.0000,0.5111,
Denixil,Lumona,0.2556,0.0000,0.5111,
Dinafex,Lumona,0.2556,0.0000,0.5111,
Dinafex,Metro,0.2556,0.0000,0.5111,
Esonix,Tamen,0.2556,0.0000,0.5111,
Esonix,Vifas,0.2556,0.0000,0.5111,
Fexo,Omastin,0.2556,0.0000,0.5111,
Lumona,Maxpro,0.2556,0.0000,0.5111,
Lumona,Omastin,0.2556,0.0000,0.5111,
Lumona,Telfast,0.2556,0.0000,0.5111,
Maxpro,Rozith,0.2556,0.0000,0.5111,
Maxpro,Vifas,0.2556,0.0000,0.5111,
Nexcap,Rozith,0.2556,0.0000,0.5111,
Amodis,Dancel,0.2500,0.0000,0.5000,
Amodis,Exium,0.2500,0.0000,0.5000,
Amodis,Fixal,0.2500,0.0000,0.5000,
Amodis,Nexum,0.2500,0.0000,0.5000,
Amodis,Opton,0.2500,0.0000,0.5000,
Azyth,Fexofast,0.2500,0.0000,0.5000,
Azyth,Flexibac,0.2500,0.0000,0.5000,
Backtone,Exium,0.2500,0.0000,0.5000,
Backtone,Filmet,0.2500,0.0000,0.5000,
Backtone,Fixal,0.2500,0.0000,0.5000,
Backtone,Flamyd,0.2500,0.0000,0.5000,
Backtone,Flugal,0.2500,0.0000,0.5000,
Backtone,Nexum,0.2500,0.0000,0.5000,
Backtone,Nidazyl,0.2500,0.0000,0.5000,
Backtone,Rhinil,0.2500,0.0000,0.5000,
Baclon,Esoral,0.2500,0.0000,0.5000,
Baclon,Exium,0.2500,0.0000,0.5000,
Baclon,Filmet,0.2500,0.0000,0.5000,
Baclon,Flamyd,0.2500,0.0000,0.5000,
Baclon,Flugal,0.2500,0.0000,0.5000,
Baclon,Ketotab,0.2500,0.0000,0.5000,
Baclon,M-Kast,0.2500,0.0000,0.5000,
Baclon,Nexum,0.2500,0.0000,0.5000,
Baclon,Nidazyl,0.2500,0.0000,0.5000,
Baclon,Progut,0.2500,0.0000,0.5000,
Baclon,Rhinil,0.2500,0.0000,0.5000,
Baclon,Sergel,0.2500,0.0000,0.5000,
Bicozin,Dancel,0.2500,0.0000,0.5000,
Bicozin,Flugal,0.2500,0.0000,0.5000,
Bicozin,Montene,0.2500,0.0000,0.5000,
Canazole,Disopan,0.2500,0.0000,0.5000,
Canazole,Ketotab,0.2500,0.0000,0.5000,
Canazole,Metsina,0.2500,0.0000,0.5000,
Canazole,Romycin,0.2500,0.0000,0.5000,
Dancel,Exium,0.2500,0.0000,0.5000,
Dancel,Ketotab,0.2500,0.0000,0.5000,
Dancel,M-Kast,0.2500,0.0000,0.5000,
Dancel,Odmon,0.2500,0.0000,0.5000,
Disopan,Exium,0.2500,0.0000,0.5000,
Disopan,Leptic,0.2500,0.0000,0.5000,
Disopan,Lucan-R,0.2500,0.0000,0.5000,
Disopan,M-Kast,0.2500,0.0000,0.5000,
Disopan,Montene,0.2500,0.0000,0.5000,
Disopan,Nexum,0.2500,0.0000,0.5000,
Disopan,Rhinil,0.2500,0.0000,0.5000,
Disopan,Sergel,0.2500,0.0000,0.5000,
Esoral,Lucan-R,0.2500,0.0000,0.5000,
Esoral,M-Kast,0.2500,0.0000,0.5000,
Esoral,Maxima,0.2500,0.0000,0.5000,
Esoral,Nexum,0.2500,0.0000,0.5000,
Esoral,Romycin,0.2500,0.0000,0.5000,
Etizin,Lucan-R,0.2500,0.0000,0.5000,
Etizin,M-Kast,0.2500,0.0000,0.5000,
Etizin,Maxima,0.2500,0.0000,0.5000,
Etizin,Nexum,0.2500,0.0000,0.5000,
Exium,Flamyd,0.2500,0.0000,0.5000,
Exium,Flugal,0.2500,0.0000,0.5000,
Exium,Lucan-R,0.2500,0.0000,0.5000,
Exium,Nidazyl,0.2500,0.0000,0.5000,
Exium,Nizoder,0.2500,0.0000,0.5000,
Exium,Odmon,0.2500,0.0000,0.5000,
Exium,Romycin,0.2500,0.0000,0.5000,
Fenadin,Progut,0.2500,0.0000,0.5000,
Filmet,Ketotab,0.2500,0.0000,0.5000,
Filmet,Lucan-R,0.2500,0.0000,0.5000,
Filmet,Maxima,0.2500,0.0000,0.5000,
Filmet,Montair,0.2500,0.0000,0.5000,
Filmet,Nexum,0.2500,0.0000,0.5000,
Filmet,Opton,0.2500,0.0000,0.5000,
Filmet,Romycin,0.2500,0.0000,0.5000,
Fixal,Ketocon,0.2500,0.0000,0.5000,
Fixal,Progut,0.2500,0.0000,0.5000,
Fixal,Romycin,0.2500,0.0000,0.5000,
Flamyd,Ketotab,0.2500,0.0000,0.5000,
Flamyd,M-Kast,0.2500,0.0000,0.5000,
Flamyd,Maxima,0.2500,0.0000,0.5000,
Flamyd,Montair,0.2500,0.0000,0.5000,
Flamyd,Montene,0.2500,0.0000,0.5000,
Flamyd,Nexum,0.2500,0.0000,0.5000,
Flamyd,Nizoder,0.2500,0.0000,0.5000,
Flamyd,Opton,0.2500,0.0000,0.5000,
Flamyd,Progut,0.2500,0.0000,0.5000,
Flamyd,Trilock,0.2500,0.0000,0.5000,
Flugal,Ketocon,0.2500,0.0000,0.5000,
Flugal,M-Kast,0.2500,0.0000,0.5000,
Flugal,Maxima,0.2500,0.0000,0.5000,
Flugal,Nexum,0.2500,0.0000,0.5000,
Ketocon,M-Kast,0.2500,0.0000,0.5000,
Ketocon,Maxima,0.2500,0.0000,0.5000,
Ketocon,Montair,0.2500,0.0000,0.5000,
Ketocon,Nidazyl,0.2500,0.0000,0.5000,
Ketocon,Rhinil,0.2500,0.0000,0.5000,
Ketoral,M-Kast,0.2500,0.0000,0.5000,
Ketoral,Montene,0.2500,0.0000,0.5000,
Ketotab,Lucan-R,0.2500,0.0000,0.5000,
Ketotab,Montene,0.2500,0.0000,0.5000,
Ketotab,Nidazyl,0.2500,0.0000,0.5000,
Ketotab,Trilock,0.2500,0.0000,0.5000,
Ketozol,Lucan-R,0.2500,0.0000,0.5000,
Ketozol,Montair,0.2500,0.0000,0.5000,
Ketozol,Montene,0.2500,0.0000,0.5000,
Ketozol,Romycin,0.2500,0.0000,0.5000,
Leptic,M-Kast,0.2500,0.0000,0.5000,
Leptic,Nidazyl,0.2500,0.0000,0.5000,
Leptic,Nizoder,0.2500,0.0000,0.5000,
Leptic,Odmon,0.2500,0.0000,0.5000,
Lucan-R,Maxima,0.2500,0.0000,0.5000,
Lucan-R,Metsina,0.2500,0.0000,0.5000,
Lucan-R,Montene,0.2500,0.0000,0.5000,
Lucan-R,Nexum,0.2500,0.0000,0.5000,
Lucan-R,Progut,0.2500,0.0000,0.5000,
Lucan-R,Romycin,0.2500,0.0000,0.5000,
Lucan-R,Zithrin,0.2500,0.0000,0.5000,
Lumona,Monas,0.2500,0.5000,0.0000,
M-Kast,Opton,0.2500,0.0000,0.5000,
Maxima,Nidazyl,0.2500,0.0000,0.5000,
Maxima,Nizoder,0.2500,0.0000,0.5000,
Maxima,Odmon,0.2500,0.0000,0.5000,
Maxima,Progut,0.2500,0.0000,0.5000,
Metsina,Nizoder,0.2500,0.0000,0.5000,
Metsina,Trilock,0.2500,0.0000,0.5000,
Montair,Progut,0.2500,0.0000,0.5000,
Montene,Progut,0.2500,0.0000,0.5000,
Montene,Rhinil,0.2500,0.0000,0.5000,
Montene,Zithrin,0.2500,0.0000,0.5000,
Nexum,Odmon,0.2500,0.0000,0.5000,
Nexum,Romycin,0.2500,0.0000,0.5000,
Nidazyl,Opton,0.2500,0.0000,0.5000,
Nidazyl,Romycin,0.2500,0.0000,0.5000,
Nizoder,Romycin,0.2500,0.0000,0.5000,
Odmon,Rhinil,0.2500,0.0000,0.5000,
Opton,Rhinil,0.2500,0.0000,0.5000,
Progut,Rhinil,0.2500,0.0000,0.5000,
Progut,Zithrin,0.2500,0.0000,0.5000,
Provair,Sergel,0.2500,0.0000,0.5000,
Romycin,Sergel,0.2500,0.0000,0.5000,
Trilock,Zithrin,0.2500,0.0000,0.5000,
Disopan,Napa Extend,0.2492,0.0909,0.4074,
Ketocon,Napa Extend,0.2492,0.0909,0.4074,
Lucan-R,Napa Extend,0.2492,0.0909,0.4074,
Napa Extend,Romycin,0.2492,0.0909,0.4074,
Azyth,Flexilax,0.2460,0.0000,0.4921,
Alatrol,Etizin,0.2417,0.0000,0.4833,
Alatrol,Fenadin,0.2417,0.0000,0.4833,
Alatrol,Ketotab,0.2417,0.0000,0.4833,
Alatrol,M-Kast,0.2417,0.0000,0.4833,
Alatrol,Metsina,0.2417,0.0000,0.4833,
Alatrol,Progut,0.2417,0.0000,0.4833,
Alatrol,Provair,0.2417,0.0000,0.4833,
Alatrol,Trilock,0.2417,0.0000,0.4833,
Amodis,Dinafex,0.2417,0.0000,0.4833,
Amodis,Nexcap,0.2417,0.0000,0.4833,
Atrizin,Esoral,0.2417,0.0000,0.4833,
Atrizin,Ketotab,0.2417,0.0000,0.4833,
Atrizin,Lucan-R,0.2417,0.0000,0.4833,
Atrizin,M-Kast,0.2417,0.0000,0.4833,
Atrizin,Nexum,0.2417,0.0000,0.4833,
Axodin,Dancel,0.2417,0.0000,0.4833,
Axodin,Filmet,0.2417,0.0000,0.4833,
Axodin,Flamyd,0.2417,0.0000,0.4833,
Axodin,Flugal,0.2417,0.0000,0.4833,
Axodin,Lucan-R,0.2417,0.0000,0.4833,
Axodin,Nidazyl,0.2417,0.0000,0.4833,
Backtone,Denixil,0.2417,0.0000,0.4833,
Backtone,Nexcap,0.2417,0.0000,0.4833,
Backtone,Tridosil,0.2417,0.0000,0.4833,
Baclofen,Exium,0.2417,0.0000,0.4833,
Baclofen,M-Kast,0.2417,0.0000,0.4833,
Baclofen,Metsina,0.2417,0.0000,0.4833,
Baclofen,Nexum,0.2417,0.0000,0.4833,
Baclofen,Nidazyl,0.2417,0.0000,0.4833,
Baclofen,Provair,0.2417,0.0000,0.4833,
Baclofen,Rhinil,0.2417,0.0000,0.4833,
Baclon,Denixil,0.2417,0.0000,0.4833,
Baclon,Esonix,0.2417,0.0000,0.4833,
Baclon,Nexcap,0.2417,0.0000,0.4833,
Baclon,Telfast,0.2417,0.0000,0.4833,
Bacmax,Ketozol,0.2417,0.0000,0.4833,
Bacmax,Leptic,0.2417,0.0000,0.4833,
Bacmax,M-Kast,0.2417,0.0000,0.4833,
Bacmax,Progut,0.2417,0.0000,0.4833,
Bacmax,Romycin,0.2417,0.0000,0.4833,
Bacmax,Trilock,0.2417,0.0000,0.4833,
Bicozin,Telfast,0.2417,0.0000,0.4833,
Canazole,Rivotril,0.2417,0.0000,0.4833,
Canazole,Telfast,0.2417,0.0000,0.4833,
Candinil,Disopan,0.2417,0.0000,0.4833,
Candinil,Filmet,0.2417,0.0000,0.4833,
Candinil,Flamyd,0.2417,0.0000,0.4833,
Candinil,Progut,0.2417,0.0000,0.4833,
Cetisoft,Flamyd,0.2417,0.0000,0.4833,
Cetisoft,Montair,0.2417,0.0000,0.4833,
Cetisoft,Montene,0.2417,0.0000,0.4833,
Cetisoft,Provair,0.2417,0.0000,0.4833,
Cetisoft,Romycin,0.2417,0.0000,0.4833,
Denixil,Nizoder,0.2417,0.0000,0.4833,
Denixil,Odmon,0.2417,0.0000,0.4833,
Denixil,Progut,0.2417,0.0000,0.4833,
Dinafex,Etizin,0.2417,0.0000,0.4833,
Dinafex,Flugal,0.2417,0.0000,0.4833,
Dinafex,Ketoral,0.2417,0.0000,0.4833,
Dinafex,Ketotab,0.2417,0.0000,0.4833,
Dinafex,Ketozol,0.2417,0.0000,0.4833,
Dinafex,Leptic,0.2417,0.0000,0.4833,
Dinafex,Metsina,0.2417,0.0000,0.4833,
Dinafex,Odmon,0.2417,0.0000,0.4833,
Dinafex,Progut,0.2417,0.0000,0.4833,
Dinafex,Provair,0.2417,0.0000,0.4833,
Disopan,Telfast,0.2417,0.0000,0.4833,
Esonix,Fixal,0.2417,0.0000,0.4833,
Esonix,Flugal,0.2417,0.0000,0.4833,
Esonix,M-Kast,0.2417,0.0000,0.4833,
Esonix,Maxima,0.2417,0.0000,0.4833,
Esonix,Nexum,0.2417,0.0000,0.4833,
Esonix,Nidazyl,0.2417,0.0000,0.4833,
Esonix,Sergel,0.2417,0.0000,0.4833,
Esonix,Trilock,0.2417,0.0000,0.4833,
Esoral,Maxpro,0.2417,0.0000,0.4833,
Esoral,Omastin,0.2417,0.0000,0.4833,
Etizin,Maxpro,0.2417,0.0000,0.4833,
Etizin,Montex,0.2417,0.0000,0.4833,
Etizin,Nexcap,0.2417,0.0000,0.4833,
Exium,Omastin,0.2417,0.0000,0.4833,
Fixal,Omastin,0.2417,0.0000,0.4833,
Flamyd,Montex,0.2417,0.0000,0.4833,
Flamyd,Tridosil,0.2417,0.0000,0.4833,
Flugal,Maxpro,0.2417,0.0000,0.4833,
Flugal,Montex,0.2417,0.0000,0.4833,
Ketoral,Montex,0.2417,0.0000,0.4833,
Ketotab,Maxpro,0.2417,0.0000,0.4833,
Ketozol,Montex,0.2417,0.0000,0.4833,
Ketozol,Omastin,0.2417,0.0000,0.4833,
Lucan-R,Montex,0.2417,0.0000,0.4833,
Lucan-R,Rivotril,0.2417,0.0000,0.4833,
Lucan-R,Telfast,0.2417,0.0000,0.4833,
M-Kast,Rivotril,0.2417,0.0000,0.4833,
Maxima,Telfast,0.2417,0.0000,0.4833,
Maxima,Tridosil,0.2417,0.0000,0.4833,
Maxpro,Nidazyl,0.2417,0.0000,0.4833,
Maxpro,Progut,0.2417,0.0000,0.4833,
Maxpro,Provair,0.2417,0.0000,0.4833,
Montene,Nexcap,0.2417,0.0000,0.4833,
Montene,Tridosil,0.2417,0.0000,0.4833,
Montex,Rhinil,0.2417,0.0000,0.4833,
Montex,Trilock,0.2417,0.0000,0.4833,
Nexcap,Progut,0.2417,0.0000,0.4833,
Nexcap,Trilock,0.2417,0.0000,0.4833,
Nexum,Omastin,0.2417,0.0000,0.4833,
Nexum,Tridosil,0.2417,0.0000,0.4833,
Nidazyl,Omastin,0.2417,0.0000,0.4833,
Odmon,Telfast,0.2417,0.0000,0.4833,
Omastin,Progut,0.2417,0.0000,0.4833,
Romycin,Telfast,0.2417,0.0000,0.4833,
Azithrocin,Lucan-R,0.2361,0.0000,0.4722,
Azithrocin,M-Kast,0.2361,0.0000,0.4722,
Azithrocin,Nexum,0.2361,0.0000,0.4722,
Backtone,Fexofast,0.2361,0.0000,0.4722,
Backtone,Flexibac,0.2361,0.0000,0.4722,
Baclon,Fexofast,0.2361,0.0000,0.4722,
Dancel,Fexofast,0.2361,0.0000,0.4722,
Fexofast,Lucan-R,0.2361,0.0000,0.4722,
Fexofast,Nidazyl,0.2361,0.0000,0.4722,
Fexofast,Romycin,0.2361,0.0000,0.4722,
Fexofast,Trilock,0.2361,0.0000,0.4722,
Fexofast,Zithrin,0.2361,0.0000,0.4722,
Flexibac,Nizoder,0.2361,0.0000,0.4722,
Flexibac,Progut,0.2361,0.0000,0.4722,
Flexibac,Provair,0.2361,0.0000,0.4722,
Flexibac,Romycin,0.2361,0.0000,0.4722,
Alatrol,Telfast,0.2333,0.0000,0.4667,
Atrizin,Bacmax,0.2333,0.0000,0.4667,
Atrizin,Maxpro,0.2333,0.0000,0.4667,
Atrizin,Nexcap,0.2333,0.0000,0.4667,
Axodin,Bacmax,0.2333,0.0000,0.4667,
Axodin,Montex,0.2333,0.0000,0.4667,
Baclofen,Denixil,0.2333,0.0000,0.4667,
Baclofen,Nexcap,0.2333,0.0000,0.4667,
Bacmax,Tridosil,0.2333,0.0000,0.4667,
Canazole,Esonix,0.2333,0.0000,0.4667,
Cetisoft,Montex,0.2333,0.0000,0.4667,
Cetisoft,Rivotril,0.2333,0.0000,0.4667,
Dancel,Esonix,0.2333,0.0000,0.4667,
Denixil,Lucan-R,0.2333,0.0000,0.4667,
Esonix,Maxpro,0.2333,0.0000,0.4667,
Maxpro,Telfast,0.2333,0.0000,0.4667,
Maxpro,Tridosil,0.2333,0.0000,0.4667,
Montex,Progut,0.2333,0.0000,0.4667,
Montex,Telfast,0.2333,0.0000,0.4667,
Nexcap,Omastin,0.2333,0.0000,0.4667,
Nexcap,Tridosil,0.2333,0.0000,0.4667,
Rivotril,Telfast,0.2333,0.0000,0.4667,
Backtone,Flexilax,0.2321,0.0000,0.4643,
Flexilax,Nizoder,0.2321,0.0000,0.4643,
Flexilax,Progut,0.2321,0.0000,0.4643,
Flexilax,Provair,0.2321,0.0000,0.4643,
Flexilax,Romycin,0.2321,0.0000,0.4643,
Atrizin,Fexofast,0.2278,0.0000,0.4556,
Azithrocin,Bacmax,0.2278,0.0000,0.4556,
Candinil,Fexofast,0.2278,0.0000,0.4556,
Fexofast,Tridosil,0.2278,0.0000,0.4556,
Flexibac,Omastin,0.2278,0.0000,0.4556,
Flexibac,Rivotril,0.2278,0.0000,0.4556,
Flexibac,Tridosil,0.2278,0.0000,0.4556,
Flugal,Napa Extend,0.2269,0.0000,0.4537,
Napa Extend,Rhinil,0.2269,0.0000,0.4537,
Napa Extend,Trilock,0.2269,0.0000,0.4537,
Flexilax,Omastin,0.2238,0.0000,0.4476,
Baclon,Flexibac,0.2222,0.0000,0.4444,
Dancel,Flexibac,0.2222,0.0000,0.4444,
Flexibac,Nidazyl,0.2222,0.0000,0.4444,
Napa Extend,Tridosil,0.2185,0.0000,0.4370,
Esoral,Ketotab,0.2143,0.4286,0.0000,
Ketoral,Renova,0.2143,0.4286,0.0000,
Ketotab,Renova,0.2143,0.4286,0.0000,
Flexilax,Nidazyl,0.2143,0.0000,0.4286,
Baclofen,Flexibac,0.2056,0.0000,0.4111,
Ace,Tamen,0.2000,0.4000,0.0000,
Beklo,Metro,0.2000,0.4000,0.0000,
Fexo,Metro,0.2000,0.4000,0.0000,
Baclofen,Flexilax,0.1976,0.0000,0.3952,
Ace,Backtone,0.1875,0.3750,0.0000,
Ace,Baclofen,0.1875,0.3750,0.0000,
Baclofen,Tamen,0.1875,0.3750,0.0000,
Bicozin,Rivotril,0.1875,0.3750,0.0000,
Ace,Bacaid,0.1667,0.3333,0.0000,
Ace,Baclon,0.1667,0.3333,0.0000,
Ace,Bacmax,0.1667,0.3333,0.0000,
Aceta,Baclon,0.1667,0.3333,0.0000,
Aceta,Bacmax,0.1667,0.3333,0.0000,
Bacaid,Napa,0.1667,0.3333,0.0000,
Bacmax,Napa,0.1667,0.3333,0.0000,
Conaz,Lumona,0.1667,0.3333,0.0000,
Esoral,Renova,0.1667,0.3333,0.0000,
Fexo,Renova,0.1667,0.3333,0.0000,
Lumona,Renova,0.1667,0.3333,0.0000,
Maxima,Napa,0.1667,0.3333,0.0000,
Maxpro,Napa,0.1667,0.3333,0.0000,
Napa,Renova,0.1667,0.3333,0.0000,
Azithrocin,Ritch,0.1500,0.3000,0.0000,
Ace,Dinafex,0.1429,0.2857,0.0000,
Amodis,Provair,0.1429,0.2857,0.0000,
Atrizin,Rhinil,0.1429,0.2857,0.0000,
Atrizin,Ritch,0.1429,0.2857,0.0000,
Atrizin,Rozith,0.1429,0.2857,0.0000,
Axodin,Provair,0.1429,0.2857,0.0000,
Bacaid,Provair,0.1429,0.2857,0.0000,
Conaz,Provair,0.1429,0.2857,0.0000,
Dinafex,Fexo,0.1429,0.2857,0.0000,
Dinafex,Filmet,0.1429,0.2857,0.0000,
Dinafex,Fixal,0.1429,0.2857,0.0000,
Disopan,Renova,0.1429,0.2857,0.0000,
Esonix,Ketoral,0.1429,0.2857,0.0000,
Esonix,Ketotab,0.1429,0.2857,0.0000,
Esonix,Provair,0.1429,0.2857,0.0000,
Esoral,Ketocon,0.1429,0.2857,0.0000,
Flamyd,Nidazyl,0.1429,0.2857,0.0000,
Ketocon,Renova,0.1429,0.2857,0.0000,
Ketocon,Ritch,0.1429,0.2857,0.0000,
Ketoral,Lumona,0.1429,0.2857,0.0000,
Ketoral,Monas,0.1429,0.2857,0.0000,
Ketotab,Lumona,0.1429,0.2857,0.0000,
Ketotab,Monas,0.1429,0.2857,0.0000,
Ketozol,Renova,0.1429,0.2857,0.0000,
Metsina,Renova,0.1429,0.2857,0.0000,
Monas,Provair,0.1429,0.2857,0.0000,
Ritch,Zithrin,0.1429,0.2857,0.0000,
Aceta,Napa Extend,0.1364,0.2727,0.0000,
Alatrol,Napa Extend,0.1364,0.2727,0.0000,
Ace,Napa,0.1250,0.2500,0.0000,
Aceta,Baclofen,0.1250,0.2500,0.0000,
Amodis,Baclofen,0.1250,0.2500,0.0000,
Azyth,Backtone,0.1250,0.2500,0.0000,
Baclofen,Nizoder,0.1250,0.2500,0.0000,
Beklo,Cetisoft,0.1250,0.2500,0.0000,
Candinil,Diflu,0.1250,0.2500,0.0000,
Disopan,Rivotril,0.1250,0.2500,0.0000,
Esonix,Rivotril,0.1250,0.2500,0.0000,
Fexofast,Lumona,0.1250,0.2500,0.0000,
Ace,Ritch,0.1000,0.2000,0.0000,
Aceta,Conaz,0.1000,0.2000,0.0000,
Aceta,Fexo,0.1000,0.2000,0.0000,
Aceta,Metro,0.1000,0.2000,0.0000,
Aceta,Napa,0.1000,0.2000,0.0000,
Aceta,Tamen,0.1000,0.2000,0.0000,
Azithrocin,Ketotab,0.1000,0.2000,0.0000,
Azithrocin,Leptic,0.1000,0.2000,0.0000,
Azithrocin,Rhinil,0.1000,0.2000,0.0000,
Azithrocin,Tamen,0.1000,0.2000,0.0000,
Azyth,Ritch,0.1000,0.2000,0.0000,
Conaz,Napa,0.1000,0.2000,0.0000,
Diflu,Ritch,0.1000,0.2000,0.0000,
Fexo,Odmon,0.1000,0.2000,0.0000,
Fexo,Opton,0.1000,0.2000,0.0000,
Fixal,Napa,0.1000,0.2000,0.0000,
Fixal,Ritch,0.1000,0.2000,0.0000,
Metro,Nexum,0.1000,0.2000,0.0000,
Metro,Ritch,0.1000,0.2000,0.0000,
Monas,Napa,0.1000,0.2000,0.0000,
Monas,Odmon,0.1000,0.2000,0.0000,
Napa,Tamen,0.1000,0.2000,0.0000,
Napa,Vifas,0.1000,0.2000,0.0000,
Opton,Ritch,0.1000,0.2000,0.0000,
Ritch,Vifas,0.1000,0.2000,0.0000,
Ace,Napa Extend,0.0909,0.1818,0.0000,
Azyth,Napa Extend,0.0909,0.1818,0.0000,
Metro,Napa Extend,0.0909,0.1818,0.0000,
Napa Extend,Sergel,0.0909,0.1818,0.0000,
Ace,Filmet,0.0833,0.1667,0.0000,
Ace,Flamyd,0.0833,0.1667,0.0000,
Ace,Montex,0.0833,0.1667,0.0000,
Aceta,Flugal,0.0833,0.1667,0.0000,
Aceta,Lumona,0.0833,0.1667,0.0000,
Aceta,Renova,0.0833,0.1667,0.0000,
Amodis,Esoral,0.0833,0.1667,0.0000,
Amodis,Rhinil,0.0833,0.1667,0.0000,
Amodis,Rozith,0.0833,0.1667,0.0000,
Axodin,Rhinil,0.0833,0.1667,0.0000,
Axodin,Tamen,0.0833,0.1667,0.0000,
Azyth,Bacaid,0.0833,0.1667,0.0000,
Azyth,Baclon,0.0833,0.1667,0.0000,
Azyth,Bacmax,0.0833,0.1667,0.0000,
Azyth,Flamyd,0.0833,0.1667,0.0000,
Azyth,Leptic,0.0833,0.1667,0.0000,
Azyth,Montex,0.0833,0.1667,0.0000,
Bacaid,Conaz,0.0833,0.1667,0.0000,
Bacaid,Dancel,0.0833,0.1667,0.0000,
Bacaid,Esonix,0.0833,0.1667,0.0000,
Bacaid,Monas,0.0833,0.1667,0.0000,
Bacaid,Rhinil,0.0833,0.1667,0.0000,
Bacaid,Tamen,0.0833,0.1667,0.0000,
Bacaid,Vifas,0.0833,0.1667,0.0000,
Baclon,Metro,0.0833,0.1667,0.0000,
Baclon,Napa,0.0833,0.1667,0.0000,
Bacmax,Dancel,0.0833,0.1667,0.0000,
Bacmax,Esoral,0.0833,0.1667,0.0000,
Bacmax,Monas,0.0833,0.1667,0.0000,
Bacmax,Vifas,0.0833,0.1667,0.0000,
Beklo,Leptic,0.0833,0.1667,0.0000,
Beklo,Renova,0.0833,0.1667,0.0000,
Conaz,Flugal,0.0833,0.1667,0.0000,
Conaz,Progut,0.0833,0.1667,0.0000,
Conaz,Rozith,0.0833,0.1667,0.0000,
Dancel,Filmet,0.0833,0.1667,0.0000,
Dancel,Ritch,0.0833,0.1667,0.0000,
Diflu,Progut,0.0833,0.1667,0.0000,
Esoral,Lumona,0.0833,0.1667,0.0000,
Esoral,Napa,0.0833,0.1667,0.0000,
Etizin,Ritch,0.0833,0.1667,0.0000,
Exium,Leptic,0.0833,0.1667,0.0000,
Exium,Renova,0.0833,0.1667,0.0000,
Exium,Rhinil,0.0833,0.1667,0.0000,
Exium,Sergel,0.0833,0.1667,0.0000,
Fexo,Leptic,0.0833,0.1667,0.0000,
Fexo,Lumona,0.0833,0.1667,0.0000,
Fexo,Montex,0.0833,0.1667,0.0000,
Fexo,Sergel,0.0833,0.1667,0.0000,
Filmet,Metro,0.0833,0.1667,0.0000,
Filmet,Ritch,0.0833,0.1667,0.0000,
Filmet,Sergel,0.0833,0.1667,0.0000,
Flamyd,Napa,0.0833,0.1667,0.0000,
Flugal,Monas,0.0833,0.1667,0.0000,
Flugal,Napa,0.0833,0.1667,0.0000,
Leptic,Nexum,0.0833,0.1667,0.0000,
Leptic,Renova,0.0833,0.1667,0.0000,
Leptic,Rhinil,0.0833,0.1667,0.0000,
Leptic,Ritch,0.0833,0.1667,0.0000,
Leptic,Sergel,0.0833,0.1667,0.0000,
Lumona,Napa,0.0833,0.1667,0.0000,
M-Kast,Napa,0.0833,0.1667,0.0000,
Maxima,Renova,0.0833,0.1667,0.0000,
Maxpro,Opton,0.0833,0.1667,0.0000,
Metro,Nexcap,0.0833,0.1667,0.0000,
Metro,Renova,0.0833,0.1667,0.0000,
Monas,Progut,0.0833,0.1667,0.0000,
Monas,Rozith,0.0833,0.1667,0.0000,
Montex,Ritch,0.0833,0.1667,0.0000,
Montex,Rozith,0.0833,0.1667,0.0000,
Montex,Sergel,0.0833,0.1667,0.0000,
Nexcap,Ritch,0.0833,0.1667,0.0000,
Nexcap,Sergel,0.0833,0.1667,0.0000,
Nexum,Sergel,0.0833,0.1667,0.0000,
Odmon,Renova,0.0833,0.1667,0.0000,
Odmon,Rozith,0.0833,0.1667,0.0000,
Opton,Renova,0.0833,0.1667,0.0000,
Opton,Rozith,0.0833,0.1667,0.0000,
Rhinil,Vifas,0.0833,0.1667,0.0000,
Sergel,Tamen,0.0833,0.1667,0.0000,
Ace,Fenadin,0.0714,0.1429,0.0000,
Ace,Ketocon,0.0714,0.1429,0.0000,
Ace,Lucan-R,0.0714,0.1429,0.0000,
Ace,Montair,0.0714,0.1429,0.0000,
Ace,Montene,0.0714,0.1429,0.0000,
Ace,Provair,0.0714,0.1429,0.0000,
Ace,Telfast,0.0714,0.1429,0.0000,
Ace,Trilock,0.0714,0.1429,0.0000,
Aceta,Dinafex,0.0714,0.1429,0.0000,
Aceta,Lucan-R,0.0714,0.1429,0.0000,
Aceta,Provair,0.0714,0.1429,0.0000,
Aceta,Telfast,0.0714,0.1429,0.0000,
Alatrol,Bacmax,0.0714,0.1429,0.0000,
Alatrol,Fexo,0.0714,0.1429,0.0000,
Alatrol,Maxima,0.0714,0.1429,0.0000,
Alatrol,Napa,0.0714,0.1429,0.0000,
Alatrol,Ritch,0.0714,0.1429,0.0000,
Alatrol,Tamen,0.0714,0.1429,0.0000,
Amodis,Disopan,0.0714,0.1429,0.0000,
Amodis,Zithrin,0.0714,0.1429,0.0000,
Azyth,Ketotab,0.0714,0.1429,0.0000,
Azyth,Montair,0.0714,0.1429,0.0000,
Azyth,Montene,0.0714,0.1429,0.0000,
Bacaid,Dinafex,0.0714,0.1429,0.0000,
Bacaid,Romycin,0.0714,0.1429,0.0000,
Bacaid,Telfast,0.0714,0.1429,0.0000,
Bacaid,Zithrin,0.0714,0.1429,0.0000,
Bacmax,Disopan,0.0714,0.1429,0.0000,
Bacmax,Montair,0.0714,0.1429,0.0000,
Bacmax,Provair,0.0714,0.1429,0.0000,
Beklo,Fenadin,0.0714,0.1429,0.0000,
Beklo,Metsina,0.0714,0.1429,0.0000,
Bicozin,Diflu,0.0714,0.1429,0.0000,
Bicozin,Dinafex,0.0714,0.1429,0.0000,
Bicozin,Filmet,0.0714,0.1429,0.0000,
Bicozin,Leptic,0.0714,0.1429,0.0000,
Bicozin,Montair,0.0714,0.1429,0.0000,
Bicozin,Provair,0.0714,0.1429,0.0000,
Bicozin,Renova,0.0714,0.1429,0.0000,
Bicozin,Ritch,0.0714,0.1429,0.0000,
Bicozin,Trilock,0.0714,0.1429,0.0000,
Denixil,Provair,0.0714,0.1429,0.0000,
Denixil,Ritch,0.0714,0.1429,0.0000,
Denixil,Rozith,0.0714,0.1429,0.0000,
Denixil,Zithrin,0.0714,0.1429,0.0000,
Diflu,Nizoder,0.0714,0.1429,0.0000,
Diflu,Zithrin,0.0714,0.1429,0.0000,
Dinafex,Flamyd,0.0714,0.1429,0.0000,
Dinafex,M-Kast,0.0714,0.1429,0.0000,
Dinafex,Ritch,0.0714,0.1429,0.0000,
Dinafex,Sergel,0.0714,0.1429,0.0000,
Dinafex,Zithrin,0.0714,0.1429,0.0000,
Disopan,Filmet,0.0714,0.1429,0.0000,
Disopan,Flugal,0.0714,0.1429,0.0000,
Disopan,Progut,0.0714,0.1429,0.0000,
Disopan,Provair,0.0714,0.1429,0.0000,
Disopan,Ritch,0.0714,0.1429,0.0000,
Esoral,Fenadin,0.0714,0.1429,0.0000,
Esoral,Telfast,0.0714,0.1429,0.0000,
Etizin,Provair,0.0714,0.1429,0.0000,
Exium,Fenadin,0.0714,0.1429,0.0000,
Exium,Trilock,0.0714,0.1429,0.0000,
Fenadin,Maxima,0.0714,0.1429,0.0000,
Fenadin,Provair,0.0714,0.1429,0.0000,
Fenadin,Sergel,0.0714,0.1429,0.0000,
Fenadin,Telfast,0.0714,0.1429,0.0000,
Fexo,Montene,0.0714,0.1429,0.0000,
Fexo,Trilock,0.0714,0.1429,0.0000,
Filmet,Nidazyl,0.0714,0.1429,0.0000,
Filmet,Zithrin,0.0714,0.1429,0.0000,
Fixal,Montair,0.0714,0.1429,0.0000,
Fixal,Provair,0.0714,0.1429,0.0000,
Fixal,Zithrin,0.0714,0.1429,0.0000,
Flugal,Ketotab,0.0714,0.1429,0.0000,
Flugal,Montair,0.0714,0.1429,0.0000,
Flugal,Provair,0.0714,0.1429,0.0000,
Ketocon,Monas,0.0714,0.1429,0.0000,
Ketocon,Sergel,0.0714,0.1429,0.0000,
Ketoral,Napa,0.0714,0.1429,0.0000,
Ketoral,Ritch,0.0714,0.1429,0.0000,
Ketoral,Vifas,0.0714,0.1429,0.0000,
Ketotab,Napa,0.0714,0.1429,0.0000,
Ketotab,Provair,0.0714,0.1429,0.0000,
Ketotab,Ritch,0.0714,0.1429,0.0000,
Ketotab,Rozith,0.0714,0.1429,0.0000,
Ketotab,Sergel,0.0714,0.1429,0.0000,
Ketotab,Vifas,0.0714,0.1429,0.0000,
Ketotab,Zithrin,0.0714,0.1429,0.0000,
Ketozol,Lumona,0.0714,0.1429,0.0000,
Ketozol,Progut,0.0714,0.1429,0.0000,
Ketozol,Ritch,0.0714,0.1429,0.0000,
Ketozol,Zithrin,0.0714,0.1429,0.0000,
Leptic,Romycin,0.0714,0.1429,0.0000,
Leptic,Zithrin,0.0714,0.1429,0.0000,
Lucan-R,Napa,0.0714,0.1429,0.0000,
Lucan-R,Nidazyl,0.0714,0.1429,0.0000,
Lucan-R,Vifas,0.0714,0.1429,0.0000,
Lumona,Nizoder,0.0714,0.1429,0.0000,
Lumona,Provair,0.0714,0.1429,0.0000,
Lumona,Trilock,0.0714,0.1429,0.0000,
M-Kast,Provair,0.0714,0.1429,0.0000,
Maxpro,Zithrin,0.0714,0.1429,0.0000,
Metsina,Napa,0.0714,0.1429,0.0000,
Metsina,Ritch,0.0714,0.1429,0.0000,
Metsina,Sergel,0.0714,0.1429,0.0000,
Montair,Ritch,0.0714,0.1429,0.0000,
Montair,Rozith,0.0714,0.1429,0.0000,
Montair,Telfast,0.0714,0.1429,0.0000,
Montair,Vifas,0.0714,0.1429,0.0000,
Montene,Ritch,0.0714,0.1429,0.0000,
Montene,Rozith,0.0714,0.1429,0.0000,
Montene,Sergel,0.0714,0.1429,0.0000,
Montex,Provair,0.0714,0.1429,0.0000,
Napa,Omastin,0.0714,0.1429,0.0000,
Napa,Telfast,0.0714,0.1429,0.0000,
Nexcap,Provair,0.0714,0.1429,0.0000,
Nidazyl,Ritch,0.0714,0.1429,0.0000,
Nidazyl,Zithrin,0.0714,0.1429,0.0000,
Nizoder,Ritch,0.0714,0.1429,0.0000,
Nizoder,Tamen,0.0714,0.1429,0.0000,
Nizoder,Trilock,0.0714,0.1429,0.0000,
Odmon,Provair,0.0714,0.1429,0.0000,
Omastin,Provair,0.0714,0.1429,0.0000,
Omastin,Rhinil,0.0714,0.1429,0.0000,
Omastin,Ritch,0.0714,0.1429,0.0000,
Opton,Trilock,0.0714,0.1429,0.0000,
Sergel,Telfast,0.0714,0.1429,0.0000,
Trilock,Vifas,0.0714,0.1429,0.0000,
Vifas,Zithrin,0.0714,0.1429,0.0000,
Ace,Candinil,0.0625,0.1250,0.0000,
Azyth,Baclofen,0.0625,0.1250,0.0000,
Azyth,Candinil,0.0625,0.1250,0.0000,
Azyth,Rivotril,0.0625,0.1250,0.0000,
Backtone,Dancel,0.0625,0.1250,0.0000,
Backtone,Monas,0.0625,0.1250,0.0000,
Backtone,Napa,0.0625,0.1250,0.0000,
Backtone,Renova,0.0625,0.1250,0.0000,
Backtone,Ritch,0.0625,0.1250,0.0000,
Backtone,Rozith,0.0625,0.1250,0.0000,
Backtone,Trilock,0.0625,0.1250,0.0000,
Baclofen,Esonix,0.0625,0.1250,0.0000,
Baclofen,Lumona,0.0625,0.1250,0.0000,
Baclofen,Metro,0.0625,0.1250,0.0000,
Baclofen,Monas,0.0625,0.1250,0.0000,
Baclofen,Montex,0.0625,0.1250,0.0000,
Baclofen,Napa,0.0625,0.1250,0.0000,
Baclofen,Tridosil,0.0625,0.1250,0.0000,
Baclofen,Vifas,0.0625,0.1250,0.0000,
Baclon,Cetisoft,0.0625,0.1250,0.0000,
Baclon,Tridosil,0.0625,0.1250,0.0000,
Beklo,Tridosil,0.0625,0.1250,0.0000,
Canazole,Flamyd,0.0625,0.1250,0.0000,
Canazole,Metro,0.0625,0.1250,0.0000,
Canazole,Odmon,0.0625,0.1250,0.0000,
Canazole,Opton,0.0625,0.1250,0.0000,
Candinil,Provair,0.0625,0.1250,0.0000,
Candinil,Ritch,0.0625,0.1250,0.0000,
Candinil,Rozith,0.0625,0.1250,0.0000,
Candinil,Vifas,0.0625,0.1250,0.0000,
Cetisoft,Lumona,0.0625,0.1250,0.0000,
Cetisoft,Rhinil,0.0625,0.1250,0.0000,
Cetisoft,Ritch,0.0625,0.1250,0.0000,
Conaz,Rivotril,0.0625,0.1250,0.0000,
Fexofast,Metro,0.0625,0.1250,0.0000,
Fexofast,Montair,0.0625,0.1250,0.0000,
Fexofast,Napa,0.0625,0.1250,0.0000,
Fexofast,Odmon,0.0625,0.1250,0.0000,
Fexofast,Opton,0.0625,0.1250,0.0000,
Flexibac,Metro,0.0625,0.1250,0.0000,
Flexibac,Napa,0.0625,0.1250,0.0000,
Flexibac,Ritch,0.0625,0.1250,0.0000,
Flexilax,Metro,0.0625,0.1250,0.0000,
Flexilax,Napa,0.0625,0.1250,0.0000,
Flexilax,Ritch,0.0625,0.1250,0.0000,
Lumona,Rivotril,0.0625,0.1250,0.0000,
Lumona,Tridosil,0.0625,0.1250,0.0000,
Monas,Rivotril,0.0625,0.1250,0.0000,
Azithrocin,Bacaid,0.0500,0.1000,0.0000,
Azithrocin,Beklo,0.0500,0.1000,0.0000,
Azithrocin,Diflu,0.0500,0.1000,0.0000,
Azithrocin,Filmet,0.0500,0.1000,0.0000,
Azithrocin,Lumona,0.0500,0.1000,0.0000,
Azithrocin,Renova,0.0500,0.1000,0.0000,
Ketoral,Napa Extend,0.0455,0.0909,0.0000,
Ketotab,Napa Extend,0.0455,0.0909,0.0000,
Napa Extend,Ritch,0.0455,0.0909,0.0000,
Napa Extend,Rivotril,0.0455,0.0909,0.0000,
Napa Extend,Rozith,0.0455,0.0909,0.0000,
Ace,Beklo,0.0000,0.0000,0.0000,
Ace,Conaz,0.0000,0.0000,0.0000,
Ace,Denixil,0.0000,0.0000,0.0000,
Ace,Diflu,0.0000,0.0000,0.0000,
Ace,Fexo,0.0000,0.0000,0.0000,
Ace,Flugal,0.0000,0.0000,0.0000,
Ace,Ketoral,0.0000,0.0000,0.0000,
Ace,Ketotab,0.0000,0.0000,0.0000,
Ace,Leptic,0.0000,0.0000,0.0000,
Ace,Lumona,0.0000,0.0000,0.0000,
Ace,Metro,0.0000,0.0000,0.0000,
Ace,Monas,0.0000,0.0000,0.0000,
Ace,Odmon,0.0000,0.0000,0.0000,
Ace,Opton,0.0000,0.0000,0.0000,
Ace,Progut,0.0000,0.0000,0.0000,
Ace,Renova,0.0000,0.0000,0.0000,
Ace,Rhinil,0.0000,0.0000,0.0000,
Ace,Rivotril,0.0000,0.0000,0.0000,
Ace,Tridosil,0.0000,0.0000,0.0000,
Ace,Vifas,0.0000,0.0000,0.0000,
Aceta,Beklo,0.0000,0.0000,0.0000,
Aceta,Denixil,0.0000,0.0000,0.0000,
Aceta,Diflu,0.0000,0.0000,0.0000,
Aceta,Monas,0.0000,0.0000,0.0000,
Aceta,Rhinil,0.0000,0.0000,0.0000,
Aceta,Ritch,0.0000,0.0000,0.0000,
Aceta,Trilock,0.0000,0.0000,0.0000,
Aceta,Vifas,0.0000,0.0000,0.0000,
Alatrol,Bicozin,0.0000,0.0000,0.0000,
Alatrol,Conaz,0.0000,0.0000,0.0000,
Alatrol,Dinafex,0.0000,0.0000,0.0000,
Alatrol,Disopan,0.0000,0.0000,0.0000,
Alatrol,Esonix,0.0000,0.0000,0.0000,
Alatrol,Exium,0.0000,0.0000,0.0000,
Alatrol,Fexofast,0.0000,0.0000,0.0000,
Alatrol,Monas,0.0000,0.0000,0.0000,
Alatrol,Nexcap,0.0000,0.0000,0.0000,
Alatrol,Nexum,0.0000,0.0000,0.0000,
Alatrol,Renova,0.0000,0.0000,0.0000,
Alatrol,Romycin,0.0000,0.0000,0.0000,
Alatrol,Rozith,0.0000,0.0000,0.0000,
Alatrol,Vifas,0.0000,0.0000,0.0000,
Amodis,Baclon,0.0000,0.0000,0.0000,
Amodis,Beklo,0.0000,0.0000,0.0000,
Amodis,Diflu,0.0000,0.0000,0.0000,
Amodis,Flugal,0.0000,0.0000,0.0000,
Amodis,Lucan-R,0.0000,0.0000,0.0000,
Amodis,Napa,0.0000,0.0000,0.0000,
Amodis,Renova,0.0000,0.0000,0.0000,
Amodis,Ritch,0.0000,0.0000,0.0000,
Amodis,Sergel,0.0000,0.0000,0.0000,
Amodis,Trilock,0.0000,0.0000,0.0000,
Atrizin,Beklo,0.0000,0.0000,0.0000,
Atrizin,Filmet,0.0000,0.0000,0.0000,
Atrizin,Flamyd,0.0000,0.0000,0.0000,
Atrizin,Flugal,0.0000,0.0000,0.0000,
Atrizin,Lumona,0.0000,0.0000,0.0000,
Atrizin,Napa,0.0000,0.0000,0.0000,
Atrizin,Renova,0.0000,0.0000,0.0000,
Axodin,Diflu,0.0000,0.0000,0.0000,
Axodin,Dinafex,0.0000,0.0000,0.0000,
Axodin,Lumona,0.0000,0.0000,0.0000,
Axodin,Metro,0.0000,0.0000,0.0000,
Axodin,Napa,0.0000,0.0000,0.0000,
Axodin,Renova,0.0000,0.0000,0.0000,
Axodin,Ritch,0.0000,0.0000,0.0000,
Axodin,Sergel,0.0000,0.0000,0.0000,
Axodin,Trilock,0.0000,0.0000,0.0000,
Azithrocin,Flamyd,0.0000,0.0000,0.0000,
Azithrocin,Flugal,0.0000,0.0000,0.0000,
Azithrocin,Napa,0.0000,0.0000,0.0000,
Azyth,Beklo,0.0000,0.0000,0.0000,
Azyth,Conaz,0.0000,0.0000,0.0000,
Azyth,Denixil,0.0000,0.0000,0.0000,
Azyth,Diflu,0.0000,0.0000,0.0000,
Azyth,Dinafex,0.0000,0.0000,0.0000,
Azyth,Fenadin,0.0000,0.0000,0.0000,
Azyth,Fexo,0.0000,0.0000,0.0000,
Azyth,Filmet,0.0000,0.0000,0.0000,
Azyth,Flugal,0.0000,0.0000,0.0000,
Azyth,Ketocon,0.0000,0.0000,0.0000,
Azyth,Ketoral,0.0000,0.0000,0.0000,
Azyth,Lucan-R,0.0000,0.0000,0.0000,
Azyth,Lumona,0.0000,0.0000,0.0000,
Azyth,Metro,0.0000,0.0000,0.0000,
Azyth,Monas,0.0000,0.0000,0.0000,
Azyth,Napa,0.0000,0.0000,0.0000,
Azyth,Odmon,0.0000,0.0000,0.0000,
Azyth,Opton,0.0000,0.0000,0.0000,
Azyth,Progut,0.0000,0.0000,0.0000,
Azyth,Provair,0.0000,0.0000,0.0000,
Azyth,Renova,0.0000,0.0000,0.0000,
Azyth,Rhinil,0.0000,0.0000,0.0000,
Azyth,Tamen,0.0000,0.0000,0.0000,
Azyth,Telfast,0.0000,0.0000,0.0000,
Azyth,Tridosil,0.0000,0.0000,0.0000,
Azyth,Trilock,0.0000,0.0000,0.0000,
Azyth,Vifas,0.0000,0.0000,0.0000,
Bacaid,Diflu,0.0000,0.0000,0.0000,
Bacaid,Disopan,0.0000,0.0000,0.0000,
Bacaid,Esoral,0.0000,0.0000,0.0000,
Bacaid,Lumona,0.0000,0.0000,0.0000,
Bacaid,Metro,0.0000,0.0000,0.0000,
Bacaid,Renova,0.0000,0.0000,0.0000,
Bacaid,Ritch,0.0000,0.0000,0.0000,
Bacaid,Rozith,0.0000,0.0000,0.0000,
Bacaid,Sergel,0.0000,0.0000,0.0000,
Bacaid,Trilock,0.0000,0.0000,0.0000,
Backtone,Diflu,0.0000,0.0000,0.0000,
Backtone,Dinafex,0.0000,0.0000,0.0000,
Backtone,Esoral,0.0000,0.0000,0.0000,
Backtone,Provair,0.0000,0.0000,0.0000,
Backtone,Sergel,0.0000,0.0000,0.0000,
Backtone,Telfast,0.0000,0.0000,0.0000,
Backtone,Vifas,0.0000,0.0000,0.0000,
Baclofen,Leptic,0.0000,0.0000,0.0000,
Baclofen,Montair,0.0000,0.0000,0.0000,
Baclofen,Ritch,0.0000,0.0000,0.0000,
Baclofen,Rivotril,0.0000,0.0000,0.0000,
Baclofen,Rozith,0.0000,0.0000,0.0000,
Baclon,Dinafex,0.0000,0.0000,0.0000,
Baclon,Leptic,0.0000,0.0000,0.0000,
Baclon,Monas,0.0000,0.0000,0.0000,
Baclon,Montair,0.0000,0.0000,0.0000,
Baclon,Montex,0.0000,0.0000,0.0000,
Baclon,Nizoder,0.0000,0.0000,0.0000,
Baclon,Provair,0.0000,0.0000,0.0000,
Baclon,Renova,0.0000,0.0000,0.0000,
Baclon,Ritch,0.0000,0.0000,0.0000,
Baclon,Rivotril,0.0000,0.0000,0.0000,
Baclon,Rozith,0.0000,0.0000,0.0000,
Baclon,Vifas,0.0000,0.0000,0.0000,
Bacmax,Cetisoft,0.0000,0.0000,0.0000,
Bacmax,Diflu,0.0000,0.0000,0.0000,
Bacmax,Etizin,0.0000,0.0000,0.0000,
Bacmax,Fenadin,0.0000,0.0000,0.0000,
Bacmax,Metro,0.0000,0.0000,0.0000,
Bacmax,Metsina,0.0000,0.0000,0.0000,
Bacmax,Montene,0.0000,0.0000,0.0000,
Bacmax,Nidazyl,0.0000,0.0000,0.0000,
Bacmax,Nizoder,0.0000,0.0000,0.0000,
Bacmax,Opton,0.0000,0.0000,0.0000,
Bacmax,Renova,0.0000,0.0000,0.0000,
Bacmax,Rhinil,0.0000,0.0000,0.0000,
Bacmax,Ritch,0.0000,0.0000,0.0000,
Bacmax,Rivotril,0.0000,0.0000,0.0000,
Bacmax,Rozith,0.0000,0.0000,0.0000,
Bacmax,Sergel,0.0000,0.0000,0.0000,
Bacmax,Zithrin,0.0000,0.0000,0.0000,
Beklo,Conaz,0.0000,0.0000,0.0000,
Beklo,Dinafex,0.0000,0.0000,0.0000,
Beklo,Disopan,0.0000,0.0000,0.0000,
Beklo,Esonix,0.0000,0.0000,0.0000,
Beklo,Etizin,0.0000,0.0000,0.0000,
Beklo,Lumona,0.0000,0.0000,0.0000,
Beklo,Monas,0.0000,0.0000,0.0000,
Beklo,Montair,0.0000,0.0000,0.0000,
Beklo,Montene,0.0000,0.0000,0.0000,
Beklo,Montex,0.0000,0.0000,0.0000,
Beklo,Napa,0.0000,0.0000,0.0000,
Beklo,Nizoder,0.0000,0.0000,0.0000,
Beklo,Odmon,0.0000,0.0000,0.0000,
Beklo,Omastin,0.0000,0.0000,0.0000,
Beklo,Opton,0.0000,0.0000,0.0000,
Beklo,Provair,0.0000,0.0000,0.0000,
Beklo,Ritch,0.0000,0.0000,0.0000,
Beklo,Rivotril,0.0000,0.0000,0.0000,
Beklo,Romycin,0.0000,0.0000,0.0000,
Beklo,Rozith,0.0000,0.0000,0.0000,
Beklo,Tamen,0.0000,0.0000,0.0000,
Beklo,Vifas,0.0000,0.0000,0.0000,
Beklo,Zithrin,0.0000,0.0000,0.0000,
Bicozin,Flamyd,0.0000,0.0000,0.0000,
Bicozin,Metro,0.0000,0.0000,0.0000,
Bicozin,Montex,0.0000,0.0000,0.0000,
Bicozin,Napa,0.0000,0.0000,0.0000,
Bicozin,Sergel,0.0000,0.0000,0.0000,
Canazole,Filmet,0.0000,0.0000,0.0000,
Canazole,Leptic,0.0000,0.0000,0.0000,
Canazole,Progut,0.0000,0.0000,0.0000,
Canazole,Provair,0.0000,0.0000,0.0000,
Canazole,Ritch,0.0000,0.0000,0.0000,
Canazole,Zithrin,0.0000,0.0000,0.0000,
Candinil,Telfast,0.0000,0.0000,0.0000,
Candinil,Trilock,0.0000,0.0000,0.0000,
Cetisoft,Flugal,0.0000,0.0000,0.0000,
Cetisoft,Lucan-R,0.0000,0.0000,0.0000,
Cetisoft,Napa,0.0000,0.0000,0.0000,
Conaz,Diflu,0.0000,0.0000,0.0000,
Conaz,Filmet,0.0000,0.0000,0.0000,
Conaz,Flamyd,0.0000,0.0000,0.0000,
Conaz,Leptic,0.0000,0.0000,0.0000,
Conaz,Metro,0.0000,0.0000,0.0000,
Conaz,Odmon,0.0000,0.0000,0.0000,
Conaz,Opton,0.0000,0.0000,0.0000,
Conaz,Ritch,0.0000,0.0000,0.0000,
Conaz,Sergel,0.0000,0.0000,0.0000,
Conaz,Tamen,0.0000,0.0000,0.0000,
Conaz,Trilock,0.0000,0.0000,0.0000,
Conaz,Zithrin,0.0000,0.0000,0.0000,
Dancel,Flamyd,0.0000,0.0000,0.0000,
Dancel,Leptic,0.0000,0.0000,0.0000,
Dancel,Opton,0.0000,0.0000,0.0000,
Dancel,Progut,0.0000,0.0000,0.0000,
Dancel,Provair,0.0000,0.0000,0.0000,
Dancel,Zithrin,0.0000,0.0000,0.0000,
Denixil,Filmet,0.0000,0.0000,0.0000,
Denixil,Flamyd,0.0000,0.0000,0.0000,
Denixil,Opton,0.0000,0.0000,0.0000,
Diflu,Esonix,0.0000,0.0000,0.0000,
Diflu,Exium,0.0000,0.0000,0.0000,
Diflu,Fexo,0.0000,0.0000,0.0000,
Diflu,Leptic,0.0000,0.0000,0.0000,
Diflu,Lucan-R,0.0000,0.0000,0.0000,
Diflu,Lumona,0.0000,0.0000,0.0000,
Diflu,M-Kast,0.0000,0.0000,0.0000,
Diflu,Maxima,0.0000,0.0000,0.0000,
Diflu,Maxpro,0.0000,0.0000,0.0000,
Diflu,Metro,0.0000,0.0000,0.0000,
Diflu,Monas,0.0000,0.0000,0.0000,
Diflu,Montair,0.0000,0.0000,0.0000,
Diflu,Montene,0.0000,0.0000,0.0000,
Diflu,Montex,0.0000,0.0000,0.0000,
Diflu,Napa,0.0000,0.0000,0.0000,
Diflu,Napa Extend,0.0000,0.0000,0.0000,
Diflu,Nexcap,0.0000,0.0000,0.0000,
Diflu,Nexum,0.0000,0.0000,0.0000,
Diflu,Omastin,0.0000,0.0000,0.0000,
Diflu,Opton,0.0000,0.0000,0.0000,
Diflu,Renova,0.0000,0.0000,0.0000,
Diflu,Romycin,0.0000,0.0000,0.0000,
Diflu,Rozith,0.0000,0.0000,0.0000,
Dinafex,Esoral,0.0000,0.0000,0.0000,
Dinafex,Exium,0.0000,0.0000,0.0000,
Dinafex,Maxima,0.0000,0.0000,0.0000,
Dinafex,Maxpro,0.0000,0.0000,0.0000,
Dinafex,Omastin,0.0000,0.0000,0.0000,
Dinafex,Opton,0.0000,0.0000,0.0000,
Dinafex,Romycin,0.0000,0.0000,0.0000,
Dinafex,Rozith,0.0000,0.0000,0.0000,
Disopan,Flamyd,0.0000,0.0000,0.0000,
Disopan,Montair,0.0000,0.0000,0.0000,
Disopan,Montex,0.0000,0.0000,0.0000,
Esonix,Filmet,0.0000,0.0000,0.0000,
Esonix,Flamyd,0.0000,0.0000,0.0000,
Esonix,Metro,0.0000,0.0000,0.0000,
Esonix,Napa,0.0000,0.0000,0.0000,
Esonix,Ritch,0.0000,0.0000,0.0000,
Esoral,Filmet,0.0000,0.0000,0.0000,
Esoral,Flamyd,0.0000,0.0000,0.0000,
Esoral,Leptic,0.0000,0.0000,0.0000,
Esoral,Montene,0.0000,0.0000,0.0000,
Esoral,Montex,0.0000,0.0000,0.0000,
Esoral,Odmon,0.0000,0.0000,0.0000,
Esoral,Opton,0.0000,0.0000,0.0000,
Esoral,Ritch,0.0000,0.0000,0.0000,
Esoral,Tamen,0.0000,0.0000,0.0000,
Etizin,Filmet,0.0000,0.0000,0.0000,
Etizin,Flamyd,0.0000,0.0000,0.0000,
Etizin,Flugal,0.0000,0.0000,0.0000,
Etizin,Napa,0.0000,0.0000,0.0000,
Etizin,Progut,0.0000,0.0000,0.0000,
Etizin,Renova,0.0000,0.0000,0.0000,
Etizin,Sergel,0.0000,0.0000,0.0000,
Exium,Lumona,0.0000,0.0000,0.0000,
Exium,Metro,0.0000,0.0000,0.0000,
Exium,Montair,0.0000,0.0000,0.0000,
Exium,Montene,0.0000,0.0000,0.0000,
Exium,Montex,0.0000,0.0000,0.0000,
Exium,Napa,0.0000,0.0000,0.0000,
Exium,Opton,0.0000,0.0000,0.0000,
Exium,Provair,0.0000,0.0000,0.0000,
Exium,Ritch,0.0000,0.0000,0.0000,
Exium,Rivotril,0.0000,0.0000,0.0000,
Exium,Tamen,0.0000,0.0000,0.0000,
Exium,Zithrin,0.0000,0.0000,0.0000,
Fenadin,Maxpro,0.0000,0.0000,0.0000,
Fenadin,Ritch,0.0000,0.0000,0.0000,
Fenadin,Rozith,0.0000,0.0000,0.0000,
Fenadin,Trilock,0.0000,0.0000,0.0000,
Fexo,Montair,0.0000,0.0000,0.0000,
Fexo,Napa,0.0000,0.0000,0.0000,
Fexo,Provair,0.0000,0.0000,0.0000,
Fexo,Rhinil,0.0000,0.0000,0.0000,
Fexo,Ritch,0.0000,0.0000,0.0000,
Fexo,Rozith,0.0000,0.0000,0.0000,
Fexo,Tamen,0.0000,0.0000,0.0000,
Fexo,Zithrin,0.0000,0.0000,0.0000,
Fexofast,Montene,0.0000,0.0000,0.0000,
Fexofast,Rhinil,0.0000,0.0000,0.0000,
Fexofast,Ritch,0.0000,0.0000,0.0000,
Fexofast,Tamen,0.0000,0.0000,0.0000,
Filmet,Ketocon,0.0000,0.0000,0.0000,
Filmet,Ketoral,0.0000,0.0000,0.0000,
Filmet,Ketozol,0.0000,0.0000,0.0000,
Filmet,Maxpro,0.0000,0.0000,0.0000,
Filmet,Metsina,0.0000,0.0000,0.0000,
Filmet,Monas,0.0000,0.0000,0.0000,
Filmet,Napa,0.0000,0.0000,0.0000,
Filmet,Nexcap,0.0000,0.0000,0.0000,
Filmet,Provair,0.0000,0.0000,0.0000,
Filmet,Renova,0.0000,0.0000,0.0000,
Filmet,Rhinil,0.0000,0.0000,0.0000,
Filmet,Rozith,0.0000,0.0000,0.0000,
Fixal,Leptic,0.0000,0.0000,0.0000,
Fixal,Lumona,0.0000,0.0000,0.0000,
Fixal,Metro,0.0000,0.0000,0.0000,
Fixal,Montene,0.0000,0.0000,0.0000,
Fixal,Montex,0.0000,0.0000,0.0000,
Fixal,Odmon,0.0000,0.0000,0.0000,
Fixal,Opton,0.0000,0.0000,0.0000,
Fixal,Renova,0.0000,0.0000,0.0000,
Fixal,Tamen,0.0000,0.0000,0.0000,
Flamyd,Ketocon,0.0000,0.0000,0.0000,
Flamyd,Ketoral,0.0000,0.0000,0.0000,
Flamyd,Ketozol,0.0000,0.0000,0.0000,
Flamyd,Maxpro,0.0000,0.0000,0.0000,
Flamyd,Metro,0.0000,0.0000,0.0000,
Flamyd,Metsina,0.0000,0.0000,0.0000,
Flamyd,Monas,0.0000,0.0000,0.0000,
Flamyd,Nexcap,0.0000,0.0000,0.0000,
Flamyd,Provair,0.0000,0.0000,0.0000,
Flamyd,Renova,0.0000,0.0000,0.0000,
Flamyd,Rhinil,0.0000,0.0000,0.0000,
Flamyd,Ritch,0.0000,0.0000,0.0000,
Flamyd,Rozith,0.0000,0.0000,0.0000,
Flamyd,Sergel,0.0000,0.0000,0.0000,
Flamyd,Zithrin,0.0000,0.0000,0.0000,
Flexibac,Montair,0.0000,0.0000,0.0000,
Flexibac,Montene,0.0000,0.0000,0.0000,
Flexibac,Odmon,0.0000,0.0000,0.0000,
Flexibac,Opton,0.0000,0.0000,0.0000,
Flexibac,Tamen,0.0000,0.0000,0.0000,
Flexibac,Zithrin,0.0000,0.0000,0.0000,
Flexilax,Montair,0.0000,0.0000,0.0000,
Flexilax,Montene,0.0000,0.0000,0.0000,
Flexilax,Odmon,0.0000,0.0000,0.0000,
Flexilax,Opton,0.0000,0.0000,0.0000,
Flexilax,Tamen,0.0000,0.0000,0.0000,
Flexilax,Zithrin,0.0000,0.0000,0.0000,
Flugal,Metro,0.0000,0.0000,0.0000,
Flugal,Metsina,0.0000,0.0000,0.0000,
Flugal,Montene,0.0000,0.0000,0.0000,
Flugal,Nizoder,0.0000,0.0000,0.0000,
Flugal,Odmon,0.0000,0.0000,0.0000,
Flugal,Omastin,0.0000,0.0000,0.0000,
Flugal,Opton,0.0000,0.0000,0.0000,
Flugal,Renova,0.0000,0.0000,0.0000,
Flugal,Ritch,0.0000,0.0000,0.0000,
Flugal,Romycin,0.0000,0.0000,0.0000,
Flugal,Rozith,0.0000,0.0000,0.0000,
Flugal,Tamen,0.0000,0.0000,0.0000,
Flugal,Zithrin,0.0000,0.0000,0.0000,
Ketocon,Napa,0.0000,0.0000,0.0000,
Ketocon,Provair,0.0000,0.0000,0.0000,
Ketocon,Rozith,0.0000,0.0000,0.0000,
Ketocon,Vifas,0.0000,0.0000,0.0000,
Ketoral,Omastin,0.0000,0.0000,0.0000,
Ketoral,Romycin,0.0000,0.0000,0.0000,
Ketoral,Rozith,0.0000,0.0000,0.0000,
Ketotab,Rhinil,0.0000,0.0000,0.0000,
Ketotab,Romycin,0.0000,0.0000,0.0000,
Ketozol,Napa,0.0000,0.0000,0.0000,
Ketozol,Provair,0.0000,0.0000,0.0000,
Leptic,Maxima,0.0000,0.0000,0.0000,
Leptic,Maxpro,0.0000,0.0000,0.0000,
Leptic,Monas,0.0000,0.0000,0.0000,
Leptic,Rozith,0.0000,0.0000,0.0000,
Leptic,Tamen,0.0000,0.0000,0.0000,
Leptic,Vifas,0.0000,0.0000,0.0000,
Lucan-R,Omastin,0.0000,0.0000,0.0000,
Lucan-R,Ritch,0.0000,0.0000,0.0000,
Lucan-R,Rozith,0.0000,0.0000,0.0000,
Lucan-R,Sergel,0.0000,0.0000,0.0000,
Lucan-R,Tridosil,0.0000,0.0000,0.0000,
Lucan-R,Trilock,0.0000,0.0000,0.0000,
Lumona,Metro,0.0000,0.0000,0.0000,
Lumona,Nexcap,0.0000,0.0000,0.0000,
Lumona,Nexum,0.0000,0.0000,0.0000,
Lumona,Nidazyl,0.0000,0.0000,0.0000,
Lumona,Progut,0.0000,0.0000,0.0000,
Lumona,Ritch,0.0000,0.0000,0.0000,
Lumona,Rozith,0.0000,0.0000,0.0000,
Lumona,Sergel,0.0000,0.0000,0.0000,
Lumona,Vifas,0.0000,0.0000,0.0000,
M-Kast,Odmon,0.0000,0.0000,0.0000,
M-Kast,Renova,0.0000,0.0000,0.0000,
M-Kast,Rhinil,0.0000,0.0000,0.0000,
M-Kast,Ritch,0.0000,0.0000,0.0000,
M-Kast,Sergel,0.0000,0.0000,0.0000,
M-Kast,Trilock,0.0000,0.0000,0.0000,
M-Kast,Zithrin,0.0000,0.0000,0.0000,
Maxima,Opton,0.0000,0.0000,0.0000,
Maxima,Provair,0.0000,0.0000,0.0000,
Maxima,Rhinil,0.0000,0.0000,0.0000,
Maxima,Ritch,0.0000,0.0000,0.0000,
Maxima,Rivotril,0.0000,0.0000,0.0000,
Maxima,Sergel,0.0000,0.0000,0.0000,
Maxima,Trilock,0.0000,0.0000,0.0000,
Maxima,Zithrin,0.0000,0.0000,0.0000,
Maxpro,Odmon,0.0000,0.0000,0.0000,
Maxpro,Renova,0.0000,0.0000,0.0000,
Maxpro,Rhinil,0.0000,0.0000,0.0000,
Maxpro,Ritch,0.0000,0.0000,0.0000,
Maxpro,Sergel,0.0000,0.0000,0.0000,
Maxpro,Trilock,0.0000,0.0000,0.0000,
Metro,Napa,0.0000,0.0000,0.0000,
Metro,Rhinil,0.0000,0.0000,0.0000,
Metro,Rozith,0.0000,0.0000,0.0000,
Metro,Tamen,0.0000,0.0000,0.0000,
Metro,Vifas,0.0000,0.0000,0.0000,
Metsina,Progut,0.0000,0.0000,0.0000,
Metsina,Provair,0.0000,0.0000,0.0000,
Monas,Opton,0.0000,0.0000,0.0000,
Monas,Ritch,0.0000,0.0000,0.0000,
Monas,Sergel,0.0000,0.0000,0.0000,
Monas,Tamen,0.0000,0.0000,0.0000,
Monas,Trilock,0.0000,0.0000,0.0000,
Monas,Zithrin,0.0000,0.0000,0.0000,
Montair,Sergel,0.0000,0.0000,0.0000,
Montair,Trilock,0.0000,0.0000,0.0000,
Montene,Provair,0.0000,0.0000,0.0000,
Montene,Telfast,0.0000,0.0000,0.0000,
Montene,Trilock,0.0000,0.0000,0.0000,
Montene,Vifas,0.0000,0.0000,0.0000,
Montex,Vifas,0.0000,0.0000,0.0000,
Montex,Zithrin,0.0000,0.0000,0.0000,
Napa,Odmon,0.0000,0.0000,0.0000,
Napa,Rhinil,0.0000,0.0000,0.0000,
Napa,Ritch,0.0000,0.0000,0.0000,
Napa,Rivotril,0.0000,0.0000,0.0000,
Napa,Romycin,0.0000,0.0000,0.0000,
Napa,Rozith,0.0000,0.0000,0.0000,
Napa,Sergel,0.0000,0.0000,0.0000,
Napa,Tridosil,0.0000,0.0000,0.0000,
Napa,Trilock,0.0000,0.0000,0.0000,
Napa,Zithrin,0.0000,0.0000,0.0000,
Nexcap,Odmon,0.0000,0.0000,0.0000,
Nexcap,Opton,0.0000,0.0000,0.0000,
Nexcap,Rhinil,0.0000,0.0000,0.0000,
Nexcap,Rivotril,0.0000,0.0000,0.0000,
Nexcap,Tamen,0.0000,0.0000,0.0000,
Nexcap,Zithrin,0.0000,0.0000,0.0000,
Nexum,Opton,0.0000,0.0000,0.0000,
Nexum,Provair,0.0000,0.0000,0.0000,
Nexum,Rhinil,0.0000,0.0000,0.0000,
Nexum,Ritch,0.0000,0.0000,0.0000,
Nexum,Rivotril,0.0000,0.0000,0.0000,
Nexum,Tamen,0.0000,0.0000,0.0000,
Nexum,Trilock,0.0000,0.0000,0.0000,
Nexum,Zithrin,0.0000,0.0000,0.0000,
Nidazyl,Progut,0.0000,0.0000,0.0000,
Nidazyl,Provair,0.0000,0.0000,0.0000,
Nizoder,Rhinil,0.0000,0.0000,0.0000,
Nizoder,Telfast,0.0000,0.0000,0.0000,
Odmon,Progut,0.0000,0.0000,0.0000,
Odmon,Ritch,0.0000,0.0000,0.0000,
Odmon,Sergel,0.0000,0.0000,0.0000,
Odmon,Vifas,0.0000,0.0000,0.0000,
Omastin,Renova,0.0000,0.0000,0.0000,
Omastin,Sergel,0.0000,0.0000,0.0000,
Omastin,Trilock,0.0000,0.0000,0.0000,
Opton,Sergel,0.0000,0.0000,0.0000,
Opton,Telfast,0.0000,0.0000,0.0000,
Opton,Vifas,0.0000,0.0000,0.0000,
Progut,Tamen,0.0000,0.0000,0.0000,
Progut,Vifas,0.0000,0.0000,0.0000,
Provair,Tamen,0.0000,0.0000,0.0000,
Renova,Tamen,0.0000,0.0000,0.0000,
Renova,Vifas,0.0000,0.0000,0.0000,
Renova,Zithrin,0.0000,0.0000,0.0000,
Rhinil,Telfast,0.0000,0.0000,0.0000,
Ritch,Tamen,0.0000,0.0000,0.0000,
Ritch,Telfast,0.0000,0.0000,0.0000,
Rivotril,Tamen,0.0000,0.0000,0.0000,
Rozith,Tamen,0.0000,0.0000,0.0000,
Rozith,Telfast,0.0000,0.0000,0.0000,
Rozith,Vifas,0.0000,0.0000,0.0000,
Sergel,Vifas,0.0000,0.0000,0.0000,
Tamen,Vifas,0.0000,0.0000,0.0000,
Telfast,Zithrin,0.0000,0.0000,0.0000,
